Comune;Provincia;Nome Museo/Parco archeologico;Indirizzo;Numero civico;Cap;Proprieta;Sito web;Indirizzo email;Numeri di telefono;Numero Fax;Telefono prenotazione;Indirizzo email prenotazione;Stato scheda;Note
Allerona;TR;Mostra permanente dei Pugnaloni;Via Roma;5;5011;Comune di Allerona (TR);;info@comune.allerona.tr.it;0763 628312;0763 628117;;;P;
Allerona;TR;Museo dei Cicli geologici;Piazza A. Lupi;52;5011;Comune di Allerona (TR);;museo.allerona@libero.it;0763 628312;0763 628117;;;P;
Alviano;TR;Musei del Castello di Alviano;Piazza Bartolomeo d'Alviano;10;5020;Comune di Alviano (TR);www.sistemamuseo.it;alviano@sistemamuseo.it;0744 905028;0744 905028;infoline 199 151 123, prenotazioni didattiche 800 96 19 93;;P;
Amelia;TR;Cisterne romane;Piazza Matteotti;;5022;Comune di Amelia (TR);www.ameliasotterranea.it|www.ameliasotterranea.it;info@ameliasotterranea.it;0744 978436;;;;P;
Amelia;TR;Museo Civico Archeologico e Pinacoteca 'Edilberto Rosa';Piazza A. Vera;10;5022;Comune di Amelia (TR);www.sistemamuseo.it|www.sistemamuseo.it;amelia@sistemamuseo.it;0744 978120;;infoline 199 151 123, prenotazioni didattiche 800 96 19 93;;P;
Assisi;PG;Foro romano e collezione archeologica;Via Portica;2;6081;Comune di Assisi (PG);;info@assisisi.com;075 8155077;075 8155234;infoline 199 151 123, prenotazioni didattiche 800 96 19 93;;P;
Assisi;PG;Galleria d'arte contemporanea della Pro Civitate Christiana;Via Ancajani;3;6081;Pro Civitate Christiana;www.procivitate.assisi.museum|www.procivitate.assisi.museum;galleria@cittadella.org;075 813231;075 812445;;;P;
Assisi;PG;Laboratorio ecologico di Geo-paleontologia;LocalitÃ  CÃ  Piombino;;6081;ComunitÃ  Montana del Monte Subasio;www.gumpassisi.it|www.gumpassisi.it;foxilgump@libero.it;075 8155290;;3385664463;;P;
Assisi;PG;Mostra permanente degli antichi mestieri e della civiltÃ  contadina;Loc. Pian della Pieve;55;6081;Fortini Ulderico;www.agriturismocasanuova.it|www.agriturismocasanuova.it;info@agriturismocasanuova.it;075 802145;075 802145;339 3012799;;P;
Assisi;PG;MUMA Museo Missionario Indios;Via San Francesco;19/D;6081;Curia Provinciale Cappuccini Umbri;www.mumamuseo.it|www.mumamuseo.it;info@mumamuseo.it;075 812480;075 8197371;;;P;
Assisi;PG;Museo del Tesoro della Basilica di San Francesco e Collezione Perkins;Piazza inferiore San Francesco;2;6081;Basilica di S. Francesco;;museosc@gmail.com;075 819001;075 8190035;;;P;
Assisi;PG;Museo della Porziuncola;Piazza della Porziuncola, Santa Maria degli Angeli;2;6081;Ordine dei Frati minori di Assisi;www.porziuncola.org|www.porziuncola.org;museoporziuncola@assisiofm.org;075 8051419;075 8051418;;;P;
Assisi;PG;Museo delle arti e mestieri, della casa e della civiltÃ  popolare;Via San Francesco;15;6081;Costantini Alessio;www.museoartiemestieri.umbria.it|www.museoartiemestieri.umbria.it;cristianacos@gmail.com;330 650743;075 816500;;;P;
Assisi;PG;Museo di San Pietro e cripta di San Vittorino;Piazza San Pietro;1/B;6081;Diocesi di Assisi-Nocera Umbra-Gualdo Tadino;www.museiecclesiastici.it|www.museiecclesiastici.it;museodisanpietro@libero.it;075 812311;;;;P;momentaneamente chiuso
Assisi;PG;Bosco di San Francesco;Piazza Superiore di San Francesco;;6081;FAI;www.visitfai.it/boscodisanfrancesco;faiboscoassisi@fondoambiente.it;075 813157;075 8198638;;;P;
Assisi;PG;Museo diocesano e cripta di San Rufino;Piazza San Rufino;3;6081;Capitolo della Cattedrale di Assisi;www.assisimuseodiocesano.com|www.assisimuseodiocesano.com;info@assisimuseodiocesano.com;075 812712;075 812712;;;P;
Assisi;PG;Pinacoteca comunale;Via San Francesco;12;6081;Comune di Assisi (PG);;info@assisisi.com;075 8155234;075 8155234;infoline 199 151 123, prenotazioni didattiche 800 96 19 93;;P;
Assisi;PG;Rocca Maggiore;Piazzale delle LibertÃ  Comunali;;6081;Comune di Assisi (PG);;info@assisisi.com;328 3840669;075 8155234;infoline 199 151 123, prenotazioni didattiche 800 96 19 93;;P;
Assisi;PG;Domus romane di Properzio e del Lararium;Piazza del Vescovado + Via Sant'antonio;;6081;Soprintendenza Archeologia dell'Umbriai Assisi (PG);;assisi@sistemamuseo.it;075. 8138680;;infoline 199 151 123, prenotazioni didattiche 800 96 19 93;callcenter@sistemamuseo.it;P;
Avigliano Umbro;TR;Centro di Paleontologia vegetale della foresta fossile di Dunarobba;Vocabolo Pennicchia, localitÃ  Dunarobba;46;5020;Comune di Avigliano Umbro (TR);www.forestafossile.it|www.forestafossile.it;forestafossile@kairos.tr.it;0744 940348;0744 940348;0744 940348;;P;
Baschi;TR;Antiquarium comunale;Piazza del Comune;1;5023;Comune di Baschi (TR);;baschi@sistemamuseo.it;0744 957695;0744 957695;infoline 199 151 123, prenotazioni didattiche 800 96 19 93;;P;
Baschi;TR;Area archeologica di Scoppieto;LocalitÃ  Scoppieto di Baschi;;5023;Comune di Baschi (TR);;baschi@sistemamuseo.it;0744 957695;0744 957695;infoline 199 151 123;;P;
Baschi;TR;Museo Ovoteca;Piazza Mazzini - localitÃ  Civitella del Lago;9;5023;Associazione culturale Ovopinto;www.ovopinto.it|www.ovopinto.it;info@ovopinto.it;340 8995074;;;;P;
Bettona;PG;Museo della cittÃ ;Piazza Cavour;3;6084;Comune di Bettona (PG);;museobettona@gmail.com;075 987306;075 987306;infoline 199 151 123, prenotazioni didattiche 800 96 19 93;;P;
Bevagna;PG;Mosaico delle Terme romane;Via Guelfa;2A;6031;Soprintendenza per i Beni Archeologici dell'Umbria;;bevagna@sistemamuseo.it;0742 360031;0742 360031;infoline 199 151 123, prenotazioni didattiche 800 96 19 93;;P;
Bevagna;PG;Museo civico;Corso Matteotti;70;6031;Comune di Bevagna (PG);;bevagna@sistemamuseo.it;0742 360031;0742 360031;infoline 199 151 123, prenotazioni didattiche 800 96 19 93;;P;
Calvi dell'Umbria;TR;Museo del Monastero delle Orsoline;Via Daniele Radici;2A;5032;Comune di Calvi dell'Umbria (TR);www.comunecalvidellumbria.tr.it;info@comunecalvidellumbria.tr.it;0744 710119;0744 710119;infoline 199 151 123, prenotazioni didattiche 800 96 19 93;;P;
Campello sul Clitunno;PG;Tempietto sul Clitunno;Strada Provinciale Flaminia, Km 139;;6042;Soprintendenza per i Beni Storici Artistici ed Etnoantropologici dell'Umbria;;sba-umb@beniculturali.it;0743 275085;;;;P;
Cannara;PG;Museo della cittÃ  e del territorio;Via del Convitto;;6033;Comune di Cannara (PG);;segreteria@comune.cannara.pg.it;0742 731811;0742 731815;;;P;
Cascia;PG;Chiesa-museo di Sant'Antonio Abate;Via Porta Leonina;;6043;Comune di Cascia (PG);;palazzosanti@libero.it;0743 753055;0743 751010;infoline 199 151 123, prenotazioni didattiche 800 96 19 93;;P;
Cascia;PG;Museo comunale di Palazzo Santi;Via Gaetano Palombi;;6043;Comune di Cascia (PG);;palazzosanti@libero.it;0743 751010;0743 751010;infoline 199 151 123, prenotazioni didattiche 800 96 19 93;;P;
Castel Viscardo;TR;Centro di documentazione delle terrecotte;Via Cavour;;5014;Comune di Castel Viscardo (TR);;info@tuttinterra.com;0763 831075;0763 361621;0763 361010;;P;
Castel Viscardo;TR;Necropoli di Caldane;LocalitÃ  Caldane;;5014;Comune di Castel Viscardo (TR);;info@comune.castelviscardo.tr.it;0763 361010;0763 361621;;;P;
Castiglione del Lago;PG;Circuito museale aperto: Palazzo della Corgna e Fortezza Medievale;Piazza Antonio Gramsci;1;6061;Comune di Castiglione del Lago (PG);www.comune.castiglione-del-lago.pg.it;cooplagodarte@gmail.com;075 951099;;;;P;
Cerreto di Spoleto;PG;Centro di documentazione B. Vincenzi - Museo delle Mummie di Borgo Cerreto;;;6041;Comune di Cerreto di Spoleto (PG);;;;;;info@dimensionenatura.net;P;
CittÃ  della Pieve;PG;Il Giardino dei Lauri;LocalitÃ  San Litardo;36;6062;Lauro Angela e Massimo;www.ilgiardinodeilauri.it|www.ilgiardinodeilauri.it;info@ilgiardinodeilauri.it;3486081926;;;;P;
CittÃ  della Pieve;PG;Museo Civico - Diocesano  ex Chiesa di Santa Maria dei Servi;Via Piave;;6062;Comune di CittÃ  della Pieve (PG);www.visitcittadellapieve.logspot.it;visitcittadellapieve@gmail.com;0578 299375;;;;P;
CittÃ  della Pieve;PG;Museo di Storia naturale e del territorio 'A.Verri' - Palazzo della Corgna;Piazza Gramsci;;6062;Comune di CittÃ  della Pieve (PG);;visitcittadellapieve@gmail.com;0578 299375;;;;P;
CittÃ  della Pieve;PG;Oratorio di Santa Maria dei Bianchi;via del Casalino;;6062;Diocesi di Perugia e CittÃ  della Pieve;www.visitcittadellapieve.logspot.it;visitcittadellapieve@gmail.com;;;;;P;
CittÃ  della Pieve;PG;Raccolta d'arte della cattedrale;Piazza Gramsci;4;6062;Diocesi di Perugia e CittÃ  della Pieve;;aldogat@tiscali.it;0578 299234;;;;P;
CittÃ  di Castello;PG;Campanile cilindrico;Via del Modello;;6012;Diocesi di CittÃ  di Castello;www.museoduomocdc.it|www.museoduomocdc.it;museoduomo@tiscali.it;075 8554705;;;;P;
CittÃ  di Castello;PG;Centro delle tradizioni popolari 'Livio Dalla Ragione';LocalitÃ  Garavelle;2;6012;Fondazione Cassa di Risparmio di CittÃ  di Castello;;garavelle@live.it;075 8552119;075 8557574;;;P;
CittÃ  di Castello;PG;Centro di documentazione delle Arti grafiche 'Grifani-Donati' 1799;Corso Cavour;4;6012;Tipografia Grifani Donati S.N.C. di Ottaviani Giovanni;www.grifanidonati.it|www.grifanidonati.it;info@grifanidonati.it;075 8554349;;3333232573;;P;
CittÃ  di Castello;PG;Collezione Burri - Ex seccatoi del tabacco;Via Pierucci;;6012;Fondazione Palazzo Albizzini;www.fondazioneburri.org|www.fondazioneburri.org;museo@fondazioneburri.org;075 8554649;075 8559848;758559848;;P;
CittÃ  di Castello;PG;Collezione Burri - Palazzo Albizzini;Via Albizzini;1;6012;Fondazione Palazzo Albizzini;www.fondazioneburri.org|www.fondazioneburri.org;museo@fondazioneburri.org;075 8554649;075 8559848;758559848;;P;
CittÃ  di Castello;PG;Collezione tessile di 'Tela Umbra';Via Sant'Antonio;3;6012;Tela Umbra Soc. Coop.A R.L;www.telaumbra.com;info@telaumbra.it;075 8554337;075 8524042;infoline 199 151 123, prenotazioni didattiche 800 96 19 93;;P;
CittÃ  di Castello;PG;Museo del Duomo;Piazza Gabriotti;3/A;6012;Diocesi di CittÃ  di Castello;www.museoduomocdc.it|www.museoduomocdc.it;museoduomo@tiscali.it;075 8554705;075 8554705;;;P;
CittÃ  di Castello;PG;Oratorio di San Crescentino;LocalitÃ  Morra;;6012;Diocesi di CittÃ  di Castello;www.museoduomocdc.it|www.museoduomocdc.it;museoduomo@tiscali.it;075 8554705;075 8554705;;;P;
CittÃ  di Castello;PG;Pinacoteca comunale;Via della Cannoniera;22/A;6012;Comune di CittÃ  di Castello (PG);;cultura@ilpoliedro.org;075 8520656;075 8554202;;;P;
CittÃ  di Castello;PG;Raccolta fermodellistica 'Gioacchino Capelletti';LocalitÃ  Garavelle;2;6012;Fondazione Cassa di Risparmio di CittÃ  di Castello;;;075 8552119;075 8557574;;;P;
CittÃ  di Castello;PG;Botteghe artigiane in miniatura;Piazza Matteotti;;6012;Bambini Silvio;;;075 8557698;;;;P;
Corciano;PG;Antiquarium;Via Cornaletto;4/C;6073;Comune di Corciano (PG);info@promozionecorciano.it;cultura@comune.corciano.pg.it;075 5188255;075 5188237;;;P;
Corciano;PG;Chiesa-Museo di San Francesco;via del Serraglio;;6073;Comune di Corciano (PG);;cultura@comune.corciano.pg.it;075 5188255;;075 5188255;;P;
Corciano;PG;Museo della casa contadina;Via Tarragone;12;6073;Comune di Corciano (PG);www.comune.corciano.pg.it|www.comune.corciano.pg.it;cultura@comune.corciano.pg.it;075 5188255;;;;P;
Corciano;PG;Museo della Pievania 'Giuseppe Laudati';Via Tarragone;;6073;Diocesi di Perugia e CittÃ  della Pieve;www.comune.corciano.pg.it|www.comune.corciano.pg.it;cultura@comune.corciano.pg.it;075 5188255;075 5188237;;;P;
Corciano;PG;Museo diocesano diffuso di Pieve del Vescovo;Via Bonciari - LocalitÃ  Migiana di Corciano;;6073;Diocesi di Perugia e CittÃ  della Pieve;www.comune.corciano.pg.it;cultura@comune.corciano.pg.it;075 5188255;;;;P;
Corciano;PG;Necropoli etrusca di Strozzacapponi;LocalitÃ  Strozzacapponi - Via Einaudi;;6073;Comune di Corciano (PG);;cultura@comune.corciano.pg.it;075 5188255;;;;P;
Costacciaro;PG;Antico frantoio dell'olio;Via Massarelli;;6021;Comune di Costacciaro (PG);www.comunecostacciaro.it|www.comunecostacciaro.it;info.segreteria@comunecostacciaro.it;075 9172723;;329 3815588;;P;
Costacciaro;PG;Museo-laboratorio del Parco del Monte Cucco;Corso Mazzini;7;6021;Comune di Costacciaro (PG);www.comunecostacciaro.it|www.comunecostacciaro.it;info.segreteria@comunecostacciaro.it;075 9172723;;329 3815588;;P;
Deruta;PG;Fondazione ceramica contemporanea d'autore 'Alviero Moretti';L'Antica Deruta. Fabbrica Maioliche d'Arte SS. E 45 - Km 73;;6053;Fondazione Ceramica contemporanea d'autore 'Alviero Moretti';;anticaderuta@anticaderuta.com;075 9711171;075 9711023;;;P;
Deruta;PG;Galleria di storia naturale dell'UniversitÃ  degli Studi di Perugia;LocalitÃ  Casalina;;6053;UniversitÃ  degli Studi di Perugia;;cams1@unipg.it;075 585 6432;;;;P;
Deruta;PG;Laboratorio di Storia dell'Agricoltura;Via del Risorgimento - Manifattura ex Tabacchi Località Casalina;;6053;UniversitÃ  degli Studi di Perugia;www.unipg.it|www.unipg.it;marco.maovaz@unipg.it;;;3202223164;;P;
Deruta;PG;Museo di fabbrica 'Ubaldo Grazia Maioliche';Via Tiberina;181;6053;Fabbrica di Maioliche U. Grazia;www.ubaldograzia.com|www.ubaldograzia.com;ubaldograzia@ubaldograzia.com;075 9710201;;;;P;
Deruta;PG;Museo Regionale della Ceramica;Largo San Francesco;;6053;Comune di Deruta (PG);www.sistemamuseo.it|www.sistemamuseo.it;deruta@sistemamuseo.it;075 9711000;;;;P;
Deruta;PG;Pinacoteca comunale;Piazza dei Consoli;15;6053;Comune di Deruta (PG);www.sistemamuseo.it|www.sistemamuseo.it;deruta@sistemamuseo.it;075 9711000;;;;P;
Deruta;PG;Santuario della Madonna dei Bagni;LocalitÃ  Madonna dei Bagni - Casalina;1;6053;Diocesi di Perugia e CittÃ  della Pieve;;;075 973455;;;;P;
Ferentillo;TR;Chiesa Abbazia di San Pietro in Valle;Via dell'Abbazia;;5034;Parrocchia di Santa Maria di Ferentillo;www.mummiediferentillo.it;;328 6864226;;;;P;
Ferentillo;TR;Cimitero-Museo 'Le Mummie di Ferentillo';Precetto - Via della Torre;;5034;Chiesa di Santo Stefano, Ferentillo (TR);;mummie@libero.it;335 6543008;;;;P;
Foligno;PG;Centro italiano d'Arte Contemporanea (CIAC) + Ex Chiesa SS Trinità;Via del Campanile + via garibaldi;153/a;6034;Comune di Foligno (PG);www.centroitalianoartecontemporanea.com|www.centroitalianoartecontemporanea.com;info@centroitalianoartecontemporanea.it;0742 357035;0742 357035;;;P;
Foligno;PG;Museo naturalistico del Parco di Colfiorito;Via Adriatica - Loc.Colfiorito;;6034;Comune di Foligno (PG);www.parks.it|www.parks.it;parcocolfiorito@tiscali.it;0742 681011;0742 681011;;;P;
Foligno;PG;Museo archeologico Colfiorito (MAC);Le Casermette'- via Adriatica- localitÃ  Colfiorito;;6034;Comune di Foligno (PG);www.comune.foligno.pg.it;museotrinci@comune.foligno.pg.it;0742 681198;0742 340496;;;P;
Foligno;PG;Museo capitolare diocesano;Largo Carducci;;6034;Diocesi di Foligno;;DIOCES4c@museodiocesanofoligno.191.it;0742 261417;;;;P;
Foligno;PG;Museo della cittÃ  di Palazzo Trinci;Piazza della Repubblica;;6034;Comune di Foligno (PG);;museotrinci@comune.foligno.pg.it;0742 330584;0742 330599;;;P;
Foligno;PG;Museo della Nunziatella;Via dell'Annunziata;;6034;Comune di Foligno (PG);www.comune.foligno.pg.it;museotrinci@comune.foligno.pg.it;0742 330584;0742 330599;;;P;
Foligno;PG;Museo della Stampa;Piazza della Repubblica;;6034;Comune di Foligno (PG);www.comune.foligno.pg.it;museotrinci@comune.foligno.pg.it;0742 330343;0742 330599;;;P;
Fossato di Vico;PG;Antiquarium comunale;Via Mazzini;16;6022;Comune di Fossato di Vico (PG);;c.bagnarelli@comune.fossatodivico.pg.it;075 9149528;;;;P;
Gualdo Cattaneo;PG;Rocca Sonora;Piazza Umberto I;;6035;Comune di Gualdo Cattaneo (PG);;montefalco@sistemamuseo.it;0742 379598;;infoline 199 151 123, prenotazioni didattiche 800 96 19 93;;P;momentaneamente chiuso
Gualdo Tadino;PG;Museo civico - Rocca Flea;Via della Rocca;;6023;Comune di Gualdo Tadino (PG);www.roccaflea.com|www.roccaflea.com;info@roccaflea.com;075 916078;075 916078;;;P;
Gualdo Tadino;PG;Chiesa di San Francesco;Corso Italia;;6023;Comune di Gualdo Tadino (PG);;info@roccaflea.com;075 9142445;;;;P;
Gualdo Tadino;PG;Museo regionale dell'emigrazione 'Pietro Conti';Piazza del Soprammuro;1;6023;Associazione ONLUS Museo Regionale del'Emigrazione Pietro Conti;www.emigrazione.it|www.emigrazione.it;info@emigrazione.it;075 9142445;075 9142445;;;P;
Gualdo Tadino;PG;Museo Opificio Rubboli;Via Giuseppe Discepoli;;6023;Comune di Gualdo Tadino (PG);;rubboli@gmail.com;075 9142445;;;;P;
Gubbio;PG;Antiquarium del Teatro romano;Via del Teatro Romano;;6024;Soprintendenza per i Beni Archeologici dell'Umbria;;sba-umb@beniculturali.it;075 9220992;075 5728651;;;P;
Gubbio;PG;Museo civico Palazzo dei Consoli;Piazza Grande;1;6024;Comune di Gubbio (PG);;serviziculturali@comune.gubbio.pg.it;075 9274298;075 9274298;;;P;
Gubbio;PG;Museo della Maiolica a lustro;Via Dante;24;6024;Comune di Gubbio (PG);www.museoportaromana.it|www.museoportaromana.it;museoportaromana@gmail.com;075 9221199;075 9221199;;;P;
Gubbio;PG;Museo di palazzo Ducale;Via della Cattedrale;1;6024;Soprintendenza per i Beni Storici Artistici ed Etnoantropologici dell'Umbria;www.madgubbio.it|www.madgubbio.it;info@madgubbio.it;075 9275872;075 9275872;;;P;
Gubbio;PG;Museo diocesano;Via Federico da Montefeltro;22;6024;Capitolo dei Canonici della Cattedrale di Gubbio;www.museogubbio.it|www.museogubbio.it;info@museogubbio.it;075 9220904;;;;P;
Gubbio;PG;Raccolta delle Memorie Ubaldiane;Convento di Sant'Ubaldo - V. M.Te Ingino;5;6024;Comune di Gubbio (PG);www.basilicasantubaldo.it|www.basilicasantubaldo.it;basilicasantubaldo@libero.it;075 9273872;;;;P;
Gubbio;PG;Teatro romano;Via del Teatro Romano;;6024;Soprintendenza per i Beni Archeologici dell'Umbria;;sba-umb@beniculturali.it;075 9220992;075 5728651;;;P;
Lugnano in Teverina;PG;Museo Civico;Via Umberto I;36;5020;Comune di Lugnano in Teverina (TR);;lugnano.segreteria@libero.it;0744 902321;0744 902321;infoline 199 151 123, prenotazioni didattiche 800 961993.;;P;
Magione;PG;Museo della pesca del Lago Trasimeno;Loc. San Feliciano, Via Lungolago della Pace e del Lavoro;20;6063;Comune di Magione (PG);www.magionecultura.it;museodellapesca@tiscali.it;075 8479261;075 8479261;infoline 199 151 123, prenotazioni didattiche 800 961993;;P;
Magione;PG;Torre dei Lambardi;Via della Torre;1;6063;Comune di Magione (PG);www.magionecultura.it;torredeilambardi@libero.it;075 8473078;075 8479261;infoline 199 151 123, prenotazioni didattiche 800 96 19 93;;P;
Marsciano;PG;Museo dinamico del laterizio e delle terrecotte;Piazzetta San Giovanni;;6055;Comune di Marsciano (PG);www.supermuseolaterizio.it|www.supermuseolaterizio.it;museo@comune.marsciano.pg.it;075 8741152;;;;P;
Massa Martana;PG;Catacomba di Villa San Faustino;Vocabolo Schiaccia;84;6056;Comune di Massa Martana (PG);;biblioteca@comune.massamartana.pg.it;075 889371;;;;P;
Massa Martana;PG;Centro documentazione Monti Martani;Viale della Pace;87;6056;Comune di Massa Martana (PG);;biblioteca@comune.massamartana.pg.it;075 889371;;347 8487128;;P;
Monte Castello di Vibio;PG;Torre di Porta Maggio;Via Regina Margherita;;6057;Comune di Monte Castello di Vibio (PG);;segreteria@montecastellovibio.pg.it;075 8780218;;;;P;
Monte Santa Maria Tiberina;PG;Palazzo Museo Bourbon del Monte;Piazza Castello;1;;Comune di Santa Maria Tiberina (PG);;info@montesantamariatiberina.org;075 8571003/4;;;;P;
Montecastrilli;TR;Mostra permanente di arnesi e strumenti della civiltÃ  contadina;Via delle Rose, Loc. Castel dell'Aquila;;5026;Circolo culturale don Vincenzo Luchetti di Montecastrilli (TR);;;0744 935114;;;;P;
Montecchio;TR;Antiquarium comunale;Via del Barracano, LocalitÃ  Tenaglie;1;5020;Comune di Montecchio (TR);www.sistemamuseo.it;montecchio@sistemamuseo.it;0744 951698;0744 951698;Infoline 199 151 123, prenotazioni didattiche 800 96 19 93;;P;
Montecchio;TR;Necropoli umbro-etrusca del Vallone San Lorenzo;Loc.Copio;1;5020;Comune di Montecchio (TR);;montecchio@sistemamuseo.it;0744 951698;0744 951698;infoline 199 151 123, prenotazioni didattiche 800 96 19 93;;P;
Montefalco;PG;Complesso museale di San Francesco;Via Ringhiera Umbra;6;6036;Comune di Montefalco (PG);www.montefalcodoc.it;montefalco@sistemamuseo.it;0742 379598;0742 379598;infoline 199 151 123, prenotazioni didattiche 800961993;;P;
Montegabbione;TR;Convento della Scarzuola e CittÃ  Buzziana;Montegiove;;5010;Solari Marco;www.tuttiinterra.com;;0763 831075;0763 837463;;;P;
Monteleone d'Orvieto;TR;Centro documentazione di arte musicale 'Attilio Parelli';Piazza del Municipio;;5017;Comune di Monteleone d'Orvieto (TR);;comune@comune.monteleone.tr.it;0763 834021;0763 834280;;;P;
Montone;PG;Complesso museale di San Francesco;Via San Francesco;5;6014;Comune di Montone (PG);;montone@sistemamuseo.it;075 9306535;075 9306535;;;P;
Narni;TR;Museo della cittÃ  in Palazzo Eroli;Via Aurelio Saffi;1;5035;Comune di Narni (TR);;narni@sistemamuseo.it;0744 717117;0744 747269;nfoline 199 151 123, prenotazioni didattiche 800 96 19 93;;P;
Narni;TR;Narni sotterranea;Via San Bernardo;12;5035;Comune di Narni (TR);www.narnisotterranea.it|www.narnisotterranea.it;info@narnisotterranea.it;0744 722292;;;;P;
Narni;TR;Rocca Albornoziana;via Feronia;1;5035;Comune di Narni (TR);www.roccadinarni.it;narni@sistemamuseo.it;342 6157875;;biglietti infoline 199 151 123;;P;
Nocera Umbra;PG;Museo archeologico e centro di documentazione siti territoriali;Via San Rinaldo;7;6025;Comune di Nocera Umbra (PG);www.comune.noceraumbra.pg.it|www.comune.noceraumbra.pg.it;museinoceraumbra@gmail.com;333 2852940;0742 834025;349.8739373 , 333 2852940;;P;
Nocera Umbra;PG;Museo civico di San Francesco;Piazza Caprera;;6025;Comune di Nocera Umbra (PG);www.comune.noceraumbra.pg.it|www.comune.noceraumbra.pg.it;museinoceraumbra@gmail.com;333 2852940;0742 818640;349.8739373, 333.2852940;;P;
Nocera Umbra;PG;Torre dei Trinci;Via Sana Rinaldo;;6025;Comune di Nocera Umbra (PG);www.comune.noceraumbra.pg.it|www.comune.noceraumbra.pg.it;museinoceraumbra@gmail.com;0742 834011;;;;P;
Norcia;PG;Mostra archeologica permanente presso il Criptoportico romano di porta Ascolana;Via Roma;36;6046;Comune di Norcia (PG);www.comune.norcia.pg.it;circuitomusealenursino@comune.norcia.pg.it;0743 828711;0743 817030;0743.82711 (int. 0-303);;P;
Norcia;PG;Museo civico e diocesano 'La Castellina';Piazza San Benedetto;;6046;Comune di Norcia (PG);www.comune.norcia.pg.it;circuitomusealenursino@comune.norcia.pg.it;0743 82711;0743 824919;0743.82711 (int. 0-303).;;P;
Norcia;PG;Museo dei mulini e delle marcite;LocalitÃ  Le Marcite;05-giu;6046;ComunitÃ  Montana Valnerina (PG);;info@cmvalnerina.it;0743 828911;;;;P;
Orvieto;TR;Museo 'Claudio Faina' e Museo civico;Piazza del Duomo;29;5018;Fondazione 'Claudio Faina';www.museofaina.it|www.museofaina.it;fainaorv@tin.it;0763 341511;0763 341250;;;P;
Orvieto;TR;Museo archeologico nazionale;Piazza Duomo;;5018;Soprintendenza per i Beni Archeologici dell'Umbria;www.archeopg.arti.beniculturali.it|www.archeopg.arti.beniculturali.it;sba-umb@beniculturali.it;0763 341039;0763 341039;;;P;
Orvieto;TR;Museo delle maioliche medievali e rinascimentali orvietane;Via della Cava;8;5018;Marino Marco;;museorvieto@archeoares.it;338 1336529;;;;P;
Orvieto;TR;Museo dell'Opera del Duomo (MODO);Piazza Duomo;;5018;Opera del Duomo, Orvieto (TR);www.museomodo.it|www.museomodo.it;biglietteria@operadelduomo.it;0763 343592;0763 343592;;;P;
Orvieto;TR;Museo Emilio Greco;Piazza Duomo;;5018;Comune di Orvieto (TR);www.opsm.it|www.opsm.it;opsm@operadelduomo.it;0763 342477;;;;P;
Orvieto;TR;Necropoli di Crocifisso del Tufo;Str. Statale 71 - Km 1.6 - LocalitÃ Â  Le Conce;;5018;Soprintendenza per i Beni Archeologici dell'Umbria;www.archeopg.arti.beniculturali.it|www.archeopg.arti.beniculturali.it;sba-umb@beniculturali.it;0763 343611;;;;P;
Orvieto;TR;Orvieto Underground;Piazza Duomo;23;5018;Speleotecnica s.r.l.;www.orvietounderground.it|www.orvietounderground.it;speleotecnica@libero.it;0763 344891;0763 391121;;;P;
Orvieto;TR;Pozzo della Cava;Via della Cava;28;5018;Sciarra Tersilio;www.pozzodellacava.it|www.pozzodellacava.it;info@pozzodellacava.it;0763 342373;0763 341029;;;P;
Orvieto;TR;Pozzo di San Patrizio;Viale Sangallo;;5018;Comune di Orvieto (TR);;orvieto@sistemamuseo.it;0763 343768;0763 344664;;;P;
Orvieto;TR;Torre del Moro;Corso Cavour;87;5018;Comune di Orvieto (TR);;coopcarli.torre@tiscali.it;0763 344567;0763 301596;;;P;
Otricoli;TR;Antiquarium Comunale;Via Vittorio Emanuele III;13/15;5030;Comune di Otricoli (TR);www.otricoliturismo.it|www.otricoliturismo.it;info@comune.otricoli.tr.it;0744 719628;;0744 719628  , Altro recapito 329.9482481;;P;
Otricoli;TR;Parco archeologico di Otricoli e Antiquarium di San Fulgenzio;Parco archeologico dell'antica Ocriculum;;5030;Soprintendenza per i Beni Archeologici dell'Umbria;www.otricoliturismo.it|www.otricoliturismo.it;info@otricoliturismo.it;0744 719628;;;;P;
Paciano;PG;Museo di San Giuseppe;Via della Pitalessa;;6060;Diocesi di Perugia e CittÃ  della Pieve;;;075 830430;;;;L;momentaneamente chiuso
Paciano;PG;TRASIMEMO - Banca della Memoria del Trasimeno;Via Sensini;;6060;Comune di Paciano;www.trasimemo.it;trasimemo@gmail.com;075 830340;075 830447;;;P;
Panicale;PG;Chiesa di San Sebastiano;Via Belvedere;;6064;Comune di Panicale (PG);;info@panicaleturismo.it;075 837319;;;;P;
Panicale;PG;Museo del Tulle 'Anita Belleschi Grifoni';Piazza Regina Margherita;5/A;6064;Comune di Panicale (PG);;info@panicaleturismo.it;075 837951;;;;P;
Panicale;PG;Museo della Madonna della Sbarra;Via Roma;;6064;Comune di Panicale (PG);;info@panicaleturismo.it;075 837319;;;;P;
Panicale;PG;Pinacoteca Mariottini;Via Pietro Vannucci;1;6064;Comune di Panicale (PG);;info@comune.panicale.pg.it;075 8379531;;;;P;
Parrano;TR;Centro di documentazione territoriale e Tane del Diavolo;Viale della Stazione;1;5010;Comune di Parrano (TR);www.parrano.it|www.parrano.it;comparrano@virgilio.it;0763 838001;0763 838520;333.97 52 738, 0763 838001;;P;
Passignano sul Trasimeno;PG;Centro di documentazione Imbarcazioni tradizionali delle acque interne italiane;Rocca medievale;;6065;Comune di Passignano sul Trasimeno (PG);;info@comune.passignano-sul-trasimeno.pg.it;075 829801;;;;P;
Perugia;PG;Cappella di San Severo;Piazza Raffaello;13;6121;Comune di Perugia (PG);;sansevero@sistemamuseo.it;075 5733864;;infoline 199 151 123, prenotazioni didattiche 800 96 19 93;;P;
Perugia;PG;Casa-museo di palazzo Sorbello;Piazza Piccinino;9;;Uguccione Ranieri di Sorbello Fondation (PG);www.casamuseosorbello.org;promoter@fondazioneranieri.org;075 5732775;075 5724869;;;P;
Perugia;PG;Centro di documentazione della civiltÃ  lungo il Tevere;Loc. Ramazzano, Strada Palazzetta;1;6121;Comune di Perugia (PG);;a.ciarapica@comune.pg.it;075 5772523;;;;P;
Perugia;PG;Centro Studi Americanistici Circolo Amerindiano;Via Guardabassi;10;6121;-0;www.amerindiano.org|http://www.amerindiano.org;info@amerindiano.org;075 5720716;;;;P;
Perugia;PG;Fuseum;Strada dei Cappuccini;;6121;Comune di Perugia (PG);www.fuseum.eu|www.fuseum.eu;info@fuseum.eu;349 5774738;;;;P;
Perugia;PG;Galleria Nazionale dell'Umbria;Corso Vannucci;16;6121;Soprintendenza per i Beni Storici Artistici ed Etnoantropologici dell'Umbria;www.gallerianazionaleumbria.it|www.gallerianazionaleumbria.it;gallerianazionaleumbria@beniculturali.it;075 58668410;075 5721009;infoline 199 151 123, prenotazioni didattiche 800 96 19 93;;P;
Perugia;PG;Ipogeo di San Manno;via San Manno - LocalitÃ  Ferro di Cavallo;;6121;Soprintendenza per i Beni Archeologici dell'Umbria;;;075 5057190;;075 5057190;;P;
Perugia;PG;Laboratorio di tessitura artistica a mano 'Giuditta Brozzetti';Via Tiberio Berardi;05-giu;6121;Giuditta Brozzetti Soc. Coop. A R.L. (PG);www.brozzetti.com|www.brozzetti.com;email@brozzetti.com;075 40236;075 41656;;;P;
Perugia;PG;Mosaico di Santa Elisabetta;Via Pascoli;;6121;Soprintendenza per i Beni Storici Artistici ed Etnoantropologici dell'Umbria;;;075 585552;;;;P;
Perugia;PG;Museo 'Studio di vetrate artistiche Moretti Caselli';Via Fatebenefratelli;2;6121;Forenza Maddalena;www.studiomoretticaselli.it|www.studiomoretticaselli.it;info@studiomoretticaselli.it;075 5720017;075 9660807;347 5980925;;P;
Perugia;PG;Museo archeologico nazionale dell'Umbria;Piazza Giordano Bruno;10;6121;Soprintendenza per i Beni Archeologici dell'Umbria;www.archeopg.arti.beniculturali.it|www.archeopg.arti.beniculturali.it;sba-umb@beniculturali.it;075 5727141;075 5728651;;;P;
Perugia;PG;Museo del Capitolo della Cattedrale di San Lorenzo (+ area archeologica);Piazza IV Novembre;;6121;Capitolo della Cattedrale di San Lorenzo, Perugia;www.museiecclesiastici.it|www.museiecclesiastici.it;museo@diocesi.perugia.it;075 5724853;075 5737420;;;P;
Perugia;PG;Museo del gioco e del giocattolo;Strada Palazzetta 1;17;6121;Zeetti Luciano;www.museodeigiocattoli.it|www.museodeigiocattoli.it;museodelgiocattolo.perugia@gmail.com;075 5732421;;;;P;
Perugia;PG;Museo dellâ€™Accademia di Belle Arti;Piazza San Francesco al Prato;;;Accademia di Belle Arti di Perugia;www.abaperugia.org/|http://www.abaperugia.org/;biblioteca@abaperugia.org;;;;;P;
Perugia;PG;Museo delle acque;Conservoni di Monte Pacciano;;6121;Comune di Perugia (PG);www.perugiacittamuseo.it|www.perugiacittamuseo.it;perugia@sistemamuseo.it;075 5716233;;;;P;
Perugia;PG;Museo delle porte e delle mura urbiche;Corso Garibaldi;;6121;Comune di Perugia (PG);www.perugiacittamuseo.it;perugia@sistemamuseo.it;075 41670;;;;P;
Perugia;PG;Museo di palazzo della Penna;Via Podiani;11;6121;Comune di Perugia (PG);;palazzopenna@sistemamuseo.it;075 5716233;075 5772831;;;P;
Perugia;PG;Museo storico della Perugina;Viale San Sisto;207/C;6121;NestlÃ©;www.perugina.it|www.perugina.it;cristina.mencaroni@it.nestle.com;075 5276796;075 5276631;;;P;
Perugia;PG;Necropoli del Palazzone e Ipogeo dei Volumni;Via Assisana - Ponte San Giovanni;53;6121;Soprintendenza per i Beni Archeologici dell'Umbria;www.archeopg.arti.beniculturali.it|www.archeopg.arti.beniculturali.it;sba-umb@beniculturali.it;075 393329;;;;P;
Perugia;PG;Nobile Collegio del Cambio;Corso Vannucci;25;6121;Associazione Riconosciuta Opera Pia Nobile Collegio del Cambio (PG);;collegiodelcambio@libero.it;075 5728599;;;;P;
Perugia;PG;Officina della scienza e della tecnologia (POST);Via del Melo;34;6121;Comune di Perugia (PG);www.perugiapost.it|www.perugiapost.it;info@perugiapost.it;075 5736501;075 5736524;infoline 199 151 123, prenotazioni didattiche 800 96 19 93;;P;
Perugia;PG;Palazzo Baldeschi al Corso;Corso Vannucci;66;6121;Fondazione Cassa di Risparmio di Perugia;www.fondazionecrpg.it|www.fondazionecrpg.it;info@fondazionecrpg.com;075 5734760;;;;P;
Perugia;PG;Pozzo etrusco;Piazza Danti;18;6121;Comune di Perugia (PG);www.perugiacittamuseo.it|www.perugiacittamuseo.it;pozzoetrusco@sistemamuseo.it;075 5733669;;infoline 199 151 123, prenotazioni didattiche 800 96 19 93;;P;
Perugia;PG;Sala dell'udienza del Nobile Collegio della Mercanzia;Corso Vannucci;15;6121;Associazione riconosciuta Opera Pia Nobile Collegio della Mercanzia (PG);;collegiomercanzia@libero.it;075 5730366;075 5730366;;;P;
Perugia;PG;Casa-Museo degli Oddi Marini Clarelli;Via dei Priori;84;6121;Fondazione Marini Clarelli Santi;www.fondazionemariniclarellisanti.org;info@fondazionemariniclarellisanti.org;075 5734844;075 5734844;;;P;
Piegaro;PG;Museo del vetro;via Garibaldi, 20;;6066;Comune di Piegaro (PG);www.visitpiegaro.com;museodelvetro@visitpiegaro.com;075 8358525;075 8358525;;;P;
Piegaro;PG;Museo Paleontologico 'Luigi Boldrini' di Pietrafitta;LocalitÃ  Pietrafitta;;6066;Comune di Piegaro (PG);;;075 839356;;;;P;momentaneamente chiuso
Pietralunga;PG;Museo ornitologico - naturalistico 'S. Bambini';Loc. Candeleto;;6026;ComunitÃ  Montana Alto Tevere Umbro (PG);;sportello@pietralunga.it;075 9460771;;;;P;
Polino;TR;Museo - laboratorio dell'Appennino Umbro 'Sotto - Sopra';Piazza Dante Fiorelli - Rocca di Polino;;5030;Comune di Polino (TR);;museodipolino@libero.it;0744 789262;0744 789262;infoline 199 151 123, prenotazioni didattiche 800 96 19 93;;P;
Preci;PG;Museo dell'abbazia di Sant'Eutizio;Viale dell'Abbazia,  Piedivalle;;6047;Arcidiocesi di Spoleto-Norcia (PG);www.museiecclesiastici.it|www.museiecclesiastici.it;abbaziasanteutizio@gmail.it;0743 99659;0743 99659;;;P;
San Gemini;TR;Geo-Lab - Museo laboratorio di scienze della terra;Via della Misericordia;1;5029;Comune di San Gemini (TR);www.sistemamuseo.it;geolab@sistemamuseo.it;0744 331293;0744 331293;infoline 199 151 123, prenotazioni didattiche 800 96 19 93;;P;
San Gemini;TR;Museo dell'opera di Guido Calori;Via del Tribunale;54;5029;Fondazione Museo dell'Opera di Guido Calori;www.museocalori.it|www.museocalori.it;info@museocalori.it;0744 428061;0744 428061;;;P;
San Giustino;PG;Castello Bufalini;Via Largo Cruciani;;6016;Ministero per i Beni e le AttivitÃ  Culturali;;sbsae-umb@beniculturali.it;075 856115;;infoline 199 151 123, prenotazioni didattiche 800 96 19 93;;P;
San Giustino;PG;Museo storico e scientifico del tabacco;Via Toscana;5/E;6016;Comune di San Giustino (PG);www.museotabacco.org|www.museotabacco.org;info@museotabacco.org;338 9904349;075 8618444;;;P;
San Giustino;PG;Stabilimento tipografico 'Pliniana';Loc. Selci Lama - Viale F. Nardi;12;6016;Stabilimento tipografico 'Pliniana'COOP S.C.R.L.;;pliniana.amm@libero.it;075 8582115;075 8583932;;;P;
San Giustino;PG;Villa Magherini Graziani e Museo archeologico della Villa di Plinio Il Giovane;Via Macchiavelli;;6016;Comune di San Giustino (PG);;sindaco@comune.sangiustino.pg.it;075 8618449;075 8618444;;;P;
San Venanzo;TR;Centro di documentazione flora e fauna del Monte Peglia;Parco dei Sette Frati - Monte Peglia;;5010;Comune di San Venanzo (TR);;info@parcovulcanologico.it;0763 831075;0763 831065;331.6742260, 0763 831075;;P;
San Venanzo;TR;Parco e museo vulcanologico di San Venanzo;Piazza Roma;1;5010;Comune di San Venanzo (TR);www.tuttinterra.com|www.tuttinterra.com;museovulcano@libero.it;075 875482;075 875482;;;L;
Sant'Anatolia di Narco;PG;Museo della Canapa - Antenna dell'Ecomuseo della Dorsale Appenninica Umbra;Piazza del Comune Vecchio;;6040;Comune di Sant'Anatolia di Narco (PG);www.museodellacanapa.it;info@museodellacanapa.it;0743 613139;0743 613148;;;P;
Spello;PG;Collezione permanente Emilio Greco;Piazza della Repubblica;10;6038;Comune di Spello (PG);www.comune.spello.pg.it|www.comune.spello.pg.it;cultura@comune.spello.pg.it;0742 300034/9;0742 300035;0742 300034/9;;P;
Spello;PG;Mosaici di Villa S. Anna;Loc. S. Anna;;6038;Comune di Spello (PG);;cultura@comune.spello.pg.it;0742 300034/9;;infoline 199 151 123, prenotazioni didattiche 800 96 19 93;;P;momentaneamente chiuso per musealizzazione
Spello;PG;Pinacoteca civica;Piazza G. Matteotti;10;6038;Comune di Spello (PG);;spello@sistemamuseo.it;0742 301497;0742 301497;nfoline 199 151 123, prenotazioni didattiche 800 96 19 93;;P;
Spoleto;PG;Casa romana;Via di Visiale;9;6049;Comune di Spoleto (PG);;spoleto@sistemamuseo.it;0743 45940;0743 234250;infoline 199 151 123, prenotazioni didattiche 800 96 19 93;;P;
Spoleto;PG;Centro visita Monteluco;LocalitÃ  Monteluco;;6049;Comune di Spoleto (PG);;antoinverni@yahoo.it;0743 56133;;335 5803533;;P;
Spoleto;PG;Laboratorio di scienze della terra - Collezione Toni;Piazzale Ermini;;6049;Comune di Spoleto (PG);www.lst-spoleto.it|www.lst-spoleto.it;info@Ist-spoleto.it;0743 225700;0743 208179;;;P;
Spoleto;PG;Museo archeologico nazionale e teatro romano;Via Sant'Agata;18/a;6049;Soprintendenza per i Beni Archeologici dell'Umbria;www.archeopg.arti.beniculturali.it|www.archeopg.arti.beniculturali.it;sba-umb@beniculturali.it;0743 223277;0743 223277;infoline 199 151 123, prenotazioni didattiche 800 96 19 93;;P;
Spoleto;PG;Museo del tessile e del costume antico;Corso Mazzini, vicolo III;;6049;Comune di Spoleto (PG);;spoleto@sistemamuseo.it;0743 45940;0743 46434;infoline 199 121 123, prenotazioni didattiche 800 96 19 93;;P;
Spoleto;PG;Museo delle miniere di Morgnano;Morgnano;;6049;Comune di Spoleto (PG);www.lst-spoleto.it/MuseoMiniere.html;info@amicidelleminiere.it;0743 225700;;;;P;
Spoleto;PG;Museo diocesano e Basilica di Sant'Eufemia;Via Aurelio Saffi;13;6049;Arcidiocesi di Spoleto-Norcia (PG);www.arcidiocesidispoletonorcia.it;museodiocesano@spoletonorcia.it;0743 231022;0743 231036;;;P;
Spoleto;PG;Museo Nazionale del Ducato di Spoleto;Piazza Campello;1;6049;Comune di Spoleto (PG);;sbsae-umb@beniculturali.it;0743 224952;0743 346434;;;P;
Spoleto;PG;Palazzo Collicola Arti Visive - Museo Carandente;Piazza Collicola;;6049;Comune di Spoleto (PG);www.palazzocollicola.it|www.palazzocollicola.it;info@palazzocollicola.it;0743 46434;0743 46434;infoline 199 151 123, prenotazioni didattiche 800 96 19 93;;P;
Spoleto;PG;Rocca Albornoziana;Piazza Campello;1;6049;Comune di Spoleto (PG);;spoleto@sistemamuseo.it;0743 224952;0743 224952;infoline 199 151 123, prenotazione didattiche 800 96 19 93;;P;
Terni;TR;Anfiteatro romano;Via dell'Anfiteatro;;5100;Comune di Terni (TR);;info@caos.museum;0744 425946;0744 471724;;;P;
Terni;TR;Centro visita e documentazione 'Umberto Ciotti' - Carsulae;LocalitÃ  Carsoli;;5100;Comune di Terni (TR);www.carsulae.it|www.carsulae.it;info@carsulae.it;0744 334133;0744 334133;infoline 199 151 123, prenotazioni didattiche 800 96 19 93;;P;
Terni;TR;Mostra permanente di paleontologia;Vico Catina;4;5100;Comune di Terni (TR);;info@caos.museum;0744 4285946;0744 438852;;;P;
Terni;TR;Museo archeologico - CAOS (CENTRO ARTI OPIFICIO SIRI);Via Campofregoso- Area Ex Siri;;5100;Comune di Terni (TR);www.caos.museum|www.caos.museum;info@caos.museum;0744 279976;;;;P;
Terni;TR;Museo d'arte moderna e contemporanea 'Aurelio De Felice' - CAOS (CENTRO ARTI OPIFICIO SIRI);Viale Campofregoso;98;5100;Comune di Terni (TR);www.caos.museum;info@caos.museum;0744 285946;;;;P;
Terni;TR;Museo del Motorismo ternano;Via Bertani;4;5100;Comune di Terni (TR);;info@motoclub-terni.it;0744 403365;0744 403365;;;P;
Terni;TR;Museo delle Armi;Via Vollusiano;1;5100;Associazione Museo delle Armi;www.museodellearmi.com|www.museodellearmi.com;info@museodellearmi.com;0744 4971;0744 497311;;;P;
Terni;TR;Museo diocesano e capitolare;Via XI Febbraio;4;5100;Diocesi di Terni-Narni-Amelia;www.diocesitna.it|www.diocesitna.it;museodiocesanoterni@libero.it;0744 546563;0744 546562;;;P;
Terni;TR;Parco Archeologico di Carsulae;LocalitÃ  Carsoli;;5100;Soprintendenza per i Beni Archeologici dell'Umbria;www.carsulae.it|www.carsulae.it;info@carsulae.it;0744 334133;0744 334133;infoline 199 151 123, prenotazioni didattiche 800 96 19 93;;P;
Todi;PG;Campanile di San Fortunato;Via San Fortunato;;6059;Comune di Todi (PG);;todi@sistemamuseo.it;075 8945311;075 8944148;infoline 199 151 123, prenotazioni didattiche 800 96 19 93;;P;
Todi;PG;Cisterne romane;Via del Monte;;6059;Comune di Todi (PG);;todi@sistemamuseo.it;075 8944148;075 8944148;infoline 199 15 123, prenotazioni didattiche 800 96 19 93;;P;
Todi;PG;Complesso delle Lucrezie e Lapidarium;Via Paolo Rolli;12;6059;Comune di Todi (PG);;museolucrezie.todi@comune.todi.pg.it;075 8944148;075 8944148;infoline 199 151 123, prenotazioni didattiche 800 96 19 93;;P;
Todi;PG;Museo archeologico e Pinacoteca comunale;Piazza del Popolo;29/30;6059;Comune di Todi (PG);;todi@sistemamuseo.it;075 8944148;075 8944148;infoline 199 151 123, prenotazioni didattiche 800 96 19 93;;P;
Todi;PG;Museo della civiltÃ  contadina;LocalitÃ  Pian di Porto - Bodoglie Alte;172;6059;Foglietti Tersilio;;;075 8989402;075 8989402;;;P;
Todi;PG;Raccolte nella cattedrale;Piazza del Popolo;;6059;Fabbriceria della Sagrestia della Cattedrale, Todi (PG);;;075 8943041;;;;P;
Torgiano;PG;Collezione Nino Caruso e Vaselle d'autore;Piazza della Repubblica;;6089;Comune di Torgiano (PG);www.versandotorgiano.it|www.versandotorgiano.it;infopoint@comune.torgiano.pg.it;075 9886020;075 982128;;;P;
Torgiano;PG;Museo del Vino Torgiano (MUVIT);Corso Vittorio Emanuele II;31;6089;Fondazione Lungarotti;www.lungarotti.it/fondazione/muvit;prenotazionimusei@lungarotti.it;075 9880200;075 9880300;;;P;
Torgiano;PG;Museo dell'olivo e dell'olio;Via Garibaldi;10;6089;Fondazione Lungarotti;www.lungarotti.it/fondazione/moo;prenotazionimusei@lungarotti.it;075 9880200;075 9880300;;;P;
Torgiano;PG;Parco di sculture di Brufa;LocalitÃ  Brufa;;6089;Comune di Torgiano (PG);;ufficio-turismo@comune.torgiano.pg.it;075 988601;075 982128;;;P;
Trevi;PG;Raccolta d'arte di San Francesco e Museo della CiviltÃ  dell'Ulivo;Largo Don Bosco;14;6039;Comune di Trevi (PG);;trevi@sistemamuseo.it;0742 381628;0742 381628;infoline 199 151 123, prenotazioni didattiche 800 96 19 93;;P;
Tuoro sul Trasimeno;PG;Centro di Documentazione dell'Isola Maggiore;Via Guglielmi;;6069;Comune di Tuoro sul Trasimeno (PG);;info@infotuoro.com;075 8254233;;;;P;
Tuoro sul Trasimeno;PG;Centro di documentazione permanente su Annibale e la battaglia del Trasimeno;Via Ritorta;1;6069;Comune di Tuoro sul Trasimeno (PG);;info@infotuoro.com;075 825220;075 825220;;;P;
Tuoro sul Trasimeno;PG;Museo all'aperto 'Campo del Sole';Loc. Punta Navaccia;;6069;Comune di Tuoro sul Trasimeno (PG);;info@infotuoro.com;075 825220;;;;P;
Tuoro sul Trasimeno;PG;Museo del Merletto;Via Guglielmi;;6069;Comune di Tuoro sul Trasimeno (PG);;info@infotuoro.com;;;;;P;
Umbertide;PG;Centro per l'arte contemporanea 'La Rocca di Umbertide';Piazza Fortebraccio;;6019;Comune di Umbertide (PG);www.comune.umbertide.it|www.comune.umbertide.it;g.violini@comune.umbertide.pg.it;075 9413691;;;;P;
Umbertide;PG;Galleria Rometti;piazza C. Marx;;6019;Finocchi Dino;;g.violini@comune.umbertide.pg.it;349 3591211;;;;P;
Umbertide;PG;Museo di Santa Croce;Piazza San Francesco;;6019;Comune di Umbertide (PG);;umbertide@sistemamuseo.it;075 9420147;075 9420147;;;P;
Vallo di Nera;PG;La casa dei racconti - antenna di vallo di nera;via della Scuola;;6040;Comune di Vallo di Nera (PG);www.comunevallodinera.pg.it|www.comunevallodinera.pg.it;amministrativa@comune.vallodinera.pg.it;0743 616143;;0743 616143;;P;
Valtopina;PG;Museo del ricamo e del tessile;via Gorizia;;6030;Comune di Valtopina (PG);www.scuoladiricamo.com|www.scuoladiricamo.com;info@comune.valtopina.pg.it;0742 74625;0742 74146;;;P;
