"Comune";"Provincia";"Statale – Non statale";"OMR";"Sistema museale territoriale";"Sistema museale urbano";"Sistema museale tematico";"Casa museo";"Q1.1_SA_DENOMINAZIONE_MUSEO_ISTITUTO";"Q1.2_SA_INDIRIZZO_MUSEO_ISTITUTO";"Q1.3_SA_LOCALITA_MUSEO_ISTITUTO";"Q1.4_SA_UBICAZIONE/EDIFICIO_MUSEO_ISTITUTO";"Cap";"Q1.8_SA_TELEFONO_MUSEO_ISTITUTO";"Q1.9_SA_FAX_MUSEO_ISTITUTO";"Q1.10_SA_EMAIL_MUSEO_ISTITUTO";"Q1.11_SA_SITO WEB_MUSEO_ISTITUTO";"Latitude";"Longitude"
"Acquapendente";"Viterbo";"Non MIBACT";"OMR";"Sistema museale del lago di Bolsena";;"RESINA";;"MUSEO DEL FIORE";"PREDIO GIARDINO; 37";"Frazione TORRE ALFINA";"-";"01021";"763733642";"763731175";"info@museodelfiore.it";"www.museodelfiore.it";"42.7477229";"11.8630202"
"Acquapendente";"Viterbo";"Non MIBACT";"OMR";"Sistema museale del lago di Bolsena";;"MUSART";;"Museo della città";"via Roma; 85";;"Palazzo Vescovile";"01021";"0763 7309205";"0763 711215";"museo.civ.dioc@comuneacquapendente.it";"www.museoacquapendente.it";"42.74277499999999";"11.869035"
"Acquapendente";"Viterbo";"Non MIBACT";"OMR";"Sistema museale del lago di Bolsena";;;;"museo della città";"piazzetta dell'orologio";;"Palazzo Monaldeschi";"01023";"0761 796914";;"info@simulabo.it";;"42.7477229";"11.8630202"
"Alatri";"Frosinone";"Non MIBACT";"OMR";;;"PROUST";;"museo civico";"corso Cavour; 3";"-";"All'interno del centro storico di Alatri";"03011";"0775459009  07754481 (Comune)";"775459009";"comune_alatri@libero.it  culturaeturismo@comune.alatri.fr.it";"-";"41.726062";"13.3437249"
"Albano Laziale";"Roma";"Non MIBACT";"OMR";"Sistema museale dei Castelli romani e prenestini MUSEUMGRANDTOUR";;;;"museo civico- ARCHEOLOGICO DI VILLA FERRAIOLI";"VIALE RISORGIMENTO; 3";"Albano";"VILLA FERRAIOLI";"00041";"69323490";"69325759";"museo@comune.albanolaziale.rm.it";"-";"41.7271471";"12.6608336"
"Allumiere";"Roma";"Non MIBACT";"OMR";;;"RESINA";;"museo civico 'ADOLFO KLITSCHE DE LA GRANGE'";"PIAZZA DELLA REPUBBLICA; 29";"Allumiere";"Palazzo della Reverenda Camera Apostolica";"00051";"766967793";"766967793";"museoallumiere@tiscali.it";"www.digilander.libero.it/museoallumiere";"42.1565471";"11.9010691"
"Amatrice";"Rieti";"Non MIBACT";"OMR";;;"MUSART";;"museo civico DI ARTE SACRA COLA FILOTESIO DI AMATRICE";"VIA COLA; 47";"AMATRICE";"-";"02012";"074683081 int 27";"746825682";"museocivico@comune.amatrice.it";"-";"42.6298728";"13.2878048"
"Anagni";"Frosinone";"Non MIBACT";;;;;;"MUSEO DEL TESORO DELLA CATTEDRALE E LAPIDARIO";"VIA LEONE XIII; 5";"-";"C/o Cattedrale di Anagni";"03012";"775728374";"7755728374";"anagnicattedrale@libero.it";"www.anagnicattedrale.org";"41.742697";"13.1622"
"Anagni";"Frosinone";"Non MIBACT";;;;;;"MOSTRA PERMANENTE 'TOMMASO GISMONDI'";"PIAZZA INNOCENZO III; 25";"-";"-";"03012";"775727856";"775727856";"-";"-";"41.742993";"13.161588"
"Anguillara Sabazia";"Roma";"Non MIBACT";;;;;;"MUSEO STORICO DELLA CIVILTA' CONTADINA E DELLA CULTURA POPOLARE 'AUGUSTO MONTORI'";"TORRE ORSINI; SNC";"Anguillara Sabazia";"Giardini del Torrione";"00061";"699608241";"69994096";"associazionesabate@tiscali.it";"www.parcodeilaghi.it/museo/visitamuseo.htm";"42.09147859999999";"12.2715458"
"Anticoli Corrado";"Roma";"Non MIBACT";;"Sistema MEDANIENE";;;;"CIVICO MUSEO D'ARTE MODERNA E CONTEMPORANEA";"PIAZZA SANTA VITTORIA; 2";"Anticoli Corrado";"Edificio";"00022";"774936657";"774936657";"museoanticoli@hotmail.it";"-";"42.01028";"12.9882"
"Antrodoco";"Rieti";"Non MIBACT";;;;;;"MUSEO STORICO MILITARE ALPINI - FORZE ARMATE - ALPINO CAV. EMANUELE GALGANI";"VIA DEL PONTE; 8";"ANTRODOCO";"PALAZZO BLASETTI";"02013";"0746-578185";"0746-578623";"culturaesport@comunediantrodoco.it";"www.comunediantrodoco.it";"42.417383";"13.080082"
"Antrodoco";"Rieti";"Non MIBACT";"OMR";;;"MUSART";;"MUSEO DELLA CITTA' LIN DELIJA E CARLO CESI";"CORSO ROMA; 9";"ANTRODOCO";"-";"02013";"746578379";"746578623";"culturaesport@comunediantrodoco.it";"www.museoantrodoco.it";"42.41733199999999";"13.07929"
"Anzio";"Roma";"Non MIBACT";;;;;;"MUSEO DELLO SBARCO DI ANZIO";"VIA DI VILLA ADELE; SNC";"Anzio";"Villa Adele";"00042";"69848059";"69848059";"info@sbarcodianzio.it";"www.sbarcodianzio.it";"41.4495955";"12.6197253"
"Anzio";"Roma";"Non MIBACT";"OMR";;;"PROUST";;"museo civico ARCHEOLOGICO";"VIA DI VILLA ADELE; 2";"Anzio";"Villa Adele";"00042";"698499479";"698499408";"museoarcheologico@comune.anzio.roma.it";"www.regione.lazio.it/musei/anzio/index.php";"41.4503517";"12.6302093"
"Aquino";"Frosinone";"Non MIBACT";"OMR";;;"PROUST";;"MUSEO DELLA CITTA'";"VIA LATINA ANTICA; SNC";"-";"-";"03031";"776729061";"0776728603 / 0776729";"museoaquino@libero.it  museoaquino@virgilio.it";"-";"41.4993641";"13.7039714"
"Arce";"Frosinone";"Non MIBACT";;;;;;"MUSEO TERRITORIALE 'GENTE DI CIOCIARIA'";"PIAZZA UMBERTO I; SNC";"-";"-";"03032";"776523171";"776524092";"info@xvcomunitamontanalazio.it";"www.xvcomunitamontanalazio.it";"41.5855679";"13.5730857"
"Arcinazzo Romano";"Roma";"Non MIBACT";"OMR";"Sistema MEDANIENE Sistema PRE.GIO";;"PROUST";;"MUSEO COMUNALE VILLA DI TRAIANO";"VIA SUBLACENSE KM 30; SNC";"ALTIPIANI DI ARCINAZZO";"-";"00020";"774808006";"774808263";"info@arcinazzo.org";"www.arcinazzo.org";"41.878652";"13.1163715"
"Arcinazzo Romano";"Roma";"Non MIBACT";;;;;;"MUSEO DELLA CULTURA CONTADINA";"VIA DEL FORNO; SNC";"-";"-";"00020";"774808006";"774808263";"info@arcinazzo.org";"-";"41.878652";"13.1163715"
"Ardea";"Roma";"MIBACT";;;;;;"Museo Giacomo Manzù";"Via Laurentina; Km 32;800";"-";"-";"00040";"069135022";"069135022";"marcella.cossu@beniculturali.it";"www.museomanzu.beniculturali.it";"41.60796910000001";"12.5432586"
"Ariccia";"Roma";"Non MIBACT";"OMR";;;;;"museo del barocco di Palazzo Chigi di Ariccia";"PIAZZA DI CORTE; 14";"-";"PALAZZO CHIGI";"00040";"69330053";"69330988";"info@palazzochigiariccia.it";"www.palazzochigiariccia.it";"41.72154440000001";"12.6722216"
"Arpino";"Frosinone";"Non MIBACT";;;;;;"MUSEO DELL'ARTE DELLA LANA";"VIA DELL'AQUILA ROMANA; SNC";"ARPINO";"EX CHIESA DI S. DOMENICO";"03033";"776649241";"776850057";"museiciviciarpino@libero.it";"www.arpinoturismo.it";"41.6451345";"13.6126251"
"Arpino";"Frosinone";"Non MIBACT";;;;;;"MUSEO DELLA LIUTERIA 'EMBERGHER-CERRONE'";"CORSO TULLIANO; 49";"ARPINO";"PALAZZO FELLUCA-MEROLLE";"03033";"776849241";"776848535";"museiciviciarpino@libero.it";"www.arpinoturismo.it";"41.6475549";"13.611157"
"Arpino";"Frosinone";"Non MIBACT";"OMR";;;;;"Museo della Fondazione “Umberto Mastroianni”";;"piazza Caduti dell'aria";"Castello Ladislao";"03033";"0776 848105";;"info@fondazionemastroianni";"www.fondazionemastroianni.it";;
"Arsoli";"Roma";"Non MIBACT";"OMR";"Sistema MEDANIENE";;"DEMOS";;"MUSEO DELLE TRADIZIONI MUSICALI";"CORSO BORGO SAN BARTOLOMEO; 63";"-";"COMPLESSO EX GRANAIO MASSIMO; PIAN TERRENO.";"00023";"774920006";"774920313";"ecomuseoarsoli@gmail.com  comune.arsolil@tiscalinet.it";"www.prolocodiarsoli.it/museo%20tradizioni%20musicali.htm";"42.0409796";"13.0192664"
"Artena";"Roma";"Non MIBACT";;;;;;"museo civico ARCHEOLOGICO 'R.LAMRECHTS'";"VIA FLEMING; 20";"-";"GRANAIO BORGHESE";"00031";"0695199051-95191074";"69515119";"servizio3@comune.artena.rm.it";"www.comune.artena.rm.it";"41.7427628";"12.9113366"
"Artena";"Roma";"Non MIBACT";"OMR";;;;;"Museo del Collegio francescano";"via del Convento 83";;"Convento di Santa Maria del Gesù";"00031";"06 951911";"06 9519408";"info@convento-francescano-artena.it";"http://beni-culturali.provincia.roma.it/content/museo-del-collegio-francescano-santa-maria-del-ges%C3%B9";"41.739118";"12.907852"
"Atina";"Frosinone";"Non MIBACT";"OMR";;;"PROUST";;"MUSEO ARCHEOLOGICO DI ATINA E DELLA VALLE DI COMINO";"VIA VITTORIO EMANUELE III; SNC";"ATINA";"EX EDIFICIO SCOLASTICO ""G. VISOCCHI"" - ATINA";"03042";"776609131";"776609131";"museo.atina@virgilio.it";"www.comune.atina.fr.it";"41.6193372";"13.8015603"
"Atina";"Frosinone";"Non MIBACT";"OMR";;;"MUSART";;"Académie Vitti";"via Sode; 180";"loc. Ponte Melfa";"casa dove vissero Maria e Giacinta Caira e Cesare Vitti";"03042";"0775 211417 - 398 8168855";;"cesare.erario@libero.it";"www.ciceroneweb.it";"41.6393746";"13.769488"
"Ausonia";"Frosinone";"Non MIBACT";"OMR";;;"DEMOS";;"MUSEO DELLA PIETRA";"VIA SAN MICHELE SNC";"centro storico";"c/o Castello Medievale";"03040";"0776-952021";"0776-953014";"comunediausonia@libero.it";"-";"41.3570246";"13.7507436"
"Bagnoregio";"Viterbo";"Non MIBACT";;;;;;"ASSOCIAZIONE STORICO CULTURALE 'PIERO TARUFFI'";"VIA FIDANZA; 55";"BAGNOREGIO";"-";"01022";"761780811";"761780811";"museotaruffi@libero.it";"www.museotaruffi.it";"42.6268278";"12.097789"
"Bagnoregio";"Viterbo";"Non MIBACT";"OMR";"Sistema museale del lago di Bolsena";;"RESINA";;"museo geologico delle frane";"piazza San Donato";"Civita di Bagnoregio";"Palazzo Alemanni";"01022";"328 6657205";;"info@museogeologicodellefrane.it";;"42.6059711";"12.1164675"
"Barbarano Romano";"Viterbo";"Non MIBACT";;;;"RESINA";;"MUSEO ETRUSCO";"PIAZZA SANT'ANGELO; 2";"-";"-";"01010";"761414531";"-";"-";"-";"42.2493916";"12.0671746"
"Bassano Romano";"Viterbo";"MIBACT";;;;;;"Villa Giustiniani Odescalchi";"Piazza Umberto I";"Centro storico";"-";"01030";"0761 636065";"0761 636065";"-";"-";"42.320723";"12.053402"
"Bassiano";"Latina";"Non MIBACT";"OMR";;;"DEMOS";;"MUSEO DELLE SCRITTURE ALDO MANUZIO";"VIA ALDO MANUZIO; 117";"Bassiano";"-";"04010";"773355013";"773355013";"mds@comune.bassiano.lt.it";"-";"41.549187";"13.03269"
"Blera";"Viterbo";"Non MIBACT";"OMR";;;"DEMOS";;"museo civico GUSTAVO VI ADOLFO DI SVEZIA - SEZIONE DEMO-ANTROPOLOGICA";"VIA UMBERTO I; SNC";"Blera";"-";"01010";"761471057";"761470566";"info_museoblera@yahoo.it";"-";"42.2759082";"12.0254639"
"Bolsena";"Viterbo";"Non MIBACT";"OMR";"Sistema museale del lago di Bolsena";;;;"MUSEO TERRITORIALE DEL LAGO DI BOLSENA";"piazza Monaldeschi";"-";"Castello";"01023";"761798630";"-";"museo@comunebolsena.it";"www.regione.lazio.it/musei/museo_bolsena/";"42.6463309";"11.9858125"
"Bolsena";"Viterbo";"MIBACT";;;;;;"Area del Foro e Domus Privatae della Città Romana di Volsinii";"Via Orvietana";"Località Poggio Moscini";"-";"01023";"-";"-";"-";"-";"42.6503548";"11.9849578"
"Bomarzo";"Viterbo";"Non MIBACT";;;;;;"PARCO DEI MOSTRI; SACRO BOSCO DI BOMARZO";"-";" GIOARDINO";"-";"01020";"761924029";"761924029";"boscosacro@interfree.it";"-";"42.48672";"12.2502796"
"Borgo Velino";"Rieti";"Non MIBACT";;;;"MUSART";;"museo civico";"PIAZZA UMBERTO I; 33";"borgo velino";"-";"02010";"746578896";"746578525";"comune.borgovelino@libero.it";"-";"42.405916";"13.058259"
"Bracciano";"Roma";"Non MIBACT";;;;;;"CASTELLO ODESCALCHI";"PIAZZA MAZZINI; 14";"-";"-";"00062";"699802379";"699802380";"castello@odescalchi.it";"-";"42.104242";"12.17703"
"Bracciano";"Roma";"Non MIBACT";"OMR";;;"MUSART";;"museo civico DI BRACCIANO";"VIA UMBERTO PRIMO; 5";"-";"-";"00062";"699805106";"699805106";"museo@comune.bracciano.rm.it";"www.regione.lazio.it/musei/bracciano/index.php";"42.10364070000001";"12.1768087"
"Bracciano";"Roma";"Non MIBACT";;;;;;"MUSEO DELL'OPERA DEL DUOMO DI S. STEFANO 'BRUNO PANUNZI'";"largo della Cattedrale";"-";"-";"00062";"3392326963";"-";"p.s.stefanobracciano@gmail.com";"www.forumclodii.org";"42.10391329999999";"12.1786837"
"Calcata";"Viterbo";"Non MIBACT";"OMR";;;"MUSART";;"OPERA BOSCO' MUSEO DI ARTE NELLA NATURA";"LOCALITA' COLLE; SNC";"-";"-";"01030";"761588048";"-";"operabosco@operabosco.eu";"www.operabosco.eu";"42.21656";"12.4211497"
"Calcata";"Viterbo";"Non MIBACT";;;;;;"MUSEO DELLA CIVILTA' CONTADINA";"via San Giovanni";"-";"C/O CHIESA DI S.GIOVANNI";"01030";"761587989";"-";"gisa.federici@libero.it";"-";"42.216552";"12.418741"
"Campagnano di Roma";"Roma";"Non MIBACT";;;;;;"museo civico ARCHEOLOGICO DI CAMPAGNANO";"CORSO VITTORIO EMANUELE II; 2";"-";"PALAZZO VENTURI";"00063";"69042924";"690159308";"d.moretti@comunecampagnano.it";"-";"42.139157";"12.3811129"
"Canepina";"Viterbo";"Non MIBACT";"OMR";;;"DEMOS";;"MUSEO DELLE TRADIZIONI POPOLARI DI CANEPINA";"LARGO MARIA DE MATTIAS; 7";"-";"EX CONVENTO DEI CARMELITANI";"01030";"761327677";"761652359";"info@cmcimini.it";"-";"42.3818609";"12.2308363"
"Canino";"Viterbo";"MIBACT";;;;;;"Tomba Francois";"Parco archeologico di Vulci";"Località Vulci";"Castello dell'Abbadia";"1011";"0761 437787";"0761 437787";"sba-em@beniculturali.it";"http://etruriameridionale.beniculturali.it";"42.419433";"11.62714"
"Canino";"Viterbo";"MIBACT";;;;;;"Museo Archeologico di Vulci";"-";"Località Vulci";"Castello dell'Abbadia";"1011";"0761 437787";"0761 437787";"sba-em@beniculturali.it";"http://etruriameridionale.beniculturali.it";"42.1526846";"9.2716979"
"Capena";"Roma";"Non MIBACT";;;;;;"museo civico TORRE DELL'OROLOGIO";"PIAZZA SAN LUCA; 1";"CAPENA";"VIA MONTEBELLO";"00060";"690376025";"69074301";"servizisociali@comunedicapena.it";"www.comunedicapena.it";"42.140007";"12.5400069"
"Capena";"Roma";"MIBACT";;;;;;"Area Archeologica di Lucus Feroniae e Museo Archeologico";"Strada Statale 3 bis Tiberina; Km 18; 500";"-";"Edificio costruito ex novo";"60";"069085173";"-";"-";"-";"42.1409078";"12.5394045"
"Capena";"Roma";"Non MIBACT";"OMR";;;"MUSART";;"Art Forum WURTH";"viale Buona Fortuna;2";"loc. Scorano";;"00060";"06 901 038 00";"06 901 034 00";"art.forum@wuerth.it";"www.artforumwuerth.it";"42.12334999999999";"12.59595"
"Capodimonte";"Viterbo";"Non MIBACT";;;;;;"MUSEO DELLA NAVIGAZIONE NELLE ACQUE INTERNE";"VIALE REGINA MARGHERITA;SNC";"capodimonte";"-";"01010";"761870043";"761871206";"comunecapodimonte@itpec.it";"www.comune.capodimonte.vt.it";"42.5496671";"11.9121837"
"Capranica";"Viterbo";"Non MIBACT";"OMR";;;;;"museo delle confraternite";"via Annibal Caro";;;"01012";"0761 6679209";"0761 6679232";"capranicasegreteria@hotmail.com";;"42.2595445";"12.1746311"
"Capranica Prenestina";"Roma";"Non MIBACT";"OMR";"Sistema PRE.GIO";;"RESINA";;"museo civico NATURALISTICO DEI MONTI PRENESTINI";"PIAZZA ARISTIDE FREZZA; 6";"-";"PALAZZO BARBERINI";"00030";"69584126";"69584337";"museo@comunecapranica.it";"www.comunecapranica.it";"41.8621223";"12.9521942"
"Caprarola";"Viterbo";"MIBACT";;;;;;"Palazzo Farnese";"Piazzale Farnese; 1";"-";"-";"1032";"0761 646052";"0761 646052";"-";"-";"42.32799";"12.23776"
"Carpineto Romano";"Roma";"Non MIBACT";"OMR";"Sistema dei Monti Lepini";;;;"MUSEO 'LA REGGIA DEI VOLSCI'";"VIA DELLA TORRE ANTICA; 4";"Carpineto romano";"-";"00032";"69717434";"697180029";"museolareggia@alternatyva.it";"-";"41.60866439999999";"13.0821906"
"Carpineto Romano";"Roma";"Non MIBACT";;;;;;"MOSTRA PERMANENTE I CIMELI DI LEONE XIII";"VIA LA ROSA; SNC";"-";"C/O CENTRO CULTURALE SAN NICOLA";"00032";"697180028";"697180029";"culturacacarpineto@carpinetoromano.it";"-";"41.60866439999999";"13.0821906"
"Cassino";"Frosinone";"Non MIBACT";;;;;;"MUSEO MULTIMEDIALE HISTORIALE DI CASSINO";"VIA SAN MARCO 23";"Cassino";"-";"03043";"776313852";"77622996";"info@museohistoriale.org";"www.museohistoriale.org";"41.4838568";"13.828683"
"Cassino";"Frosinone";"MIBACT";;;;;;"Museo Archeologico Nazionale G. Carettoni";"Via di  Montecassino; Km 1;00";"-";"-";"03043";"0776 301168";"0776 301168";"sba-laz.museocassino@beniculturali.it";"www.archeolz.arti.beniculturali.it";"41.4907889";"13.8333776"
"Cassino";"Frosinone";"Non MIBACT";"OMR";;;;;"Museo dell'Abbazia di Montecassino";;"via Montecassino";"Abbazia di Montecassino";"03043";"0776 311529";;"info@abbaziamontecassino.org";"www.abbaziamontecassino.org";;
"Castel San Pietro";"Roma";"Non MIBACT";"OMR";"Sistema PRE.GIO";;;;"museo civico";"piazza Vittorio Veneto";;"Palazzo Mocci";"00030";"06 9538481";"06 9538481";"ilbetilo@tiscali.it";"http://beni-culturali.provincia.roma.it/content/museo-civico-di-castel-san-pietro";"42.2449244";"12.6930347"
"Castelnuovo di Farfa";"Rieti";"Non MIBACT";"OMR";;;"MUSART";;"MUSEO DELL'OLIO DELLA SABINA";"VIA PERELLI; 1";"-";"PALAZZO PERELLI";"02031";"76536370";"76536370";"museoliosabina@libero.it";"-";"42.231967";"12.742877"
"Castro dei Volsci";"Frosinone";"Non MIBACT";;;;;;"museo civico ARCHEOLOGICO";"VIA ANTONINO CARNEVALE 24";"MADONNA DEL PIANO";"edificio unico ed autonomo";"03020";"775686829";"775610128";"museo_archeo@libero.it";"-";"41.5155229";"13.4022656"
"Cellere";"Viterbo";"Non MIBACT";"OMR";"Sistema museale del lago di Bolsena";;"DEMOS";;"Museo del brigantaggio";"via Marconi; 20";;"Ex mattatoio";"01010";"0761 451791 - 392 7013553";;"info@museobrigantaggiocellere.it";"www.museobrigantaggiocellere.it";"42.5101727";"11.7744435"
"Ceprano";"Frosinone";"Non MIBACT";;;;;;"PICCOLO MUSEO";"VIA MONS. PIETRO CORVI; 1";"PADRI CARMELITANI SCALZI - CEPRANO";"CONVENTO";"03024";"775914148";"775914148";"ceprano@carmelitaniroma.it";"-";"41.5443553";"13.512173"
"Ceprano";"Frosinone";"Non MIBACT";"OMR";;;;;"museo civico ARCHEOLOGICO DI GREGELLAE";"CORSO DELLA REPUBBLICA";"CEPRANO";"SEDE COMUNALE";"03024";"7759174237";"775912754";"museo.ceprano@libero.it";"-";"41.5443553";"13.512173"
"Cervara di Roma";"Roma";"Non MIBACT";"OMR";;;;;"MUSEO DELLA MONTAGNA";"VIA VERDI; SNC";"-";"-";"00020";"774828275";"774828762";"cervaradiroma.comune@virgilio.it";"-";"41.9883357";"13.0682609"
"Cervaro";"Frosinone";"Non MIBACT";;;;;;"MUSEO DELL'ARTE ORAFA";"PIAZZA COLLE; 1";"-";"-";"03044";"776367001";"776366354";"servizisociali@comune.cervaro.sr.it";"www.comune.cervaro.fr.it";"41.48895750000001";"13.8813948"
"Cerveteri";"Roma";"MIBACT";;;;;;"Museo Nazionale Archeologico Cerite";"Piazza S.Maria; s.n.c";"-";"-";"00053";"069941354";"069940001";"rita.cosentino@beniculturali.it";"htpp://etruriameridionale.beniculturali.it";"41.9501785";"12.1580896"
"Cerveteri";"Roma";"MIBACT";;;;;;"Necropoli della Banditaccia";"Piazzale Mario Moretti (già della Necropoli)";"-";"-";"00053";"069940001";"069940001";"sba-em@beniculturali.it";"htpp//:etruriameridionale.beniculturali.it";"41.99670039999999";"12.0973997"
"Città di Cave";"Roma";"Non MIBACT";"OMR";"Sistema PRE.GIO";;;;"museo civico “Città di Cave”";"via Cavour 27";;"ex Ospedale Mattei – ex Convento degli Agostiniani";"00033";"347 5438042";;"museocivicocave@gmail.com";"www.comune.cave.rm.it/joomla/index.php?option=com_content&view=article&id=106&Itemid=207&lang=it";;
"Civita Castellana";"Viterbo";"Non MIBACT";;;;;;"COMUNE DI CIVITA CASTELLANA - MUSEO DELLA CERAMICA 'CASIMIRO MARCANTONI'";"VIA A. GRAMSCI 3";"-";"Ex Chiesa di San Giorgio";"01033";"7615901";"761517253";"comune.civitacastellana@legalmail.it";"www.comune.civitacastellana.vt.it";"42.28837610000001";"12.4154127"
"Civita Castellana";"Viterbo";"MIBACT";;;;;;"Museo Archeologico dell'Agro Falisco e Forte Sangallo";"Via del Forte; snc";"-";"-";"01033";"0761 513735";"0761 513735";"-";"-";"42.2891482";"12.4143169"
"Civitavecchia";"Roma";"MIBACT";;;;;;"Museo Archeologico Nazionale";"Largo Cavour; 1";"Centro storico";"c/o ingresso area portuale";"53";"076623604";"076623604";"sba-em@beniculturali.it";"www.151.12.58.164/etruria/index.php?it/138/museo-archeologico-nazionale-di-civitavecchia";"42.0911188";"11.7927465"
"Civitavecchia";"Roma";"MIBACT";;;;;;"Terme Taurine o di Traiano";"Via delle Terme Taurine";"Località Terme Taurine - Uscita Civitavecchia Nord";"-";"53";"076623604   076620209";"076623604";"prolococivitavecchia@inwind.it";"www.prolococivitavecchia.it";"42.096476";"11.790757"
"Colle San Magno";"Frosinone";"Non MIBACT";"OMR";;;;;"museo vivo della memoria";"via Roma 66";;;"03030";"0776 560051";;"museovivodellamemoria@gmail.com";"www.museovivodellamemoria.it/";"41.5513908";"13.695498"
"Colleferro";"Roma";"Non MIBACT";"OMR";;;"PROUST";;"MUSEO ARCHEOLOGICO DEL TERRITORIO TOLERIENSE";"VIA CARPINETANA SUD; 144";"Colleferro";"-";"00034";"69781169";"69781169";"museo@comune.colleferro.rm.it";"-";;
"Collepardo";"Frosinone";"MIBACT";;;;;;"Abbazia di Trisulti";"Via Trisulti; 8";"-";"-";"03010";"077547024";"-";"-";"-";"41.76406";"13.37067"
"Cori";"Latina";"Non MIBACT";"OMR";"Sistema dei Monti Lepini";;"PROUST";;"MUSEO DELLA CITTA' E DEL TERRITORIO";"via Giacomo Matteotti";"Cori";"-";"04010";"696617243";"696617243";"museo@comune.cori.lt.it";"-";"41.64351509999999";"12.9136293"
"Fara in Sabina";"Rieti";"Non MIBACT";"OMR";;;"MUSART";;"MUSEO DEL SILENZIO";"SANTA MARIA IN CASTELLO; SNC";"FARA SABINA";"-";"02032";"765277021";"765277021";"info@museodelsilenzio.it";"www.museodelsilenzio.it";"42.2092663";"12.7293035"
"Fara in Sabina";"Rieti";"Non MIBACT";"OMR";;;;;"museo civico ARCHEOLOGICO DI FARA SABINA";"PIAZZA DUOMO; 3";"FARA SABINA";"-";"02032";"7652779211";"765277321";"marialuisaagneni@virgilio.it";"www.sabinideltevere.it";"42.209457";"12.728759"
"Fara in Sabina";"Rieti";"Non MIBACT";;;;;;"ABBAZIA DI FARFA";"VIA DEL MONASTERO; 1";"-";"-";"02032";"765277065";"-";"farfenprior@libero.it";"www.abbaziadifarfa.it";"42.2212858";"12.7184454"
"Farnese";"Viterbo";"Non MIBACT";"OMR";"Sistema museale del lago di Bolsena";;"PROUST";;"museo civico FERRANTE RITTATORE VONWILLER";"VIA COLLE SAN MARTINO; 16";"Farnese";"-";"01010";"761458849";"761458849";"museofarnese@virgilio.it  museofarnese@simulabo.it";"www.simulabo.it";"42.5498";"11.72706"
"Fiano Romano";"Roma";"MIBACT";;;;;;"Villa dei Volusii";"Via Tiberina; Km 17;300";"Bambocci";"-";"65";"-";"-";"-";"-";"42.1702573";"12.5922521"
"Fiumicino";"Roma";"MIBACT";;;;;;"Area Archeologica del Porto di Traiano";"Via Portuense";"-";"-";"00054";"066529192";"-";"-";"-";"41.773333";"12.2458544"
"Fiumicino";"Roma";"MIBACT";;;;;;"Necropoli di Porto - Isola Sacra";"Via di Monte Spinoncia; 52";"-";"-";"54";"066583888";"-";"-";"-";;
"Fiumicino";"Roma";"MIBACT";;;;;;"Basilica di S. Ippolito e annesso Antiquarium";"Via Redipuglia";"Angolo Col Moschin - Isola Sacra - Fiumicino";"-";"54";"0656358043";"065651500";"-";"-";"41.7723835";"12.2659112"
"Formello";"Roma";"Non MIBACT";"OMR";;;"PROUST";;"museo civico DELL'AGRO VEIENTANO";"PIAZZA SAN LORENZO SNC";"Formello";"Palazzo Chigi";"00060";"690194240";"69089577";"museo@comune.formello.rm.it";"www.comune.formello.rm.it";"42.0820027";"12.4036987"
"Formello";"Roma";"Non MIBACT";"OMR";;;"PROUST";;"CASOLARE 311 - CASA COLONICA E MUSEO DELLA CIVILTA' COMTADINA";"VIA SANTI MARTIRI; 12";"Perazzeta - Formello";"Casa colonica n. 311";"00060";"69084255";"690154548";"museo.casolare311@gmail.com";"www.casolare311.it";"42.0614867";"12.4452727"
"Formia";"Latina";"MIBACT";;;;;;"Museo Archeologico Nazionale";"Via Vitruvio; 184";"-";"Palazzo Comunale";"04023";"0771 770382";"0771 770382";"sba-laz.museoformia@beniculturali.it";"www.archeolz.arti.beniculturali.it";"41.255707";"13.6061587"
"Frascati";"Roma";"Non MIBACT";"OMR";"Sistema museale dei Castelli romani e prenestini MUSEUMGRANDTOUR";;;;"MUSEO TUSCOLANO - SCUDERIE ALDOBRANDINI";"PIAZZA GUGLIELMO MARCONI; 6";"-";"-";"00044";"69417195";"69417195";"eventi@comune.frascati.rm.it";"www.scuderiealdobrandini.org";"41.8060816";"12.680226"
"Frascati";"Roma";"Non MIBACT";"OMR";;;;;"MUSEO ETIOPICO G. MASSAIA";"VIA CARDINALE MASSAIA; 26";"-";"CONVENTO DEI CAPPUCCINI";"00044";"694010439";"-";"prorivi@in.it  capfras@osmcap.org";"-";"41.8045238";"12.6838608"
"Frosinone";"Frosinone";"Non MIBACT";"OMR";;;;;"MUSEO ARCHEOLOGICO COMUNALE";"VIA XX SETTEMBRE; 32";"Centro storico";"C/o Cattedrale di S. Maria";"03100";"775212314";"775859292";"museo@comune.frosinone.it";"www.comune.frosinone.it";"41.6393732";"13.3523829"
"Gaeta";"Latina";"Non MIBACT";"OMR";;;;;"MUSEO DIOCESANO E DELLA RELIGIOSITA' DEL PARCO DEI MONTI AURUNCI";"PIAZZA CARDINALE TOMMASO DE VIO; 9";"-";"PALAZZO CARDINALE TOMMASO DE VIO";"04024";"771700287";"7714530234";"beniculturali@arcidiocesigaeta.it";"-";"41.2107299";"13.5714285"
"Gaeta";"Latina";"Non MIBACT";;;;;;"MUSEO DE CENTRO STORICO CULTURALE GAETA";"via Annunziata; 7";"GAETA";"COMPLESSO SS. ANNUNZIATA";"04024";"771464293";"-";"centrostoricult@tiscali.it";"-";"41.2125976";"13.580395"
"Gallese";"Viterbo";"Non MIBACT";"OMR";;;;;"MUSEO DI GALLESE - CENTRO CULTURALE 'MARCO SCACCHI'";"VIA LORENZO FILIPPINI; SNC - GALLESE";"-";"-";"01035";"761495503";"761495535";"museo@comune.gallese.vt.it";"-";"42.3716913";"12.402601"
"Genazzano";"Roma";"Non MIBACT";"OMR";"Sistema museale dei Castelli romani e prenestini";;"MUSART";;"Centro internazionale d'arte contemporanea CIAC";"piazza San Nicola; 4";;"Castello Colonna";"00030";;;"info@ciacmuseum.com";"www.ciacmuseum.com";"41.8458692";"12.9453143"
"Genazzano";"Roma";"Non MIBACT";"OMR";;;;;"Museo del Santuario “Madre del Buon Consiglio”";"corso Cardinale Vannutelli 2";;" Convento del Santuario della Madonna del Buon Consiglio";"00030";"06 9579002";"06 95570163";"santuariombc@gmail.com";"www.genazzanobuonconsiglio.it/index.php?option=com_content&view=article&id=77&Itemid=69";"41.8361406";"12.9733452"
"Gerano";"Roma";"Non MIBACT";;;;;;"MUSEO DELL'INFIORATA";"VIA DEL MUNICIPIO; 8";"-";"-";"00025";"774798002";"774798875";"info@gerano.comnet.roma.it";"www.infioratadigerano.it";"41.933727";"12.994087"
"Gerano";"Roma";"Non MIBACT";;;;;;"MOSTRA PERMANENTE 'LA CASA DELLE ANTICHE SCATOLE DI LATTA'";"VIA DEL PALAZZO; 8";"-";"-";"00025";"3487960033";"-";"scatolemarina@hotmail.com";"www.casadellescatole.org";"41.9331656";"12.9936884"
"Giuliano di Roma";"Roma";"Non MIBACT";"OMR";;;"RESINA";;"museo del vulcanismo Ernico MUVE";"via San Tommaso";;"Palazzo Brettagna";"03020";;;;;"41.8229064";"12.5083767"
"Gradoli";"Viterbo";"Non MIBACT";"OMR";"Sistema museale del lago di Bolsena";;"MUSART";;"MUSEO DEL COSTUME FARNESIANO";"PIAZZA LUIGI PALOMBINI; 2";"-";"PALAZZO FARNESE";"01010";"761456082";"761456052";"comunedigradoli@legalmail.it";"www.comune.gradoli.vt.it";"42.64409000000001";"11.85619"
"Grottaferrata";"Roma";"MIBACT";;;;;;"Abbazia Greca di San Nilo";"Via di San Nilo; snc";"Grottaferrata";"Chiesa di Santa Maria";"00046";"06 9459309";"06 9456734";"segreteria@abbaziagraca.it";"www.abbaziagreca.it";"41.7865663";"12.6735914"
"Grotte di Castro";"Viterbo";"Non MIBACT";"OMR";"Sistema museale del lago di Bolsena";;;;"museo archeologico e delle tradizioni popolari";"piazza Giacomo Matteotti";;"Palazzo di Jacopo Barozzi da Vignola sec. XVI";"01025";"0763 796983";;"bibliotecagrotte@libero.it";"www.simulabo.it";"42.6852104";"11.9022259"
"Guidonia Montecelio";"Roma";"Non MIBACT";;;;;;"ANTIQUARIUM 'DON CELESTINO PICCOLINI'";"VIA MONTE ALBANO; SNC";"MONTECELIO";"-";"00012";"0774-511053  301290";"0774-303434";"pubblicaistruzione@guidonia.org";"www.guidonia.org";"41.9939694";"12.7245045"
"Ischia di Castro";"Viterbo";"Non MIBACT";"OMR";"Sistema museale del lago di Bolsena SIMULABO";;;;"museo civico ARCHEOLOGICO 'PIETRO E TURIDDO LOTTI'";"PIAZZA CAVALIERI VITTORIO VENETO";"-";"-";"01010";"0761-425455";"0761-425400";"ischia_museocivico@libero.it";"-";"42.544076";"11.7609336"
"Itri";"Latina";"Non MIBACT";"OMR";;;"DEMOS";;"MUSEO DEMOETNOANTROPOLOGICO DEL BRIGANTAGGIO NEL LAZIO MERIDIONALE";"CORSO APPIO CLAUDIO; 268";"-";"-";"04020";"771721061";"771721061";"info@museobrigantaggio.it";"www.museobrigantaggio.it";"41.29014";"13.5241522"
"Lanuvio";"Roma";"Non MIBACT";"OMR";"Sistema museale dei Castelli romani e prenestini MUSEUMGRANDTOUR";;"PROUST";;"museo civico LANUVINO";"PIAZZA DELLA MADDALENA; 16";"Lanuvio";"Piano terra del Palazzo Comunale";"00040";"693789237";"693789229";"cultura@lanuvio.comnet.roma.it";"-";"41.6136596";"12.6928858"
"Latera";"Viterbo";"Non MIBACT";"OMR";"Sistema museale del lago di Bolsena SIMULABO";;"DEMOS";;"MUSEO DELLA TERRA";"VIA DELL'OSTERIA; SNC";"Latera";"Grancia di San Pietro";"01010";"761459041";"761459476";"museo@comune.latera.vt.it";"www.simulabo.it; /www.regione.lazio.it/musei/latera/";"42.6300003";"11.8280678"
"Latina";"Latina";"Non MIBACT";"OMR";;;;;"MUSEO DI PIANA DELLE ORME";"VIA MIGLIARA 43;5 N.29";" BORGO FAITI";"-";"04100";"773258708";"773255000";"info@pianadelleorme.it";"-";"41.4404286";"12.967055"
"Latina";"Latina";"Non MIBACT";"OMR";;;"MUSART";;"museo civico 'DUILIO CAMBELLOTTI'";"PIAZZA SAN MARCO; 1";"-";"-";"04100";"773486913";"773652640";"musei@comune.latina.it";"-";"41.4648784";"12.9032256"
"Latina";"Latina";"Non MIBACT";"OMR";;;"MUSART";;"GALLERIA CIVICA D'ARTE MODERNA E CONTEMPORANEA";"VIA UMBERTO I; 39";"-";"PALAZZO DELLA CULTURA";"04100";"773652624";"773652640";"musei@comune.latina.it";"-";"41.4632909";"12.9056205"
"Latina";"Latina";"Non MIBACT";;;;"MUSART";;"MUSEO 'M. VALERIANI' DELLA NUMISMATICA; DELLA MEDAGLIA; DELLA GRAFICA INCISA E DELLA FOTOGRAFIA";"VIA UMBERTO I; 39/41";"-";"PALAZZO DELLA CULTURA";"04100";"773652633";"773652640";"musei@comune.latina.it";"-";"41.4632909";"12.9056205"
"Latina";"Latina";"Non MIBACT";"OMR";;;"PROUST";;"ANTIQUARIUM COMUNALE PROCOJO";"STRADA FOCE VERDE; 53";"BORGO SABOTINO";"-";"04100";"773655060";"773652640";"musei@comune.latina.it";"-";"41.4292321";"12.8211636"
"Latina";"Latina";"Non MIBACT";;;;;;"MUSEO DELLA TERRA PONTINA";"PIAZZA DEL QUADRATO 24";"-";"c/o Palazzo ex ONC.";"04100";"773400088";"773400088";"museo.terrapontina@hotmail.it";"-";"41.4663764";"12.8986827"
"Leonessa";"Rieti";"Non MIBACT";"OMR";;;;;"museo civico DEMO-ANTROPOLOGICO DI LEONESSA";"VIA DI SAN FRANCESCO; 85";"LEONESSA";"C/O EX CONVENTO; CHIOSTRO DI SAN FRANCESCO";"02016";"746923212";"746923219";"comunedileonessa@comunedileonessa.it";"www.museum-eu.it";"42.5631277";"12.9644199"
"Leonessa";"Rieti";"Non MIBACT";;;;;;"MUSEO DELLA NOSTRA TERRA";"VIA COMUNALE DI OCRE LEONESSA; 79";"Frazione Ocre-Comune di Leonessa";"-";"02016";"335465412";"-";"franco.bonelli@alice.it";"-";"42.5660721";"12.962445"
"Licenza";"Roma";"Non MIBACT";;;;;;"museo civico ORAZIANO";"PIAZZA DEL PALAZZO; 3";"-";"-";"00026";"77446225";"77446582";"licenza.licenza@tin.it";"-";;
"Licenza";"Roma";"MIBACT";;;;;;"Villa di Orazio";"Via Licinese snc";"-";"-";"00026";"06 3265961";"06 3214447";"sba-laz@beniculturali.it";"www.archeolz.arti.beniculturali.it";"42.0727827";"12.9004489"
"Lubriano";"Viterbo";"Non MIBACT";"OMR";;;"RESINA";;"museo naturalistico";"piazza Col di Lana; 12";"Ex Casa di Padella";;"10120";"0761 780391 - 327 0289027";;"info@museolubriano.com";;"42.6363521";"12.1102572"
"Maenza";"Latina";"Non MIBACT";"OMR";"Sistema dei  Monti Lepini";;"MUSART";;"Museo del paesaggio";"Piazza della Portella";"Rione Belle donne";"castello Caetani-Aldobrandini";"04010";"0773 951310";;"comunemaenza@libero.it";;"41.5231443";"13.1821084"
"Magliano Sabina";"Rieti";"Non MIBACT";;;;;;"museo civico ARCHEOLOGICO";"VIA SABINA; 19";"MAGLIANO SABINA";"Palazzo Gori";"02047";"744910001";"744910001";"museo-civico-ms@libero.it";"www.soi.cnr.it/magliano/";"42.3611748";"12.4826261"
"Marino";"Roma";"Non MIBACT";"OMR";;;;;"MUSEO ARCHEOLOGICO UMBERTO MASTROIANNI";"LARGO JACOPA DE' SETTESOLI; SNC";"Marino";"Ex Chiesa di S. Lucia";"00047";"69385681";"69385681";"museocivicomarino@interfree.it";"-";"41.7700866";"12.6585371"
"Mazzano Romano";"Roma";"Non MIBACT";"OMR";;;;;"museo civico archeologico-virtuale di Narce MAVNA";"piazza Giovanni XXIII 12";;;"00060";;;"info@mavna.it";"www.mavna.it";"42.20442";"12.39963"
"Minturno";"Latina";"MIBACT";;;;;;"Comprensorio Archeologico di Minturnae";"Via Punta Fiume; snc";"Marina di Minturno";"-";"04026";"0771 622239";"0771 680093";"sba-laz.minturnae@beniculturali.it";"www.archeolz.arti.beniculturali.it";"41.2657426";"13.7443642"
"Monte Porzio Catone";"Roma";"Non MIBACT";"OMR";"Sistema museale dei Castelli romani e prenestini MUSEUMGRANDTOUR";"Sistema museale urbano di Monte Porzio Catone";"DEMOS";;"MUSEO DIFFUSO DEL VINO";"VIA VITTORIO EMANUELE II; 22 - 32 - 46";"monte porzio catone";"-";"00040";"689686503";"69447471";"musei@comune.monteporziocatone.rm.it";"www.comune.monteporziocatone.rm.it";"41.81671499999999";"12.71471"
"Monte Porzio Catone";"Roma";"Non MIBACT";"OMR";"Sistema museale dei Castelli romani e prenestini MUSEUMGRANDTOUR";"Sistema museale urbano di Monte Porzio Catone";"PROUST";;"MUSEO DELLA CITTA'";"VIA SIMONE POMARDI; 1";"monte porzio catone";"c/o Chiesa";"00040";"694341031";"69447471";"musei@comune.monteporziocatone.rm.it";"www.comune.monteporziocatone.rm.it";"41.815562";"12.713937"
"Monte Porzio Catone";"Roma";"Non MIBACT";;;;;;"INAF - OSSERVATORIO ASTRONOMICO DI ROMA";"VIA FRASCATI; 33";"Monte Porzio Catone";"C/o Osservatorio Astronomico";"00040";"694286427";"69449446";"diva@oa-roma.inaf.it";"www.webdiva2.oa-roma.inaf.it";"41.8132628";"12.7067247"
"Montefiascone";"Viterbo";"Non MIBACT";"OMR";"Sistema museale del lago di Bolsena";;"MUSART";;"Museo dell'architettura di Antonio da Sangallo il Giovane";"piazza della Rocca";;"Rocca dei papi";"01027";"0761 832060";"0761 820884";"museosangallo@comune.montefiascone.vt.it";;;
"Monteleone Sabino";"Rieti";"Non MIBACT";"OMR";;;"PROUST";;"museo civico ARCHEOLOGICO 'TREBULA MUTUESCA'";"VIA LUCIO MUMMIO; 11";"Monteleone Sabino";"Municipio";"02033";"765884014";"765884340";"museomonteleonesabino@gmail.com";"-";"42.2320965";"12.859004"
"Montopoli di Sabina";"Rieti";"Non MIBACT";"OMR";;;"MUSART";;"MODERN AUTOMATA MUSEUM";"VIA CASE NUOVE; 7";"GRANARI";"-";"02034";"765279821";"765279559";"info@modernautomatamuseum.com";"www.modernautomatamuseum.com";"42.2350319";"12.682615"
"Nazzano";"Roma";"Non MIBACT";"OMR";;;"RESINA";;"POLO SCIENTIFICO MUSEALE - MUSEO DEL FIUME DI NAZZANO";"VIA MAZZINI; 4";"Nazzano";"Centro storico";"00060";"0765 332002";"0765 332710";"museodelfiume@libero.it";"www.museodelfiume.it";"42.229275";"12.597577"
"Nemi";"Roma";"MIBACT";;;;;;"Museo delle Navi Romane di Nemi";"Via Diana; 15/19";"Nemi Lago";"-";"00040";"06 9398040";"06 9398040";"sba-laz.nemi.museonaviromane@beniculturali.it";"www.archeolz.arti.beniculturali.it";"41.7202717";"12.6832372"
"Nepi";"Viterbo";"Non MIBACT";"OMR";;;"PROUST";;"museo civico ARCHEOLOGICO DI NEPI";"VIA XIII SETTEMBRE; 1";"-";"PALAZZO COMUNALE";"01036";"761570604";"761557960";"museo@comune.nepi.vt.it";"-";"42.24299200000001";"12.347865"
"Nettuno";"Roma";"Non MIBACT";"OMR";;;;;"Antiquarium comunale";"via Antonio Gramsci 5";;"Forte Sangallo";"00048";"06 98889553";;"direttore.antiquarium@comune.nettuno.roma.it";"http://beni-culturali.provincia.roma.it/content/museo-civico-antiquarium-comunale";"41.4568903";"12.6552682"
"Norma";"Latina";"Non MIBACT";"OMR";;;"PROUST";;"museo civico ARCHEOLOGICO 'PADRE ANNIBALE GABRIELE SAGGI'";"VIA DELLA LIBERAZIONE SNC";"Norma";"Palazzo Ex Comunale";"04010";"773353806";"773354186";"cultura@comunedinorma.it";"www.regione.lazio.it/musei/civicoarcheologiconorma/";"41.5845715";"12.975238"
"Norma";"Latina";"Non MIBACT";;;;;;"MUSEO DEL CIOCCOLATO 'ANTICA NORBA'";"via Capo dell'Acqua; 17";"-";"-";"04010";"773354548";"773353997";"info@museodelcioccolato.com";"www.museodelcioccolato.com";"41.5953393";"12.9758537"
"Olevano Romano";"Roma";"Non MIBACT";"OMR";"Sistema PRE.GIO";;;;"museo sulla pittura di paesaggio";"Via H. Hindorf 1";;"Villa De Pisa";"00035";"06 95600118";;"degiusti@gmail.com";"www.amolevano.it";"41.8606478";"13.031221"
"Oriolo Romano";"Viterbo";"MIBACT";;;;;;"Palazzo Altieri";"Piazza Umberto I; 1";"-";"-";"01010";"0699837145";"0699837145";"-";"-";"42.1594531";"12.1379477"
"Orte";"Viterbo";"Non MIBACT";;;;;;"MUSEO DELLE CONFRATERNITE";"PIAZZA DEL POPOLO; SNC";"ORTE";"C/O CHIESA DI SANT'AGOSTINO";"01028";"3206280189";"761402640";"robertorondelli@confraterniteorte.it";"www.confraterniteorte.it";"42.4574411";"12.3869837"
"Orte";"Viterbo";"Non MIBACT";"OMR";;;"MUSART";;"Museo diocesano";"piazza Colonna; 5";;"ex chiesa di San Silvestro";"01028";"0761 404357";;"museodartesacraorte@gmail.com";"www.diocesicivitacastellana.it";"42.460018";"12.386315"
"Orte";"Viterbo";"Non MIBACT";"OMR";;;;;"Museo civico";"via Pie' di marmo";;"ex Chiesa di Sant'Antonio Abate";"01028";"0761 4041";"0761 493303";"info@comune.orte.vt.it";"www.comune.orte.vt.it/c056042/zf/index.php/servizi-aggiuntivi/index/index/idtesto/27";"42.4574411";"12.3869837"
"Palestrina";"Roma";"Non MIBACT";"OMR";"Sistema museale dei Castelli romani e prenestini MUSEUMGRANDTOUR";;;;"MUSEO DIOCESANO PRENESTINO DI ARTE SACRA";"VIA ROMA; 23";"-";"-";"00036";"69534428";"69538116";"museodiocesano@diocesipalestrina.it";"-";;
"Palestrina";"Roma";"Non MIBACT";;;;;;"FONDAZIONE GIOVANNI PIERLUIGI DA PALESTRINA";"VICOLO PIERLUIGI; 3";"-";"-";"00036";"69538083";"69538083";"fond.palestrina@tiscalinet.it";"-";"41.8394087";"12.889351"
"Palestrina";"Roma";"Non MIBACT";;;;;;"MUSEO DELLA RESISTENZA E DEGLI UNDICI MARTIRI";"via Vigesimo";"Vigesimo Via Pedemontana";"-";"00036";"069573176  0695302272-271";"-";"info@comune.palestrina.rm.it";"www.comune.palestrina.rm.it";"41.84744209999999";"12.861031"
"Palestrina";"Roma";"MIBACT";;"Sistema museale dei Castelli romani e prenestini MUSEUMGRANDTOUR";;;;"Museo Archeologico Nazionale di Palestrina e Santuario della Fortuna Primigenia";"Piazza della Cortina; 1";"-";"c/o Palazzo Barberini";"00036";"06 9538100";"06 9538100";"sba-laz.palestrina@beniculturali.it";"www.archeolz.arti.beniculturali.it";"41.8405653";"12.8925954"
"Palombara Sabina";"Roma";"Non MIBACT";;;;;;"ABBAZIA DI 'SAN GIOVANNI IN ARGENTELLA'";"via San Giovanni in Argentella; 96";"-";"-";"00018";"77466093";"77466093";"alessandrazielli@libero.it";"-";"42.055555";"12.752177"
"Pastena";"Frosinone";"Non MIBACT";;;;"DEMOS";;"MUSEO DELLA CIVILTA' CONTADINA E DELL'ULIVO";"VIA PORTA NAPOLI; SNC";"Pastena";"-";"03020";"776546006";"776546261";"museo@museodipastena.it";"www.museodipastena.it";"42.3427162";"13.3958096"
"Petrella Salto";"Rieti";"Non MIBACT";"OMR";;;;;"MUSEO DELLE SUORE DI SANTA FILIPPA MARERI (EX MONASTERO";"piazza Santa Filippa Mareri; 17";"BORGO SAN PIETRO";"-";"02025";"746558134";"746558367";"filippaborgo@libero.it";"www.suoresantafilippa.it";"42.272891";"13.064391"
"Pisoniano";"Roma";"Non MIBACT";"OMR";"Sistema PRE.GIO";;;;"museo della canapa";"via Santa Maria 27";;;"00020";" 0774 411316";;;"www.pisoniano.rm.gov.it/servizi/musei/museo-della-canapa";"41.9443338";"12.9829846"
"Pomezia";"Roma";"Non MIBACT";"OMR";;;"PROUST";;"museo civico ARCHEOLOGICO LAVINIUM";"via Pratica di mare";"Borgo di  Pratica";"edificio moderno";"00040";"691984744";"691984744";"museo.lavinium@yahoo.it";"www.museopomezia.it";"41.6663807";"12.4754378"
"Pontecorvo";"Frosinone";"Non MIBACT";;;;;;"TESORO DI S. BARTOLOMEO";"BASILICA CATTEDRALE ""SAN BARTOLOMEO AP. """;"Pontecorvo";"C/O CATTEDRALE";"03037";"3313469988";"-";"cattedralepontecorvo@libero.it";"www.cattedralepontecorvo.it";"41.4545679";"13.6637674"
"Pontinia";"Latina";"Non MIBACT";"OMR";;;"DEMOS";;"Museo Agro Pontino";"piazza John Kennedy; 1";;;"04014";"0773 867422";;"info@museoagropontino.it";"www.museoagropontino.it";"41.4043988";"13.0437426"
"Ponza";"Latina";"Non MIBACT";;;;;;"MUSEO COMUNALE DI PONZA";"VIA ROMA";"Ponza";"-";"04027";"77180108";"771809718";"-";"www.comune.ponza.lt.it";"40.8948998";"12.9663529"
"Posta Fibreno";"Frosinone";"Non MIBACT";;;;;;"MUSEO NATURALISTICO ETNOGRAFICO DELLA RISERVA NATURALE LAGO DI POSTA FIBRENO";"PIAZZA CESARE BATTISTI; SNC";"-";"-";"03030";"776888021";"776888021";"labter@libero.it";"-";"41.6945459";"13.6966165"
"Priverno";"Latina";"Non MIBACT";"OMR";"Sistema dei Monti Lepini";"Sistema museale urbano di Priverno";;;"MUSEO PER LA MATEMATICA 'GIOCHIAMO ALL'INFINITO'";"VIA SAN MARTINO; SNC";"SP SAN MARTINO 10";"CASTELLO DI SAN MARTINO";"04015";"773904601";"773904973";"giochiamoallinfinito@libero.it";"www.sistemamuseo.it/museoid.php?uid=180";"41.469922";"13.1832534"
"Priverno";"Latina";"Non MIBACT";"OMR";"Sistema dei Monti Lepini";"Sistema museale urbano di Priverno";"PROUST";;"museo civico ARCHEOLOGICO";"Piazza Giovanni XXIII";"Priverno";"Palazzo Valeriani Guarini";"04015";"773905065";"773905065";"musarchpriverno@libero.it";"-";"41.471665";"13.181888"
"Priverno";"Latina";"Non MIBACT";"OMR";"Sistema dei Monti Lepini";"Sistema museale urbano di Priverno";"PROUST";;"POLO MEDIEVALE DEL MUSEO ARCHEOLOGICO DI PRIVERNO";"VIA DEI GUITTI; SNC";"Fossanova";"ANTICA FORESTIERA CISTERCENSE";"04015";"773938006";"773938006";"musarchpriverno@libero.it";"-";"41.469922";"13.1832534"
"Priverno";"Latina";"MIBACT";;;;;;"Abbazia di Fossanova";"Via S.Tommaso D'Aquino";"Fossanova";"-";"04010";"0773 939061";"0773 939382";"abbazia@libero.it";"www.abbaziadifossanova.it";;
"Priverno";"Latina";"Non MIBACT";"OMR";"Sistema dei Monti Lepini";"Sistema museale urbano di Priverno";;;"Area archeologica Privernum";"SR Monti Lepini; Km 28;800";"loc. Mezzagosto";"Antica Privernum";"04010";"0773 905065";"0773 905065";"musarchpriverno@libero.it";"http://musarchpriverno.it";;
"Rieti";"Rieti";"Non MIBACT";"OMR";;;"MUSART PROUST";;"museo civico DI RIETI";"PIAZZA VITTORIO EMANUELE II; 1";"Rieti";"Municipio";"02100";"0746287212  287280";"746253173";"museocivico@comune.rieti.it  museocivicorieti@gmail.com";"www.regione.lazio.it/musei/rieti/";;
"Rieti";"Rieti";"Non MIBACT";;;;;;"MUSEO DIOCESANO";"VIA CINTIA; 83";"-";"-";"02100";"746482720";"746200228";"diocesi-rieti@libero.it";"www.museodiocesanorieti.it";"42.40241";"12.85837"
"Riofreddo";"Roma";"Non MIBACT";"OMR";"Sistema MEDANIENE";;"DEMOS PROUST";"x";"MUSEO DELLE CULTURE 'VILLA GARIBALDI'";"VIA COSTANZA GARIBALDI; 10";"-";"-";"00020";"774929186";"774929501";"mudecu@libero.it";"-";"42.0595895";"12.9978217"
"Ripi";"Frosinone";"Non MIBACT";"OMR";;;"RESINA";;"museo dell'energia";"via Merigo Alto";"ex mattatoio e lavatoio sec. XIX";;"03027";"0775 285160";;"museoenergia.direttore@gmail.com";;"41.6110207";"13.4263072"
"Rocca di Cave";"Roma";"Non MIBACT";"OMR";;;"RESINA";;"museo geo-paleontologico ""Ardito Desio""";"piazza della Torre; 11";"Rocca";;"00030";"06 9584098";"06 9584023";"hipparcos.cds@tiscali.it";"www.museiresina.it/museodesio.htlm";"41.847297";"12.945667"
"Rocca di Papa";"Roma";"Non MIBACT";"OMR";"Sistema museale dei Castelli romani e prenestini MUSEUMGRANDTOUR";;"RESINA";;"MUSEO GEOFISICO";"VIA DELL'OSSERVATORIO; 42";"Rocca di Papa";"Osservatorio geodinamico";"00040";"69496230";"69496230";"museoroccadipapa@ingv.it";"-";"41.7596254";"12.710268"
"Roccagorga";"Latina";"Non MIBACT";"OMR";"Sistema dei Monti Lepini";;"DEMOS";;"ETNOMUSEO MONTI LEPINI";"PIAZZA RISORGIMENTO; 4";"-";"PALAZZO BARONALE";"04010";"773958792";"773960000";"info@etnomuseo.it";"www.etnomuseo.it";"41.524705";"13.156568"
"Roccagorga";"Latina";"Non MIBACT";;;;;;"museo civico 'ASSI DELL'AERONAUTICA'";"via Domenico Menta";"Roccagorga";"Edificio Scolastico ""Giuseppe Restaini""";"04010";"773959098";"773960170";"comune.roccagorga@libero.it";"-";"41.5248594";"13.1574334"
"Roma";"Roma";"Non MIBACT";;;;;;"VILLA FARNESINA";"VIA DELLA LUNGARA; 230";"-";"-";"00165";"668027268";"668027397";"farnesina@lincei.it  lapenta@lincei.it";"www.villafarnesina.it";"41.8932875";"12.4670254"
"Roma";"Roma";"Non MIBACT";;;;;;"ARCHIVIO STORICO E MUSEO BIRRA PERONI";"VIA R. BIROLLI; 8";"Roma";"museo PERONI";"00155";"622544296";"62283442";"museo@peroni.it";"www.birraperoni.it";"41.9048192";"12.5984199"
"Roma";"Roma";"Non MIBACT";;;;;;"MUSEO DEL DEPOSITO PLEISTOCENICO DI CASAL DE PAZZI";"VIA CICILIANO; SNC";"REBIBBIA";"ANGOLO CON VIA EGIDIO GALBANI";"00156";"624404006";"62417187";"patrizia.gioia@comune.roma.it";"www.sovraintendenzaroma.it/i_luoghi/musei__1/altri_musei_e_collezioni__1/museo_di_casal_de_pazzi_deposito_pleistocenico";"41.93257500000001";"12.5699643"
"Roma";"Roma";"Non MIBACT";"OMR";;"Sistema Musei in Comune";;;"MUSEO DELL'ARA PACIS";"LUNGOTEVERE IN AUGUSTA; SNC";"Roma";"Edificio di architettura contemporanea";"00186";"632652497";"632652497";"info.arapacis@comune.roma.it";"www.arapacis.it";"41.8966008";"12.4753205"
"Roma";"Roma";"Non MIBACT";"OMR";;;;"x";"CASA DI GOETHE";"VIA DEL CORSO; 18";"Roma";"Palazzo Bracci";"00186";"632650412";"632650449";"info@casadigoethe.it";"www.casadigoethe.it";"41.90895";"12.47706"
"Roma";"Roma";"Non MIBACT";"OMR";;;;"x";"MUSEO VENANZO CROCETTI";"VIA CASSIA; 492";"Roma";"Edificio di architettura contemporanea";"00189";"633711468";"633711468";"museo.crocetti@tiscali.it";"www.museocrocetti.it";"41.958844";"12.4541477"
"Roma";"Roma";"Non MIBACT";"OMR";;;;;"MUSEO DEI BAMBINI Explora";"VIA FLAMINIA; 80/86";"Roma";"Ex deposito ATAC";"00196";"63613776";"636086803";"ptomasich@mdbr.it";"www.2mdbr.it";"41.9162144";"12.4741244"
"Roma";"Roma";"Non MIBACT";;;;;;"MUSEO STORICO DELLA GUARDIA DI FINANZA";"PIAZZA ARMELLINI; 20";"Roma";"caserma G. di F.";"00162";"644238841";"64404805";"museostoricogdf@gdf.it";"www.gdf.it";"41.9180866";"12.5225342"
"Roma";"Roma";"Non MIBACT";"OMR";;"Sistema Musei in Comune";;;"MUSEI DI VILLA TORLONIA; CASINA DELLE CIVETTE";"VIA NOMENTANA; 70";"Roma";"VILLA TORLONIA";"00161";"644250072";"644250166";"mariagrazia.massafra@comune.roma.it";"www.museivillatorlonia.it/";"41.9162393";"12.5116325"
"Roma";"Roma";"Non MIBACT";"OMR";;"Sistema Musei in Comune";;;"MUSEO DELLA SCUOLA ROMANA";"VIA NOMENTANA; 70";"Roma";"VILLA TORLONIA / CASINO NOBILE";"00161";"06-44252109/45472283";"06-44252109";"mariaitalia.zacheo@comune.roma.it";"www.museivillatorlonia.it";"41.9162393";"12.5116325"
"Roma";"Roma";"Non MIBACT";"OMR";;"Sistema Musei in Comune";;;"MUSEI DI VILLA TORLONIA; CASINO NOBILE";"VIA NOMENTANA; 70";"Roma";"VILLA TORLONIA";"00161";"644250072";"644250166";"annapaola.agati@comune.roma.it";"-";"41.9162393";"12.5116325"
"Roma";"Roma";"Non MIBACT";;;;;"x";"ISTITUTO DI STUDI PIRANDELLIANI";"VIA ANTONIO BOSIO; 13B";"Roma";"villino del Ministero dello sviluppo economico";"00161";"644291853";"644291853";"posta@studiodiluigipirandello.it";"-";"41.9163789";"12.514081"
"Roma";"Roma";"Non MIBACT";;;;;;"MUSEO DI IDRAULICA";"VIA EUDOSSIANA; 20";"Roma";"Facoltà di Ingeneria - Università di Roma La Sapienza";"00184";"644585084";"644585094";"marco.marchetti@uniroma1.it";"www.musei.uniroma1.it/informamuseonew.asp?id=20";"41.892925";"12.4930061"
"Roma";"Roma";"Non MIBACT";;;;;;"MUSEO DI ANATOMIA PATOLOGICA";"VIALE REGINA ELENA; 324";"Roma";"DIPARTIMENTO DI MEDICINA SPERIMENTALE POLICLINICO UMBERTO I";"00161";"64461484";"64461484";"pietro.gallo@uniroma1.it";"www.musei.uniroma1.it/anatomiapatologica/index.html";"41.908671";"12.5118433"
"Roma";"Roma";"Non MIBACT";;;;;;"MUSEO STORICO DELLA DIDATTICA 'MAURO LAENG'";"VIA MILAZZO 11 B";"Roma";"FACOLTA' SCIENZE DELLA FORMAZIONE; UNIVERSITA' ROMA 3";"00185";"657339117";"-";"mus.did@uniroma3.it";"www.host.uniroma3.it/laboratori/museodidattica";;
"Roma";"Roma";"Non MIBACT";;;;;;"CASINO DELL'AURORA";"VIA XXIV MAGGIO; 43";"Roma";"PALAZZO PALLAVICINI";"00187";"683467000";"683467070";"aurorapallavicini@saita.it";"www.casinoaurorapallavicini.it";"41.8983756";"12.4868896"
"Roma";"Roma";"Non MIBACT";;;;;;"MUSEO DELLA CARTOLINA";"VIA DEL CARDELLO 14A (PRESSO ENRICO STURANI)";"Roma";"-";"00184";"6.486.970";"-";"sturamail@yahoo.it";"-";"41.889187";"12.4982572"
"Roma";"Roma";"Non MIBACT";;;;;;"MUSEO ERBARIO DIPARTIMENTO DI BIOLOGIA AMBIENTALE";"PIAZZALE ALDO MORO; 5";"Roma";"C/O UNIVERSITÀ DI ROMA ""SAPIENZA""";"00185";"649912410";"649912409";"erbario@uniroma1.it";"www.musei.uniroma1.it/erbario/index.html";"41.9033594";"12.515426"
"Roma";"Roma";"Non MIBACT";;;;;;"MUSEO DI CHIMICA";"PIAZZALE A. MORO; 5 - UNIVERSITA' DEGLI STUDI LA SAPIENZA; DIPARTIMENTO DI CHIMICA";"Roma";"-";"00185";"649913167";"649913725";"museodichimica@uniroma1.it";"-";"41.8977003";"12.5097274"
"Roma";"Roma";"Non MIBACT";;;;;;"MUSEO DELLE ORIGINI";"PIAZZALE A. MORO; 5";"Roma";"FACOLTA' DI LETTERE";"00185";"649913924";"649913653";"musori@rmcisadu.let.uniroma1.it";"www.musei.uniroma1.it/museodelleorigini/index.html";"41.9033594";"12.515426"
"Roma";"Roma";"Non MIBACT";;;;;;"MUSEO DI PALEONTOLOGIA";"PIAZZALE ALDO MORO; 5";"Città universitaria";"C/O DIPARTIMENTO DI SCIENZE DELLA TERRA";"00185";"649914315";"06 4454729";"museo.paleo@uniroma1.it";"www.dst.uniroma1.it/musei/museo_paleontologia/index.htm";"41.9033594";"12.515426"
"Roma";"Roma";"Non MIBACT";;;;;;"MUSEO DI FISICA";"PIAZZALE ALDO MORO; 5";"Università di Roma ""la Sapienza""";"UNIVERSITA' DEGLI STUDI LA SAPIENZA; DIPARTIMENTO DI FISICA";"00185";"649914334";"64957697";"fabio.sebastiani@roma1.infn.it";"www.phys.uniroma1.it/dipweb/museo/home.htm";"41.9033594";"12.515426"
"Roma";"Roma";"Non MIBACT";;;;;;"MUSEO DI STORIA DELLA MEDICINA";"VIALE DELL'UNIVERSITA'; 34/A";"Università di Roma ""la Sapienza""";"DIPARTIMENTO DI MEDICINA MOLECOLARE";"00185";"649914445";"64451721";"alessandro.aruta@uniroma1.it";"www.histmed.it/museo/museo.htm";;
"Roma";"Roma";"Non MIBACT";;;;;;"MUSEO DI ZOOLOGIA DELL'UNIVERSITA' 'LA SAPIENZA'";"PIAZZALE ALDO MORO; 5";"Università di Roma ""la Sapienza""";"CITTA' UNIVERSITARIA";"00185";"649914742";"64958259";"augusto.vignataglianti@uniroma1.it";"-";"41.9033594";"12.515426"
"Roma";"Roma";"Non MIBACT";;;;;;"MUSEO DI GEOLOGIA";"PIAZZALE ALDO MORO; 5";"Università di Roma ""la Sapienza""";"C/O DIPARTIMENTO DI SCIENZE DELLA TERRA";"00185";"649914825";"64463068";"museo.geologia@uniroma1.it";"www.tetide.geo.uniroma1.it/musei/museo_geologia/index.htm";"41.9033594";"12.515426"
"Roma";"Roma";"Non MIBACT";;;;;;"MUSEO DI MINERALOGIA";"PIAZZALE ALDO MORO;5";"Università di Roma ""la Sapienza""";"DIPARTIMENTO SCIENZE DELLA TERRA";"00185";"649914887";"64454729";"musmin.roma@uniroma1.it";"www.musmin.geo.uniroma1.it";"41.9033594";"12.515426"
"Roma";"Roma";"Non MIBACT";;;;;;"MUSEO DI ANATOMIA COMPARATA";"VIA ALFONSO BORELLI; 50";"Università di Roma ""la Sapienza""";"C/O UNIVERSITA' DEGLI STUDI LA SAPIENZA; DIPARTIMENTO DI BIOLOGIA E BIOTECNOLOGIE ""C. DARWIN"" SEDE DI ANATOMI";"00161";"649918009";"64457516";"luciana.sola@uniroma1.it";"-";"41.9066309";"12.5172966"
"Roma";"Roma";"Non MIBACT";;;;;;"MAUSOLEO DELLE FOSSE ARDEATINE";"VIA ARDEATINA NR. 174";"Roma";"-";"00179";"65136742";"65136742";"mausoleofosseardeatine@onorcaduti.difesa.it";"-";"41.8495742";"12.5153517"
"Roma";"Roma";"Non MIBACT";"OMR";;;;;"MUSEO DELLE CARROZZE D'EPOCA";"VIA ANDREA MILLEVOI; 693";"Roma Cecchignola Est";"-";"00178";"651958112";"651958112";"info@lecarrozzadepoca.it";"-";"41.81713630000001";"12.5190563"
"Roma";"Roma";"Non MIBACT";"OMR";;"Sistema Musei in Comune";;;"MUSEO DELLA REPUBBLICA ROMANA E DELLA MEMORIA GARIBALDINA";"LARGO DI PORTA S.PANCRAZIO; 9";"Porta San Pancrazio";"C/O COMPLESSO MONUMENTALE DI PORTA S.PANCRAZIO";"00153";"65894575";"658157153";"mara.minasi@comune.roma.it";"www.museodellarepubblicaromana.it";"41.88831";"12.46133"
"Roma";"Roma";"Non MIBACT";"OMR";;;;;"ECOMUSEO DEL LITORALE ROMANO";"VIA DEL FOSSO DI DRAGONCELLO; 172";" LONGARINA/OSTIA";"AREA IMPIANTO IDROVORO DI OSTIA ANTICA";"00124";"65651764";"65650609";"crt.ecomuseo@tin.it";"www.ecomuseocrt.it";"41.74656";"12.31766"
"Roma";"Roma";"Non MIBACT";"OMR";;"Sistema Musei in Comune";;;"MUSEI CAPITOLINI; CENTRALE MONTEMARTINI";"VIA OSTIENSE; 106";"Ex centrale termoelettrica Giovanni Montemartini";"COMPLESSO INDUSTRIALE";"00154";"65748042";"65754207";"info.centrale.montemartini@comune.roma.it";"www.centralemontemartini.org";"41.8670329";"12.4789904"
"Roma";"Roma";"Non MIBACT";"OMR";;"Sistema Musei in Comune";"DEMOS";;"MUSEO DI ROMA IN TRASTEVERE";"PIAZZA SANT'EGIDIO; 1/B";"Convento carmelitano di Sant'Egidio";"-";"00153";"65899359";"65884165";"museodiroma.trastevere@comune.roma.it";"-";"41.8898988";"12.4690541"
"Roma";"Roma";"Non MIBACT";;;;;;"SOCIETA' DI STUDI FIUMANI";"VIA ANTONIO CIPPICO; 10";;"-";"00143";"65923485";"65915755";"info@fiume-rijeka.it";"www.fiume-rijeka.it";"41.8209363";"12.481643"
"Roma";"Roma";"Non MIBACT";;;;;;"MUSEO FRANCESCANO DELL'ISTITUTO STORICO DEI CAPPUCCINI";"CIRCONVALLAZIONE OCCIDENTALE 6850";"GRA KM 65.50";"COLLEGIO S. LORENZO DA BRINDISI";"00163";"6660521";"666052532";"yteklema@yahoo.com";"www.istcap.org";"41.8494857";"12.3798767"
"Roma";"Roma";"Non MIBACT";"OMR";;"Sistema Musei in Comune";;;"MUSEI CAPITOLINI";"PIAZZA DEL CAMPIDOGLIO; 1";;"c/o palazzo (Palazzo dei Conservatori; Palazzo Nuovo; Palazzo Caffarelli; Palazzo Clementino; Palazzo Senatorio)";"00186";"667102475";"66785488";"info.museicapitolini@comune.roma.it";"www.museicapitolini.org";;
"Roma";"Roma";"Non MIBACT";;;;;;"CASA PROTOSTORICA DI FIDENE";"VIA QUARRATA; SNC";;"-";"00138";"624404006";"62017187";"carlo.persiani@comune.roma.it";"-";"41.9919908";"12.5183307"
"Roma";"Roma";"Non MIBACT";"OMR";;;;;"MUSEO DEL TEATRO ARGENTINA";"PIAZZA ARGENTINA; 52";"LARGO DI TORRE ARGENTINA";"-";"00186";"667106017";"667103833";"tania.renzi@comune.roma.it";"-";"41.8961678";"12.4760626"
"Roma";"Roma";"Non MIBACT";;;;;;"MAUSOLEO OSSARIO GARIBALDINO";"VIA GARIBALDI; 29/E";;"-";"00153";"667103407";"667103833";"francesca.bertozzi@comune.roma.it";"-";"41.8883132";"12.4656522"
"Roma";"Roma";"Non MIBACT";"OMR";;"Sistema Musei in Comune";;;"MUSEO D'ARTE CONTEMPORANEA ROMA";"VIA REGGIO EMILIA; 54";"Ex Convento delle Carmelitane scalze a San Giuseppe a Capo le case";"-";"00198";"6671070400";"68554090";"macro@comune.roma.it";"www.museomacro.org";"41.9127277";"12.5024422"
"Roma";"Roma";"Non MIBACT";"OMR";;"Sistema Musei in Comune";;;"MUSEO DI ROMA";"PIAZZA S.PANTALEO; 10";"palazzo Braschi";"PALAZZO BRASCHI";"00187";"667108312";"667108303";"museodiroma@comune.roma.it";"www.museodiroma.it";"41.89715";"12.47286"
"Roma";"Roma";"Non MIBACT";"OMR";;;;"x";"KEATS-SHELLEY HOUSE";"PIAZZA DI SPAGNA 26";;"-";"00187";"66784235";"66784167";"info@keats-shelley-house.org";"www.keats-shelley-house.org";"41.90544999999999";"12.48253"
"Roma";"Roma";"Non MIBACT";;;;;;"GALLERIA COLONNA SRL";"PIAZZA SANTI APOSTOLI; 66";;"-";"00187";"66784350";"66794638";"info@galleriacolonna.it";"www.galleriacolonna.it";"41.8970931";"12.483558"
"Roma";"Roma";"Non MIBACT";;;;;;"MUSEO CENTRALE DEL RISORGIMENTO";"VIA S. PIETRO IN CARCERE";;"COMPLESSO DEL VITTORIANO";"00186";"66793598";"66782572";"ist.risorgimento@tiscali.it";"www.risorgimento.it";"41.8937663";"12.4843739"
"Roma";"Roma";"Non MIBACT";;;;;;"MUSEO TIPOLOGICO INTERNAZIONALE DEL PRESEPIO 'ANGELO STEFANUCCI'";"VIA TOR DE' CONTI; 31/A";;"C/O CHIESA SS.QUIRICO E GIULITTA";"00184";"66796146";"669789602";"informazione@presepio.it";"www.presepio.it";;
"Roma";"Roma";"Non MIBACT";"OMR";;;;;"MUSEO DELLE CERE";"PIAZZA SANTI APOSTOLI; 68A";;"-";"00187";"66796482";"66796482";"museodellecere.roma@lice.it";"www.museodellecereroma.com";"41.8976424";"12.4832809"
"Roma";"Roma";"Non MIBACT";"OMR";;;;"x";"CASA MUSEO GIORGIO DE CHIRICO";"PIAZZA DI SPAGNA; 31";"palazzetto dei Borgononi";"PALAZZETTO DEI BORGOGNONI";"00187";"66796546";"66796546";"museum@fondazionedechirico.org";"www.fondazionedechirico.org";;
"Roma";"Roma";"Non MIBACT";;;;;;"GALLERIA DORIA PAMPHILJ";"VIA DEL CORSO; 305";"Rione Monti";"Palazzo Doria Pamphilj";"00186";"66797323";"66780939";"arti.rm@doriapamphilj.it";"www.dopart.it";"41.8978584";"12.480718"
"Roma";"Roma";"Non MIBACT";;;;;;"MUSEO TEATRALE SIAE DEL BURCARDO";"VIA DEL SUDARIO; 44";"-";"-";"00186";"66819471";"668194727";"biblioteca.burcardo@siae.it";"-";"41.8959814";"12.4753839"
"Roma";"Roma";"Non MIBACT";;;;;;"COMPLESSO MONUMENTALE S. SPIRITO IN SAXIA";"BORGO S. SPIRITO; 3";"-";"-";"00193";"668352449";"668352470";"lancisiana@asl-rme.it";"www.regione.lazio.it/biblioteche/lancisianaroma/";"41.9014422";"12.4614773"
"Roma";"Roma";"Non MIBACT";"OMR";;;;;"MUSEO LABORATORIO DELLA MENTE";"PIAZZA S. MARIA DELLA PIETÀ 5";"padiglione 6";"Pad. 6 Ex ospedale pschiatrico Santa Maria della Pietà";"00135";"668352927";"668352923";"info@museodellamente.it";"www.museodellamente.it";"41.9407108";"12.4191006"
"Roma";"Roma";"Non MIBACT";"OMR";;;;;"MUSEO EBRAICO DI ROMA";"LARGO XVI OTTOBRE";"Sinagoga";"C/O SINAGOGA";"00186";"668400661";"668400639";"info@museoebraico.roma.it";"www.museoebraico.roma.it";"41.8709925";"12.4852653"
"Roma";"Roma";"Non MIBACT";;;;;;"MUSEO DONAZIONE UMBERTO MASTROIANNI";"PIAZZA SAN SALVATORE IN LAURO; 15";"-";"Musei di San Salvatore in Lauro";"00186";"66865493";"66892109";"redazione@ilcigno.org";"-";"41.9008464";"12.4693138"
"Roma";"Roma";"Non MIBACT";"OMR";;"Sistema Musei in Comune";;;"MUSEO DI SCULTURA ANTICA  GIOVANNI BARRACCO";"CORSO VITTORIO EMANUELE II; 166A";"Farnesina ai Bauellari";"Palazzo storico";"00186";"668806848";"668806848";"info.museobarracco@comune.roma.it";"www.museobarracco.it";"41.8968041";"12.4727295"
"Roma";"Roma";"Non MIBACT";"OMR";;"Sistema Musei in Comune";;;"MUSEO NAPOLEONICO";"PIAZZA DI PONTE UMBERTO I; 1";"-";"PALAZZO PRIMOLI";"00186";"06-68806286";"-";"napoleonico@comune.roma.it";"www.museonapoleonico.it";"41.9019584";"12.4717436"
"Roma";"Roma";"Non MIBACT";;;;;;"MUSEO CRIMINOLOGICO";"VIA DEL GONFALONE; 29";"-";"-";"00186";"668899442";"668215347";"museo.criminologico@giustizia.it";"www.museocriminologico.it";"41.8976625";"12.4665443"
"Roma";"Roma";"Non MIBACT";;;;;;"MUSEO STORICO NAZIONALE DELL'ARTE SANITARIA";"LUNGOTEVERE IN SASSIA; 3";"-";"-";"00193";"66893051";"66833485";"segreteria.asas@gmail.com";"-";"41.9009986";"12.4629591"
"Roma";"Roma";"Non MIBACT";;;;;;"MUSEO STORICO DELLA LIBERAZIONE";"VIA TASSO; 145";"-";"-";"00185";"67003866";"677203514";"info@museoliberazione.it";"-";"41.8887314";"12.5064387"
"Roma";"Roma";"Non MIBACT";;;;;;"CASE ROMANE DEL CELIO";"CLIVO DI SCAURO";"-";"SOTTOSTANTI LA BASILICA DEI SS. GIOVANNI E PAOLO";"00184";"06-70454544";"06-77201975";"info@caseromane.it";"www.caseromane.it";"41.8864735";"12.4906301"
"Roma";"Roma";"Non MIBACT";"OMR";;"Sistema Musei in Comune";;;"MUSEO CARLO BILOTTI ARANCIERA DI VILLA BORGHESE";"VIALE FIORELLO LA GUARDIA";"-";"Aranciera di Villa Borghese";"00197";"685357446";"68845630";"museo.bilotti@comune.roma.it";"www.museocarlobilotti.it";"41.91333780000001";"12.4827497"
"Roma";"Roma";"Non MIBACT";"OMR";;"Sistema Musei in Comune";;"x";"MUSEO 'PIETRO CANONICA'";"VIALE PIETRO CANONICA; 2";"-";"La Fortezzuola di Villa Borghese";"00197";"68842279";"685301384";"biancamaria.santese@comune.roma.it";"www.museocanonica.it";;
"Roma";"Roma";"Non MIBACT";;;;;;"MUSEO DELL'ORDINE DEI CHIERICI REGOLARI MINISTRI DEGLI INFERMI CAMILLIANI";"PIAZZA DELLA MADDALENA; 53";"-";"-";"00186";"6899281";"689928133";"agmi@camilliani.org  e.martinez@tiscali.it";"www.camilliani.org";"41.9001131";"12.4766854"
"Roma";"Roma";"Non MIBACT";;;;;;"MUSEO DELLA STRUMENTAZIONE E INFORMAZIONE CRISTALLOGRAFICA";"VIA SALARIA; KM 29;3";"AREA RICERCA CNR RM1";"C/O ISTITUTO DI CRISTALLOGRAFIA DEL CNR (Sede di Roma)";"00016";"690672634";"690672630";"fausto.daprile@ic.cnr.it";"www.cnr.it/sitocnr/iservizi/museidelcnr/cristallografica/informazionecristallografica.html";"41.9027835";"12.4963655"
"Roma";"Roma";"Non MIBACT";;;;;;"GALLERIA DELL'ACCADEMIA NAZIONALE DI SAN LUCA";"PIAZZA DELL'ACCADEMIA DI SAN LUCA 77; 00187 ROMA";"-";"-";"00187";"66798850";"669924362";"archivio@accademiasanluca.it";"www.accademiasanluca.it";"41.901669";"12.4836149"
"Roma";"Roma";"Non MIBACT";;;;;;"ISTITUTO STORICO E DI CULTURA DELL'ARMA DEL GENIO";"LUNGOTEVERE DELLA VITTORIA; 31";"-";"-";"00195";"63725446";"63725446";"istituto_genio@esercito.difesa.it";"-";"41.9231151";"12.4607131"
"Roma";"Roma";"Non MIBACT";;;;;;"MUSEO STORICO GRANATIERI DI SARDEGNA";"PIAZZA SANTA CROCE IN GERUSALEMME  7";"-";"Palazzina";"00185";"67028287";"-";"museostoricogranatieri@gmail.com";"-";"41.8888768";"12.5143267"
"Roma";"Roma";"Non MIBACT";;;;;;"MUSEO STORICO DELLA FANTERIA";"PIAZZA S. CROCE IN GERUSALEMME; 9";"-";"-";"00185";"67027971";"67027971";"urp@persomil.difesa.it  museo_fanteria@esercito.difesa.it";"-";"41.8889134";"12.5141899"
"Roma";"Roma";"Non MIBACT";;;;;;"MUSEO STORICO DELLA MOTORIZZAZIONE MILITARE DELL'ESERCITO";"VIALE DELL'ESERCITO; 170";"CECCHIGNOLA";"CASERMA 'ARPAIA'";"00143";"06 50237374";"06 50237374";"museo@comlogpro.esercito.difesa.it";"www.comlogpro.esercito.difesa.it";"41.80589";"12.49709"
"Roma";"Roma";"Non MIBACT";;;;;;"MUSEO STORICO DELLA COMUNICAZIONE";"VIALE EUROPA 190";"-";"Eur -  Ministero dello Sviluppo Economico";"00144";"06 54443000";"06 54221673";"museo.comunicazioni@sviluppoeconomico.gov.it";"www.sviluppoeconomico.gov.it/museo";"41.83129";"12.46763"
"Roma";"Roma";"Non MIBACT";;;;;;"MUSEO STORICO DELL'ARMA DEI CARABINIERI";"PIAZZA RISORGIMENTO N. 46";"-";"-";"00192";"66896696";"66896696";"cgmuseodir@carabinieri.it";"www.carabinieri.it";"41.9062671";"12.4590339"
"Roma";"Roma";"Non MIBACT";"OMR";;"Sistema Musei in Comune";;;"museo civico DI ZOOLOGIA";"via Ulisse Aldrovandi; 18";"-";"-";"00197";"667109270";"632650186";"info.museodizoologia@roma.it";"www.museodizoologia.it";"41.9192735";"12.4887006"
"Roma";"Roma";"Non MIBACT";"OMR";;"Sistema Musei in Comune";;;"Museo della civiltà romana";"piazza Giovanni Agnelli; 10";"-";"Palazzo storico";"00144";"65926041";"65926135";"info.museociviltaromana@comune.roma.it";"www.museociviltaromana.org";"41.8314";"12.47772"
"Roma";"Roma";"Non MIBACT";;;;;;"MUSEO DELL'ARTE CLASSICA (GIPSOTECA)";"piazzale Aldo Moro; 5";"-";"EDIFICIO EX FACOLTA' LETTERE; UNIVERSITA' DI ROMA 'LA SAPIENZA'";"00185";"649913960";"649913955";"mariagrazia.picozzi@uniroma1.it";"-";"41.9033594";"12.515426"
"Roma";"Roma";"Non MIBACT";;;"Sistema Musei in Comune";;;"MUSEO DELLE MURA DI ROMA";"via di Porta San Sebastiano; 18";"-";"Porta S. Sebastiano";"00179";"670475284";"670475284";"museomura@zetema.it";"www.museiincomune.it";"41.8752641";"12.5006711"
"Roma";"Roma";"Non MIBACT";;;;;;"MUSEO STORICO DIDATTICO DI GIOCHI E GIOCATTOLI DEL '900 'LA MEMORIA GIOCOSA'";"via Vincenzo Coranelli; 26/a";"Quartiere Pigneto";"-";"00176";"621700782";"621700782";"memoriagiocosa@libero.it";"-";"41.8851401";"12.5336038"
"Roma";"Roma";"Non MIBACT";"OMR";;"Sistema Musei in Comune";;;"GALLERIA D'ARTE MODERNA DI ROMA CAPITALE";"via Francesco Crispi; 24";"Roma";"c/o ex Convento Carmelitane Scalze (sec. XVIII)";"00187";"06-4742848";"06-4742912";"info@galleriaartemodernaroma.it";"www.galleriaartemodernaroma.it";"41.9038437";"12.4857798"
"Roma";"Roma";"Non MIBACT";;;;;;"MAXXI - MUSEO NAZIONALE DELLE ARTI DEL XXI SECOLO";"via Guido Reni; 4/a";"Roma";"-";"00196";"063225178  32101838";"632101839";"segreteria@fondazionemaxxi.it";"www.fondazionemaxxi.it";"41.9284846";"12.4664813"
"Roma";"Roma";"Non MIBACT";"OMR";;"Sistema Musei in Comune";;;"MUSEO DEI FORI IMPERIALI NEI MERCATI DI TRAIANO";"via IV novembre; 94";"-";"Palazzo storico e complesso archeologico";"00187";"669941020";"669780532";"info@mercatiditraiano.it";"www.mercatiditraiano.it";"41.8961298";"12.4856019"
"Roma";"Roma";"MIBACT";;;;;;"Istituto Nazionale per la Grafica";"Via della Stamperia; 6";"-";"Fontana di Trevi";"00187";"0669980238";"0669921474";"in-g.ufficiostampa@beniculturali.it";"www.grafica.beniculturali.it";"41.90154";"12.48349"
"Roma";"Roma";"MIBACT";;;;;;"Anfiteatro Flavio (Colosseo)";"Piazza del Colosseo";"-";"-";"00184";"0677400920";"0677400930";"ssba-rm.colosseo@beniculturali.it";"htpp//:archeoroma.beniculturali.it";"41.8899875";"12.4940126"
"Roma";"Roma";"MIBACT";;;;;;"Galleria Nazionale d'Arte Antica in Palazzo Barberini";"Via Quattro Fontane; 13";"-";"Palazzo Barberini";"00184";"064824184";"064880560";"spsae-rm.gnaa@beniculturali.it";"http://galleriabarberini.it";"41.9027991";"12.489445"
"Roma";"Roma";"MIBACT";;;;;;"Galleria Nazionale d'Arte Moderna e Contemporanea";"Via delle Belle Arti; 131";"-";"-";"00196";"063221015";"063221579";"s-gnam@beniculturali.it";"www.gnam.beniculturali.it";;
"Roma";"Roma";"MIBACT";;;;;"x";"Galleria Spada";"Piazza Capo di Ferro; 13";"-";"Palazzo Spada";"00186";"066861158";"066861158";"-";"-";"41.894527";"12.4720778"
"Roma";"Roma";"MIBACT";;;;;;"Museo Nazionale delle Arti e Tradizioni Popolari";"Piazza Marconi; 8/10";"-";"-";"00144";"065926148";"065911848";"ic-d@beniculturali.it";"www.idea.mat.beniculturali.it";"41.8344805";"12.4701382"
"Roma";"Roma";"MIBACT";;;;;;"Galleria Borghese";"Piazzale Scipione Borghese; 5";"-";"Palazzo";"00197";"068413979";"068840756";"sspsae-rm.borghese@beniculturali.it";"http://galleriaborghese.beniculturali.it";"41.91435999999999";"12.49235"
"Roma";"Roma";"MIBACT";;;;;"x";"Museo Mario Praz";"Via Zanardelli; 1";"-";"-";"00186";"06 6861089";"06 6861089";"museopraz@museopraz.191.it";"www.museopraz.beniculturali.it";"41.901542";"12.4721632"
"Roma";"Roma";"MIBACT";;;;;;"Museo Nazionale d'Arte Orientale ""Giuseppe Tucci""";"Via Merulana; 248";"-";"Palazzo Brancaccio";"00185";"064697481";"0646974837";"mn-ao@beniculturali.it";"www.museorientale.beniculturali.it";"41.8945258";"12.5004098"
"Roma";"Roma";"MIBACT";;;;;;"Museo Nazionale del Palazzo di Venezia";"Via del Plebiscito; 118";"Rione Pigna";"Palazzo";"00186";"0669994284";"0669994394";"sspsae-rm.mpv@beniculturali.it";"www.museopalazzovenezia.beniculturali.it";"41.89642";"12.48103"
"Roma";"Roma";"MIBACT";;;;;;"Museo Nazionale Romano - Palazzo Massimo alle Terme";"Largo di Villa Peretti; 1";"-";"-";"00185";"06 48020";"06 4815563";"-";"http://archeoroma.beniculturali.it/musei/museo-nazionale-romano-palazzo-massimo";"41.9016243";"12.4979058"
"Roma";"Roma";"MIBACT";;;;;;"Museo Nazionale Preistorico ed Etnografico ""L. Pigorini""";"Piazza Guglielmo Marconi; 14";"EUR";"Palazzo delle Scienze";"00144";"06549521";"0654952310";"s-mnpe@beniculturali.it";"www.pigorini.beniculturali.it";"41.8344805";"12.4701382"
"Roma";"Roma";"MIBACT";;;;;;"Scavi di Ostia Antica e Museo";"Viale dei Romagnoli; 717";"Ostia Antica";"-";"00119";"06 56358099";"06 5651500";"ssba-rm.osan@beniculturali.it";"-";"41.760558";"12.3029318"
"Roma";"Roma";"MIBACT";;;;;;"Area Archeologica di Veio - Santuario Etrusco dell'Apollo";"Via Riserva Campetti";"Località Isola Farnese (Portonaccio)";"-";"00123";"0630890116";"-";"-";"-";"42.0210807";"12.3888035"
"Roma";"Roma";"MIBACT";;;;;;"Terme di Caracalla";"Via delle Terme di Caracalla; 52";"-";"-";"00153";"0657174520";"0657174530";"ssba-rm.termecaracalla@beniculturali.it";"www.archeoroma.it";"41.8787428";"12.4956142"
"Roma";"Roma";"MIBACT";;;;;;"Tomba di Cecilia Metella";"Via Appia Antica; 161";"-";"Tomba di Cecilia Metella nel Castrum Caetani";"00179";"067844271";"0678442730";"-";"htpp://www.archeoroma.beniculturali.it";"41.8521128";"12.5209185"
"Roma";"Roma";"MIBACT";;;;;;"Palazzo Altemps";"Piazza di Sant'Apollinare; 46";"-";"-";"186";"06684851";"066897091";"ssba-rm.palazzoaltemps@beniculturali.it";"http://archeoroma.beniculturali.it";"41.9012439";"12.4728648"
"Roma";"Roma";"MIBACT";;;;;"x";"Museo Hendrik Christian Andersen";"Via P. S. Mancini; 18/24";"-";"-";"196";"063219089";"063219089";"s-gnam.museoandersen@beniculturali.it";"www.museoandersen.beniculturali.it";;
"Roma";"Roma";"MIBACT";;;;;;"Crypta Balbi";"Via delle Botteghe Oscure; 31";"-";"-";"186";"066977671";"0669776728";"laura.vendittelli@beniculturali.it";"www.archeoroma.beniculturali.it";"41.8948851";"12.4783737"
"Roma";"Roma";"MIBACT";;;;;;"Villa dei Quintili";"Via Appia Nuova; 1092";"Statuario";"Area archeologica estesa tra Via Appia Nuova e Via Appia Antica";"00178";"067129121";"0671291230";"SSBA-rm.villadeiquintili@beniculturali.it";"htpp://www.archeoroma.beniculturali.it";"41.8315027";"12.5548201"
"Roma";"Roma";"MIBACT";;;;;;"Foro Romano e Palatino";"Largo Romolo e Remo";"Roma";"-";"185";"06699841";"066787689";"ssba-rm@beniculturali.it";"www.archeoroma.beniculturali.it";"41.8930999";"12.48698"
"Roma";"Roma";"MIBACT";;;;;;"Complesso di Capo di Bove";"Via Appia Antica; 222";"-";"Area archeologica presso villa/casale lungo la Via Appia Antica";"00178";"067806686";"0678358742";"-";"htpp://www.archeoroma.beniculturali.it";"41.848625";"12.5244444"
"Roma";"Roma";"MIBACT";;;;;;"Castello di Giulio II";"Piazza della Rocca";"Borgo - Ostia Antica";"-";"119";"-";"-";"-";"-";"41.8673384";"12.6888315"
"Roma";"Roma";"MIBACT";;;;;;"Complesso Archeologico di Malborghetto";"Via Barlassina; 1";"Via Flaminia; Km 19;00";"-";"188";"0633625595";"0633616477";"-";"www.archeoroma.it";"42.05217";"12.48683"
"Roma";"Roma";"MIBACT";;;;;"x";"Museo Boncompagni Ludovisi per le Arti Decorative; Costume e Moda";"Via Boncompagni; 18";"-";"-";"187";"06 42824074";"06 42824074";"s-gnam.museoboncompagni@beniculturali.it";"-";"41.90867";"12.49464"
"Roma";"Roma";"MIBACT";;;;;;"Pantheon";"Piazza della Rotonda; snc";"-";"-";"186";"06 683002";"06 683002";"sbap-rm.pantheon@beniculturali.it";"www.sbap-roma.beniculturali.it";"42.0339149";"13.4299497"
"Roma";"Roma";"MIBACT";;;;;;"Villa di Livia";"Via della Villa di Livia; 1";"Via Flaminia; Km 14;00";"-";"188";"0633626826";"-";"-";"www.archeoroma.it";"42.0007794";"12.493415"
"Roma";"Roma";"MIBACT";;;;;;"Galleria Nazionale d'Arte Antica in Palazzo Corsini";"Via della Lungara; 10";"-";"Palazzo Corsini";"00165";"0668802323";"0668133192";"sspsae-rm.galleriacorsini@beniculturali.it";"www.galleriacorsini@beniculturali.it";"41.8931988";"12.4669658"
"Roma";"Roma";"MIBACT";;;;;;"Museo nazionale dell'Alto Medioevo";"Viale Lincoln; 3";"-";"-";"144";"0654228199";"06 54228130";"ssba-rm.ostia.medioevo@beniculturali.it";"-";"41.8326711";"12.4722505"
"Roma";"Roma";"MIBACT";;;;;;"Museo della Via Ostiense";"Via R. Persichetti; 3";"Porta San Paolo";"-";"154";"-";"-";"-";"-";"41.8842328";"12.3401724"
"Roma";"Roma";"MIBACT";;;;;;"Museo Nazionale Etrusco di Villa Giulia";"Piazzale di Villa Giulia";"-";"-";"00196";"063226571";"063202010";"sba-em@beniculturali.it";"www.villagiulia.beniculturali.it";"41.91829269999999";"12.4778108"
"Roma";"Roma";"MIBACT";;;;;;"Museo Nazionale degli Strumenti Musicali";"Piazza Santa Croce in Gerusalemme; 9/a";"-";"-";"00185";"067014796";"067029862";"-";"-";"41.8888768";"12.5143267"
"Roma";"Roma";"MIBACT";;;;;;"Museo Nazionale di Castel Sant'Angelo";"Lungotevere Castello";"-";"-";"00193";"066819111";"0668191196";"sspsae-rm.santangelo@beniculturali.it";"www.castelsantangelo.beniculturali.it";"41.9030632";"12.466276"
"Roma";"Roma";"MIBACT";;;;;;"Parco Archeologico delle Tombe della Via Latina";"Via Arco di Travertino; 151";"-";"-";"178";"067809255";"067809255";"-";"www.archeoroma.beniculturali.it/siti_archeologici/suburbio/tombe_via_latina";;
"Roma";"Roma";"MIBACT";;;;;;"Museo Nazionale Romano - Terme di Diocleziano";"Vie E. De Nicola";"Stazione Termini";"-";"00185";"06477881";"064814190";"rosanna.friggeri@beniculturali.it";"www.archeoroma.beniculturali.it";"41.9031436";"12.5002411"
"Roma";"Roma";"MIBACT";;;;;;"Monumento a Vittorio Emanuele II (Vittoriano)";"Piazza Venezia";"-";"-";"00186";"066780664";"0658434787";"dr-laz@beniculturali.it";"www.lazio.beniculturali.it";"41.8959938";"12.482046"
"Roma";"Roma";"Non MIBACT";"OMR";;;;;"museo del videogioco VIGAMUS";"via Sabotino 4";;;"00195";"06 4547 5940";;;"www.vigamus.com";"41.9167809";"12.4596739"
"Roma";"Roma";"Non MIBACT";"OMR";;;;;"Museo di Villa Vecchia in Villa Doria Pamphilj";"via Aurelia antica 183";;"Villa Doria Pamphilj";"00183";"06 39376616";"06 39380994";;"www.060608.it/it/cultura-e-svago/beni-culturali/musei/museo-di-villa-vecchia-villa-doria-pamphilj.html";"41.889109";"12.4450949"
"Roma";"Roma";"Non MIBACT";"OMR";;;;;"Museo d'arte sacra di San Giovanni dei Fiorentini";"via degli Acciaioli 2";;"Chiesa di San Giovanni dei Fiorentini";"00186";"06 6869892";;"info@sangiovannideifiorentini.net";"www.sangiovannideifiorentini.net/index.php/museo/";"41.8997853";"12.4642428"
"Roviano";"Roma";"Non MIBACT";"OMR";"Sistema MEDANIENE";;"DEMOS";;"MUSEO DELLA CIVILTA' CONTADINA VALLE DELL'ANIENE";"PIAZZA S. GIOVANNI; 1";"-";"CASTELLO BRANCACCIO";"00027";"774903143";"774903008";"rovianomuseo@tiscali.it";"-";"42.05093600000001";"12.964165"
"Sabaudia";"Latina";"Non MIBACT";"OMR";;;;;"MUSEO DEL MARE E DELLA COSTA 'M. ZEI'";"PIAZZA VERBANIA; 1";"Sabaudia";"-";"04016";"773511340";"773514258";"museomarecosta@comune.sabaudia.latina.it";"www.comune.sabaudia.latina.it";"41.2989565";"13.0297517"
"Sabaudia";"Latina";"Non MIBACT";;;;;;"museo civico EMILIO GRECO";"PIAZZA DEL COMUNE";"Sabaudia";"PALAZZO COMUNALE";"04016";"773514258";"773518923";"ufficiocultura@comune.sabaudia.latina.it";"www.comune.sabaudia.latina.it";"41.3005926";"13.025879"
"San Cesareo";"Roma";"Non MIBACT";"OMR";"Sistema museale dei Castelli romani e prenestini MUSEUMGRANDTOUR";;;;"FERROVIA - MUSEO DELLA STAZIONE DI COLONNA";"VIA CASILINA; 17";"San Cesareo";"ex stazione di Colonna";"00030";"69439290";"694730008";"stazionecolonna@alice.it";"www.ferroviamuseo-colonna.it";"41.8240697";"12.8108383"
"San Donato Val di Comino";"Arsoli";"Non MIBACT";;;;;;"MUSEO DELLA CIVILTA' CONTADINA";"VIALE TENENTE MAURIZIO SIMONE; SNC";"-";"EDIFICIO SCUOLA ELEMENTARE";"03046";"776508701";"776508918";"info@comune.sandonatovaldicomino.fr.it";"-";"41.70890319999999";"13.8126414"
"San Donato Val di Comino";"Frosinone";"Non MIBACT";;;;;;"MUSEO GEOLOGICO TERRITORIALE";"VIA ROMA; 3";"-";"-";"03046";"776508701";"776508918";"info@comune.sandonatovaldicomino.fr.it";"-";"41.7068269";"13.813978"
"San Felice Circeo";"Latina";"Non MIBACT";;;;;;"MOSTRA PERMANENTE HOMO SAPIENS E HABITAT";"PIAZZA LANZUISI; 1";"SAN FELICE CIRCEO";"C/O TORRE DEI TEMPLARI";"04017";"3477896233";"-";"zeiroberto@libero.it";"www.fondazionemarcellozei.com";"41.2332483";"13.0884448"
"San Martino al Cimino";"Viterbo";"Non MIBACT";"OMR";"Rete urbana di Viterbo";;;;"museo dell'Abate";"piazza dell'oratorio";;"scriptorium dellAbbazia cistercense";"01100";"0761 379803";;;;"42.3693457";"12.1250064"
"San Polo dei Cavalieri";"Roma";"Non MIBACT";;;;;;"CASTELLO BARONALE ORSINI-CESI DI SAN POLO DEI CAVALIERI";"via Santa Lucia; 4";"-";"-";"00010";"774426133";"774426249";"amministrazione@energydi.it";"-";"42.009771";"12.83867"
"Sant'Oreste";"Roma";"Non MIBACT";"OMR";;;;;"MUSEO NATURALISTICO DEL MONTE SORATTE";"piazza Cavalieri Caccia";"-";"-";"00060";"761578185";"761578443";"museodelmontesoratte@libero.it  museodelfiume@libero.it";"-";;
"Santa Marinella";"Roma";"Non MIBACT";"OMR";;;"PROUST";;"museo civico ARCHEOLOGICO";"VIA DEL CASTELLO DI SANTA SEVERA";"Santa Severa";"Castello di Santa Severa";"00050";"766570077";"766570077";"muspyrgi@tiscali.it";"-";"42.0165652";"11.9574859"
"Santa Marinella";"Roma";"MIBACT";;;;;;"Antiquarium di Pyrgi e Area Archeologica";"-";"-";"Castello di Santa Severa";"00058";"0766570194";"0766570194";"sba-em@beniculturali.it";"-";"42.0335042";"11.8536061"
"Santa Marinella";"Roma";"Non MIBACT";"OMR";;;"PROUST";;"museo del mare e della navigazione antica";"via del Castello; Aurelia S.S 1 Km. 52;600";"Area archeologica di Pyrgi";"Castello di Santa Severa";;"0766 570077";;;"www.museosantasevera.org";;
"Saracinesco";"Roma";"Non MIBACT";"OMR";"Sistema PRE.GIO";;;;"museo del tempo";"centro storico e borgo (all'aperto)";;;"00020";;;;"www.tibursuperbum.it/ita/escursioni/saracinesco/MuseoTempo.htm";"42.0031174";"12.9533471"
"Segni";"Roma";"Non MIBACT";"OMR";"Sistema dei Monti Lepini";;"PROUST";;"MUSEO ARCHEOLOGICO COMUNALE DI SEGNI";"VIA LAURI; 1";"-";"Antico Palazzo della Comunità";"00037";"697.260.072";"697.260.072";"info@museosegni.it";"www.museosegni.it";"41.692865";"13.0236699"
"Sermoneta";"Latina";"Non MIBACT";;;;;;"MUSEO DELLA STORIA DELLA CERAMICA";"CORSO GARIBALDI";"-";"PALAZZO CAETANI";"04013";"77330151";"77330010";"sermonetacultura@virgilio.it";"-";"41.54859200000001";"12.9873353"
"Sermoneta";"Latina";"Non MIBACT";"OMR";;;"MUSART";;"MUSEO DIOCESANO D'ARTE SACRA - SEZIONE DI SERMONETA";"PIAZZA SANTA MARIA; SNC";"-";"-";"04010";"7736986105";"7736986111";"beniculturali@diocesi.latina.it";"-";;
"Sermoneta";"Latina";"Non MIBACT";"OMR";;;"MUSART";;"Abbazia di Valvisciolo";"via Badia; 14";"monte Corvino";"monastero cistercense";"04013";"0773 30013";;"abbaziavalvisciolo@yahoo.it";;"41.54997059999999";"12.9836868"
"Serrone";"Frosinone";"Non MIBACT";;;;;;"ESPOSIZIONE PERMANENTE DI COSTUMI TEATRALI";"PIAZZA PLEBISCITO";"Serrone";"Centro storico";"03010";"775523064";"775523277";"turismo.serrone@gmail.com";"www.comune.serrone.fr.it";"37.6515225";"12.5881435"
"Sezze";"Latina";"Non MIBACT";;;;;;"MUSEO LEPINO DELLA CIVILTA' CONTADINA";"VIA PIEMONTE; 35";"SEZZE SCALO";"-";"04018";"773876154";"773876154";"alessandrodinorma@libero.it";"-";"41.495245";"13.044572"
"Sezze";"Latina";"Non MIBACT";;;;;;"FORO APPIO";"VIA APPIA (KM 72;800); 5";"Borgo Faiti";"-";"04010";"773877434";"773800247";"info@foroappiohotel.it";"www.foroappiohotel.it";"41.4994158";"13.0617578"
"Sezze";"Latina";"Non MIBACT";"OMR";;;"DEMOS";;"MUSEO ETNOGRAFICO DEL GIOCATTOLO TERRITORIALE";"VIA UMBERTO PRIMO; 46/48";"-";"LUDOTECA COMUNALE";"04018";"773803797";"773803797";"ludoteca@comune.sezze.lt.it";"-";"41.4994158";"13.0617578"
"Sezze";"Latina";"Non MIBACT";"OMR";;;"MUSART";;"Museo diocesano";;"Palazzo dei Canonici";;"04018";"0773 886358 - 0773 6986105";;"archiviocapitolare@libero.it";;;
"Sezze";"Latina";"Non MIBACT";"OMR";"Sistema dei Monti Lepini";;;;"Museo etnografico del giocattolo LUDUS";"Via Umberto I 46/48";;"Palazzo Rappini";"04018";"0773 8081.402- 339 7879255";" 0773 808403";"museinsieme.sezze@gmail.com";"www.comune.sezze.lt.it/pagina432_museo-del-giocattolo.html";"41.498302";"13.060682"
"Sonnino";"Latina";"Non MIBACT";"OMR";;;"DEMOS";;"MUSEO DELLE TERRE DI CONFINE";"VIA GIACOMO ANTONELLI; 1";"Sonnino";"-";"04010";"329 8880509";"773908600";"museoterrediconfine@gmail.com";"-";"41.4159786";"13.2416047"
"Sora";"Frosinone";"Non MIBACT";"OMR";;;"PROUST";;"museo civico DELLA MEDIA VALLE DELL'IRI";"PIAZZA MAYER ROSS; SNC";"SORA";"-";"03039";"776833327";"776833327";"museo.sora@comune.sora.fr.it";"www.comune.sora.fr.it";"41.7188539";"13.6130491"
"Sperlonga";"Latina";"MIBACT";;;;;;"Museo Archeologico Nazionale e Area Archeologica";"Via Flacca; Km 16;300";"-";"-";"04029";"0771 548028";"0771 548028";"sba-laz.sperlonga@beniculturali.it";"www.archeolz.arti.beniculturali.it";"41.2259953";"13.5152434"
"Sutri";"Viterbo";"Non MIBACT";"OMR";;;;;"MUSEO DEL PATRIMONIUM";"VIA DI PORTAVECCHIA 79";"SUTRI";"EX PALAZZO DELLA COMUNITA'";"01015";"761600867";"761601232";"biblio@comune.sutri.vt.it";"www.comune.sutri.vt.it/";"42.24107";"12.224557"
"Sutri";"Viterbo";"MIBACT";;;;;;"Anfiteatro Romano";"Via Cassia; Km 49";"-";"-";"01015";"-";"-";"-";"-";"42.2439027";"12.2185381"
"Tarquinia";"Viterbo";"Non MIBACT";;;;;;"COLLEZIONE GIUSEPPE CULTRERA - MUSEO DELLA CERAMICA; DELLA SOCIETA' TARQUINIENSE; D'ARTE E STORIA";"VIA DELLE TORRI; 31";"-";"-";"01016";"766858194";"766858194";"tarquiniense@gmail.com";"-";"42.2542007";"11.7572723"
"Tarquinia";"Viterbo";"Non MIBACT";;;;;;"MUSEO DIOCESANO DI CIVITAVECCHIA-TARQUINIA";"VIA ROMA; 11";"-";"-";"01015";"766840843";"-";"insolera.giovanni@libero.it";"-";"42.2526725";"11.7565495"
"Tarquinia";"Viterbo";"MIBACT";;;;;;"Museo Archeologico Nazionale";"Piazza Cavour; 2";"Centro Storico";"-";"01016";"0761 856036";"-";"-";"htpp//:etruriameridionale.beniculturali.it/index.php?it/132/museo-archeologico-nazionale-tarquiniense";"42.2535581";"11.7556559"
"Tarquinia";"Viterbo";"MIBACT";;;;;;"Necropoli";"Via Ripagretta; snc";"Calvario";"-";"01016";"0766 856308";"-";"-";"htpp//:etruriameridionale.beniculturali.it/index.php?it/201/descrizione";"42.25418459999999";"11.7575684"
"Terracina";"Latina";"Non MIBACT";"OMR";;;"PROUST";;"museo civico ARCHEOLOGICO 'PIO CAPPONI'";"PIAZZA DEL MUNICIPIO; SNC";"-";"PALAZZO COMUNALE - TORRE FRUMENTARIA";"04019";"0773707313  07737072";"773707278";"direttoremuseo@comune.terracina.lt.it";"-";"41.2963728";"13.2332657"
"Tivoli";"Roma";"Non MIBACT";"OMR";;;;;"MUSEO DIDATTICO DEL LIBRO ANTICO";"PIAZZA TRENTO; 1";"Tivoli";"VILLA D'ESTE";"00019";"641204709";"641204709";"associazionefannius@gmail.com";"www.mdbr.it";"41.9627603";"12.7976986"
"Tivoli";"Roma";"MIBACT";;;;;;"Villa d'Este";"Piazza Trento; 5";"-";"-";"00019";"0774312070";"0774 318080";"villadestetivoli@tiscalinet.it";"www.villadestetivoli.info";"41.962238";"12.7969449"
"Tivoli";"Roma";"MIBACT";;;;;;"Area Archeologica di Villa Adriana";"Largo Marguerite Yourcenar; 1";"Villa Adriana";"-";"00010";"0774 530203";"0774 531979";"villaadriana@beniculturali.it";"www.villaadriana.beniculturali.it";"41.959817";"12.8022261"
"Toffia";"Rieti";"Non MIBACT";;;;;;"MUSEO MARIA PETRUCCI";"VIA DELLA ROCCA; 21";"-";"-";"02039";"765326248";"765326248";"petruccimaria@gmail.com";"www.mariapetrucci.it";"42.212187";"12.752795"
"Tolfa";"Roma";"Non MIBACT";;;;;;"museo civico ARCHEOLOGICO";"LARGO 15 MARZO 1799; SNC";"-";"EX CONVENTO DEI PADRI AGOSTINIANI";"00059";"76692127";"7669390243";"museotolfa@tiscali.it";"-";"42.1497058";"11.9380648"
"Trevi nel Lazio";"Frosinone";"Non MIBACT";"OMR";"Sistema PRE.GIO";;;;"museo archeologico “Domenico Antonio Pierantoni”";"via Eresio Fertore";;"Castello Caetani";"03010";;;;;;
"Trevignano Romano";"Roma";"Non MIBACT";"OMR";;;;;"museo civico ETRUSCO-ROMANO";"PIAZZA VITTORIO EMANUELE III; 1";"-";"PALAZZO COMUNALE";"00069";"6999120201";"69999848";"museocivico@trevignanoromano.it";"www.trevignanoromano.it";"42.1562875";"12.2456017"
"Tuscania";"Viterbo";"Non MIBACT";;;;;;"RACCOLTA DI MONTEBELLO DEL MAESTRO GIUSEPPE CESETTI";"CENTRO STRADA MONTEBELLO; 3";"-";"-";"01017";"761442695";"-";"-";"-";"42.3550533";"11.8011922"
"Tuscania";"Viterbo";"MIBACT";;;;;;"Chiesa San Pietro";"-";"Località Tuscania";"-";"1017";"-";"-";"-";"-";"13.6174752";"-89.2857674"
"Tuscania";"Viterbo";"MIBACT";;;;;;"Museo Archeologico Nazionale";"Largo Mario Moretti; 1";"-";"c/o Chiesa della Madonna del Riposo";"1017";"0761 436209";"0761 436209";"sba-em@beniculturali.it";"htpp//:etruriameridionale.beniculturali.it";;
"Tuscania";"Viterbo";"MIBACT";;;;;;"Necropoli ""Madonna dell'Olivo""";"-";"Località Madonna dell'Olivo";"c/o Chiesa di Madonna dell'Olivo";"1017";"-";"-";"sba-em@beniculturali.it";"htpp//:etruriameridionale.beniculturali.it";"13.6174752";"-89.2857674"
"Valentano";"Viterbo";"Non MIBACT";"OMR";"Sistema museale del lago di Bolsena";;"PROUST";;"MUSEO DELLA PREISTORIA DELLA TUSCIA E DELLA ROCCA FARNESE";"piazza della Vittoria; 11";"-";"Rocca Farnese";"01018";"761420018";"761420018";"museo.valentano@alice.it";"www.simulabo.it";"44.2083267";"10.7951236"
"Vallecorsa";"Frosinone";"Non MIBACT";;;;"DEMOS";;"MUSEO DEMOETNOANTROPOLOGICO";"VIA G. MARCONI; 1";"-";"Chiesa Sant'Antonio";"03020";"775679017";"775679867";"vallecorsa@libero.it";"-";"41.50588";"13.4079339"
"Vallepietra";"Roma";"Non MIBACT";;;;;;"museo civico DEGLI EX-VOTO";"PIAZZA ITALIA; 2";"-";"Municipio";"00020";"774899031";"774899150";"info@comunevallepietra.it";"-";"41.9268164";"13.231029"
"Vallepietra";"Roma";"Non MIBACT";;;;;;"SALE MUSEALI 'EX VOTO' SANTUARIO SANTISSIMA TRINITA' VALLE PIETRA";"SANTUARIO SANTISSIMA TRINITA'";"Vallepietra";"Santuario";"00020";"774899084";"774899084";"p.vallepietra@tiscalinet.it";"-";"41.9257111";"13.2305501"
"Valmontone";"Roma";"Non MIBACT";"OMR";"Sistema museale dei Castelli romani e prenestini MUSEUMGRANDTOUR";;;;"MUSEO DI PALAZZO DORIA PAMPHILJ";"PIAZZA UMBERTO PILOZZI; 9";"-";"Palazzo Doria Pamphilj";"00038";"695990229";"-";"cultura@comune.valmontone.rm.gov.it";"-";"41.7745041";"12.9190465"
"Vasanello";"Viterbo";"Non MIBACT";"OMR";;;;;"MUSEO DELLA CERAMICA DI VASANELLO";"VIA S. SALVATORE; 19";"VASANELLO";"PALAZZO COMUNALE";"01030";"7614089302";"3392077494";"tamarapatilli@libero.it";"-";"42.41843250000001";"12.347133"
"Velletri";"Roma";"Non MIBACT";"OMR";;"Sistema museale urbano di Velletri";"PROUST";;"museo civico ARCHEOLOGICO ORESTE NARDINI";"VIA G.MAMELI; 6";"Velletri";"Palazzo Comunale";"00049";"696158268";"696158239";"museo.civico@comune.velletri.rm.it";"www.velletrimusei.it";;
"Velletri";"Roma";"Non MIBACT";"OMR";;"Sistema museale urbano di Velletri";"PROUST";;"museo civico DI GEOPALEONTOLOGIA E PREISTORIA DEI COLLI ALBANI";"VIA G. MAMELI; 4";"Velletri";"palazzo comunale";"00049";"696158268";"696158239";"museo.civico@comune.velletri.rm.it";"www.velletrimusei.it";"41.6862102";"12.7770365"
"Velletri";"Roma";"Non MIBACT";"OMR";;"Sistema museale urbano di Velletri";;;"MUSEO DIOCESANO VELLETRI";"CORSO DELLA REPUBBLICA; 347";"Velletri";"Palazzo vescovile";"00049";"69628838";"69628838";"museo@museodiocesanovelletri.com";"www.museodiocesanovelletri.it";"41.682847";"12.775827"
"Ventotene";"Latina";"Non MIBACT";"OMR";;;;;"MUSEO STORICO ARCHEOLOGICO COMUNALE";"PIAZZA CASTELLO 1";"Ventotene";"Forte torre borbonico - sede comunale";"04020";"771854226";"771854061";"riservaventotene@comune.ventotene.lt.it";"www.riservaventotene.it";"40.796358";"13.432965"
"Ventotene";"Latina";"Non MIBACT";"OMR";;;"RESINA";;"museo della migrazione";;"loc. il semaforo";;"04020";"0771 85275 / 340 5412447";;"museoimigrazioneventotene@gmail.com";;;
"Veroli";"Frosinone";"Non MIBACT";;;;;;"MUSEO DELLE ERBE DEI MONTI ERNICI";"PIAZZA MAZZOLI; 10";"-";"-";"03029";"775237081";"775230914";"segreteria.veroli@libero.it";"www.comune.veroli.fr.it";"41.6907002";"13.4178082"
"Veroli";"Frosinone";"Non MIBACT";;;;;;"MUSEO  DEL DUOMO";"piazza Duomo; 3";"-";"-";"03029";"775237020";"775237020";"giup64@infinito.it";"-";"41.69109";"13.41747"
"Veroli";"Frosinone";"Non MIBACT";"OMR";;;"PROUST";;"MUSEO DELL'ABBAZIA DI CASAMARI";"via Mària; 25";" Casamari";"Abbazia di Casamari";"03029";"0775-282371";"0775-281020";"info@abbaziadicasamari.it  mariaromanapicuti@alice.it";"www.casamari.it";"41.6677359";"13.4365256"
"Vico nel Lazio";"Frosinone";"Non MIBACT";;;;;;"MUSEO ALLA PACE 'I NUOVI PRIMITIVI'";"VIA GUGLIELMO MARCONI; 56";"-";"C/O Palazzo del Governatore";"03010";"77541662";"775418932";"luciano.dabbruzzo@alice.it";"-";"41.777896";"13.342014"
"Viterbo";"Viterbo";"Non MIBACT";"OMR";;"Sistema museale urbano di Viterbo";;;"MUSEO DEL SODALIZIO DEI FACCHINI DI SANTA ROSA";"VIA S. PELLEGRINO 60-62";"-";"-";"01100";"761345157";"-";"-";"-";"42.41386";"12.1059"
"Viterbo";"Viterbo";"Non MIBACT";"OMR";;"Sistema museale urbano di Viterbo";"MUSART";;"MUSEO DELLA CERAMICA DELLA TUSCIA";"VIA CAVOUR; 67";"-";"-";"01100";"761346136";"761223674";"laboratorioceramica@libero.it";"www.museodellaceramicadellatuscia.com";"42.4157124";"12.1063946"
"Viterbo";"Viterbo";"Non MIBACT";;;;;;"MUSEO ERBARIO DELLA TUSCIA (UTV)";"VIA S. CAMILLO DE LELLIS; SNC";"-";"UNIVERSITA' DEGLI STUDI DELLA TUSCIA; ex Facoltà di Agraria - vecchio edificio";"01100";"761357490";"761357028";"erbario@unitus.it";"www.unitus.it  www.sma.unitus.it";"42.4206766";"12.107669"
"Viterbo";"Viterbo";"Non MIBACT";"OMR";;"Sistema museale urbano di Viterbo";;;"NUSEO DEL COLLE DEL DUOMO";"PIAZZA S. LORENZO; 8A";"-";"-";"01100";"3477010187";"-";"museocolledelduomo@libero.it";"www.museocolledelduomo.it";"42.4154868";"12.1014472"
"Viterbo";"Viterbo";"Non MIBACT";;;"Sistema museale urbano di Viterbo";;;"museo civico";"PIAZZA FRANCESCO CRISPI; 2";"Viterbo";"Ex convento e Chiostro  della Chiesa di S.Maria della Verità";"01100";"761348276";"761348276";"museocivico@comune.viterbo.it";"www.comuneviterbo.it link museocivico";"42.4176727";"12.1105913"
"Viterbo";"Viterbo";"Non MIBACT";"OBR";;;;;"BIBLIOTECA S. GIUSEPPE";"VIALE A. DIAZ; 25";"-";"ISTITUTO TEOLOGICO 'S. PIETRO'";"01100";"761343134";"761321026";"biblioteca.sangiuseppe@teologicoviterbese.it";"-";"42.4125612";"12.1097772"
"Viterbo";"Viterbo";"Non MIBACT";;;;;;"CONFRATERNITA SS.SACRAMENTO E S.ROSARIO";"PIAZZA ORATORIO 5";"FRAZIONE S. Martino al Cimino";"Abbazia Cistercense di S.Martino al Cimino";"01100";"761379301";"-";"confraternitasanmartino@gmail.com";"www.abbaziasanmartinoalcimino.it";"42.41576980000001";"12.113354"
"Viterbo";"Viterbo";"MIBACT";;;;;"x";"Villa Lante della Rovere";"Via Jacopo Barozzi; 71";"Località Bagnaia";"-";"1031";"-";"-";"-";"-";"42.42681";"12.15479"
"Viterbo";"Viterbo";"MIBACT";;;;;;"Area Archeologica Antica Città di Ferento";"Strada Provinciale Teverina; Km 8;000";"-";"-";"01100";"-";"-";"-";"-";"42.4206766";"12.107669"
"Viterbo";"Viterbo";"MIBACT";;;"Sistema museale urbano di Viterbo";;;"Museo Nazionale Etrusco di Rocca Albornoz";"Piazza della Rocca; 21/b";"-";"-";"01100";"0761 325929";"0761 325929";"sba-em.roccaalbornoz@beniculturali.it";"www.etruriameridionale.beniculturali.it";"42.4216431";"12.1044907"
"Zagarolo";"Roma";"Non MIBACT";"OMR";"Sistema museale dei Castelli romani e prenestini MUSEUMGRANDTOUR";;;;"MUSEO DEMOETNOANTROPOLOGICO DEL GIOCATTOLO";"PIAZZA INDIPENDENZA";"Zagarolo";"PALAZZO RUSPIGLIOSI";"00039";"695769405";"69524572";"info@museogiocattolo.it";"www.museogiocattolo.it";"41.8379548";"12.8311353"
