DO_Y;REGIONE;SAR TUT;DO_X;SAR TI;SELEZ;LABEL;SAR CD;PROVINCIA;NUM;gid;CODICE ISTAT COMUNE;LOCALITA;SAR NM;COMUNE;DESCRIZIONE;SAR ID
46.3696565110116;Trentino-Alto Adige;1;11.0872197179618;20;1;A71;20155001;TRENTO;71;1;155;doss del Busem;1;Romeno;insediamento di epoca romana e altomedievale;358
46.394480072542;Trentino-Alto Adige;2;11.1208412938707;20;0;;20155003;TRENTO;0;2;155;centro;3;Romeno;abitato di epoca romana;360
46.3941750522478;Trentino-Alto Adige;2;11.1096057372661;20;1;A72;20155002;TRENTO;72;3;155;S.Bartolomeo;2;Romeno;necropoli di età romana e altomedievale;359
46.0337576786658;Trentino-Alto Adige;3;11.3933169834972;20;0;;20156001;TRENTO;0;4;156;Marter;1;Roncegno;materiale sporadico di epoca romana;361
46.0852565964332;Trentino-Alto Adige;3;11.4015207133024;20;1;A73;20157001;TRENTO;73;5;157;lago delle Carezze;1;Ronchi Valsugana;attività fusoria dell'età del Bronzo;362
45.9752714893188;Trentino-Alto Adige;2;10.6637483176636;20;1;A74;20158001;TRENTO;74;6;158;Fontanedo;1;Roncone;insediamento età del ferro;179
46.2451101778668;Trentino-Alto Adige;3;11.1686562039569;20;0;;20160003;TRENTO;0;7;160;ai Feldi;3;Rovere' della Luna;necropoli romana;365
46.2492743355174;Trentino-Alto Adige;3;11.1711766681846;20;0;;20160001;TRENTO;0;8;160;Novaletti;1;Rovere' della Luna;necropoli romana;363
46.2470179750044;Trentino-Alto Adige;3;11.1651088683317;20;0;;20160002;TRENTO;0;9;160;Lomeri;2;Rovere' della Luna;necropoli romana;364
45.8831400154625;Trentino-Alto Adige;3;11.0192034328277;21;1;A75;21161001;TRENTO;75;10;161;Sacco-Dosso Alto;1;Rovereto;Insediamento dell'età del Bronzo;570
45.9112775420424;Trentino-Alto Adige;2;11.0421246182306;20;0;;20161017;TRENTO;0;11;161;S.Ilario;17;Rovereto;necropoli altomedievale;375
45.9035593845701;Trentino-Alto Adige;3;11.0338160501432;20;0;;20161018;TRENTO;0;12;161;Sabbioni Alti;18;Rovereto;necropoli altomedievale;376
45.9017852038208;Trentino-Alto Adige;2;11.0447124148162;20;0;;20161019;TRENTO;0;13;161;Dosso di Pozzo;19;Rovereto;necropoli di epoca romana e altomedievale;377
45.8715174319982;Trentino-Alto Adige;3;11.0328088298946;20;0;;20161005;TRENTO;0;14;161;Lizzana-Lovri;5;Rovereto;necropoli romana e altomedievale;367
45.868702483125;Trentino-Alto Adige;3;11.0334421419247;20;0;;20161006;TRENTO;0;15;161;Lizzana-via Nazionale;6;Rovereto;necropoli romana;368
45.8591029781934;Trentino-Alto Adige;1;11.035990352771;20;0;;20161007;TRENTO;0;16;161;Busa dell'Adamo;7;Rovereto;sottoroccia del periodo mesolitico-neolitico;369
45.8888963204464;Trentino-Alto Adige;3;11.0414502906156;20;0;;20161002;TRENTO;0;17;161;centro storico;2;Rovereto;materiale romano e altomedievale;366
45.8946963786793;Trentino-Alto Adige;2;11.0210017595947;20;0;;20161020;TRENTO;0;18;161;Longariva;20;Rovereto;materiale sporadico del periodo neolitico e dell'età del Bronzo;378
45.8958383216074;Trentino-Alto Adige;2;11.0289321079056;20;0;;20161014;TRENTO;0;19;161;colle di S.Giorgio;14;Rovereto;necropoli romana;372
45.8931796437035;Trentino-Alto Adige;2;11.0437663687726;20;0;;20161015;TRENTO;0;20;161;corso Bettini;15;Rovereto;necropoli altomedievale;373
45.8915030427659;Trentino-Alto Adige;3;11.0676532447123;20;0;;20161016;TRENTO;0;21;161;Zaffoni;16;Rovereto;necropoli romana;374
45.8952373328413;Trentino-Alto Adige;3;11.0679530583671;20;0;;20161021;TRENTO;0;22;161;Saltaria;21;Rovereto;materiale sporadico di epoca romana;379
45.8982887610882;Trentino-Alto Adige;3;11.0629632172593;20;0;;20161022;TRENTO;0;23;161;Toldi;22;Rovereto;materiale sporadico di epoca romana;380
45.8432447545496;Trentino-Alto Adige;3;11.0100365358993;20;0;;20161008;TRENTO;0;24;161;Marco-Rischie-Griffa;8;Rovereto;necropoli romana;370
45.8430088768958;Trentino-Alto Adige;3;11.0101423286366;20;0;;20161011;TRENTO;0;25;161;Marco-Saline-Chiusura;11;Rovereto;necropoli romana;371
46.4528472100977;Trentino-Alto Adige;3;11.0111274480585;20;0;;20163001;TRENTO;0;26;163;Lanza-Placeri;1;Rumo;materiale sporadico di epoca romana e altomedievale;381
46.4386436012081;Trentino-Alto Adige;3;11.0234775256718;20;0;;20163002;TRENTO;0;27;163;Placeri;2;Rumo;Materiale Altomedievale;382
46.0735501975711;Trentino-Alto Adige;2;10.9132024954204;20;0;;20166001;TRENTO;0;28;166;doss Mani;1;San Lorenzo in Banale;edificio di epoca romana;383
46.1943336101683;Trentino-Alto Adige;3;11.1355863070343;20;0;;20167001;TRENTO;0;29;167;zona Istituto Agrario;1;San Michele all'Adige;necropoli romana;384
46.1949039533351;Trentino-Alto Adige;3;11.1349263851234;20;0;;20167002;TRENTO;0;30;167;cortile ex Convento;2;San Michele all'Adige;necropoli medievale;385
46.1090192543274;Trentino-Alto Adige;2;11.307569636628;20;0;;20168001;TRENTO;0;31;168;mulino del Caspito;1;Sant'Orsola Terme;masso con coppelle;386
46.3700076262081;Trentino-Alto Adige;3;11.0798091839592;21;1;A76;21169001;TRENTO;76;32;169;Casalini;1;Sanzeno;Insediamento della seconda età del Ferro;571
46.366789027468;Trentino-Alto Adige;2;11.0756648006224;20;0;;20169004;TRENTO;0;33;169;paese;4;Sanzeno;materiale sporadico età del Ferro e romana;389
46.3641246239516;Trentino-Alto Adige;1;11.072217885276;20;0;;20169002;TRENTO;0;34;169;basilica Martiri Anauniensi;2;Sanzeno;luogo di culto età romana e necropoli altomedievale;387
46.3651037962676;Trentino-Alto Adige;1;11.0735582306809;20;0;;20169003;TRENTO;0;35;169;davanti cassa Rurale;3;Sanzeno;materiali sporadici di epoca romana;388
46.1752842995722;Trentino-Alto Adige;3;11.5494525950804;20;0;;20171002;TRENTO;0;36;171;passo Cinque Croci;2;Scurelle;stazione di età mesolitica;391
46.0674903558412;Trentino-Alto Adige;2;11.5060113038121;20;0;;20171001;TRENTO;0;37;171;Castellare;1;Scurelle;strutture di epoca romana (strada);390
46.1974692305913;Trentino-Alto Adige;2;11.260747618042;20;0;;20172001;TRENTO;0;38;172;doss Venticcia;1;Segonzano;strutture della Seconda età del Ferro;392
46.3373293936382;Trentino-Alto Adige;2;11.1180037163975;20;0;;20173001;TRENTO;0;39;173;;1;Sfruz;necropoli romana;393
46.2981181315393;Trentino-Alto Adige;2;11.7872090877793;20;0;;20174010;TRENTO;0;40;174;passo Rolle 2;10;Siror;materiale sporadico di età mesolitica;401
46.2826712876281;Trentino-Alto Adige;1;11.7656516893028;20;1;A77;20174002;TRENTO;77;41;174;laghetti di Colbricon;2;Siror;stazione di età mesolitica;394
46.2732347359751;Trentino-Alto Adige;2;11.7675029707173;20;0;;20174004;TRENTO;0;42;174;doss de le Cartucce;4;Siror;smateriale sporadico di età mesolitica;395
46.2581439162563;Trentino-Alto Adige;2;11.788859467305;20;0;;20174005;TRENTO;0;43;174;pian dei Laghetti;5;Siror;stazione di età mesolitica;396
46.2543623493058;Trentino-Alto Adige;2;11.8127758505616;20;0;;20174007;TRENTO;0;44;174;Villa Col;7;Siror;materiale sporadico di età mesolitica;398
46.2006459170395;Trentino-Alto Adige;2;11.7941896676195;20;0;;20174006;TRENTO;0;45;174;lago di Calaita;6;Siror;stazione di età mesolitica;397
46.2888037995073;Trentino-Alto Adige;2;11.7998697120763;20;0;;20174008;TRENTO;0;46;174;zona malga Fosse di Sopra;8;Siror;materiale sporadico di età mesolitica;399
46.2973124400193;Trentino-Alto Adige;2;11.7870318281233;20;0;;20174009;TRENTO;0;47;174;passo Rolle 3;9;Siror;materiale sporadico di età mesolitica;400
46.2810487915179;Trentino-Alto Adige;2;11.7618477200912;20;0;;20174011;TRENTO;0;48;174;passo Colbricon;11;Siror;materiale sporadico di età mesolitica;402
46.3416928492118;Trentino-Alto Adige;3;11.1049354066097;20;0;;20175001;TRENTO;0;49;175;cimitero;1;Smarano;necropoli romana;403
46.2215088045229;Trentino-Alto Adige;3;11.0506403918359;20;0;;20180001;TRENTO;0;50;180;ai Molini;1;Spormaggiore;materiale sporadico età del Ferro e romana;404
46.2310523259777;Trentino-Alto Adige;3;11.0669297299284;20;0;;20200004;TRENTO;0;51;200;Rocchetta-presso il ponte;4;Spormaggiore;materiale sporadico di età romana;453
46.2366370692108;Trentino-Alto Adige;3;11.0328095284308;20;0;;20181001;TRENTO;0;52;181;;1;Sporminore;necropoli romana-altomedievale;405
46.0503374516074;Trentino-Alto Adige;2;10.8515564594321;20;0;;20182001;TRENTO;0;53;182;ai Ronchi;1;Stenico;necropoli altomedievale;406
46.049800992144;Trentino-Alto Adige;1;10.8582649487793;20;1;A78;20182002;TRENTO;78;54;182;Calferi-Bailo;2;Stenico;luogo di culto dall'età del Bronzo al Medioevo;407
45.8523107996868;Trentino-Alto Adige;2;10.5798658393904;20;0;;20183001;TRENTO;0;55;183;presso cimitero;1;Storo;strutture dall' età del Ferro al Medioevo;408
45.8505943882756;Trentino-Alto Adige;2;10.5819472061917;20;0;;20183002;TRENTO;0;56;183;dosso Cingol-S.Lorenzo;2;Storo;strutture dall'età Neolitica all'epoca romana;409
45.8279953118157;Trentino-Alto Adige;2;10.5730603246335;20;0;;20183003;TRENTO;0;57;183;Nar;3;Storo;stazione del Bronzo Medio;410
45.8707974906373;Trentino-Alto Adige;0;10.5122802558673;20;1;A79;2018304;TRENTO;79;58;183;Dosso Rotondo e Malga Vacil;4;Storo;insediamento di età preistorica;0
46.068517734513;Trentino-Alto Adige;2;11.5194491888186;20;0;;20185001;TRENTO;0;59;185;colle Penile;1;Strigno;materiale sporadico dell'età del Bronzo e ferro;412
46.0677644706437;Trentino-Alto Adige;3;11.5270632916165;21;1;A80;21185001;TRENTO;80;60;185;Tomaselli;1;Strigno;Resti murari di castello medioevale;572
46.3213700817789;Trentino-Alto Adige;3;11.0690155513128;20;0;;20186001;TRENTO;0;61;186;;1;Taio;necropoli romana;413
46.3181151221427;Trentino-Alto Adige;3;11.06337394912;20;0;;20186002;TRENTO;0;62;186;Spigolon;2;Taio;materiale sporadico dall'età del Bronzo all'epoca romana;414
46.3317682117356;Trentino-Alto Adige;3;11.053872100655;20;0;;20187001;TRENTO;0;63;187;Campo Tassullo;1;Tassullo;necropoli romana;415
46.3417913574995;Trentino-Alto Adige;3;11.0475065721813;20;0;;20187003;TRENTO;0;64;187;Rallo;3;Tassullo;necropoli altomedievale;416
46.3239154807034;Trentino-Alto Adige;3;11.0483736101321;20;0;;20187004;TRENTO;0;65;187;s.p.Tassullo-Nanno;4;Tassullo;neocropoli dell'età neolitica;417
46.3470049245162;Trentino-Alto Adige;2;11.0601289210868;20;0;;20187005;TRENTO;0;66;187;zona lago di S.Giustina;5;Tassullo;abitato dell'età del Bronzo;418
46.335424365808;Trentino-Alto Adige;2;11.0527487175366;20;0;;20187009;TRENTO;0;67;187;chiesa di S.Vigilio;9;Tassullo;chiesa altomedievale;422
46.3352961944872;Trentino-Alto Adige;3;11.0458444457158;20;0;;20187006;TRENTO;0;68;187;Sanzenone - Vogan;6;Tassullo;necropoli di epoca romana e altomedievale;419
46.3299348411304;Trentino-Alto Adige;3;11.0479602338148;20;0;;20187007;TRENTO;0;69;187;Castel Valer;7;Tassullo;materiali sporadici di epoca romana e altomedievale;420
46.331368327998;Trentino-Alto Adige;2;11.0412820776907;20;0;;20187008;TRENTO;0;70;187;Pavillo;8;Tassullo;strutture di epoca romana;421
46.1790285948648;Trentino-Alto Adige;3;11.4859537002277;20;0;;20188002;TRENTO;0;71;188;lago di Montalon;2;Telve;stazione di età mesolitica;423
46.1721464376098;Trentino-Alto Adige;3;11.4856077042396;20;0;;20188004;TRENTO;0;72;188;passo Palà di Calamento;4;Telve;stazione di età mesolitica;425
46.163954332618;Trentino-Alto Adige;3;11.3992026334189;20;0;;20188003;TRENTO;0;73;188;passo Cadin;3;Telve;stazione di età mesolitica;424
46.139513121267;Trentino-Alto Adige;3;11.3900219980944;20;0;;20188005;TRENTO;0;74;188;pian del Cavai;5;Telve;stazione di età mesolitca;426
46.1264035067227;Trentino-Alto Adige;3;11.4046348274409;20;0;;20189002;TRENTO;0;75;189;lago d'Ezze;2;Telve di Sopra;stazione di età mesolitca;428
46.07126143564;Trentino-Alto Adige;3;11.4706985604764;20;0;;20189001;TRENTO;0;76;189;;1;Telve di Sopra;materiale sporadico di epoca romana e medievale;427
45.9203399668332;Trentino-Alto Adige;3;10.8303872916899;20;0;;20191001;TRENTO;0;77;191;;1;Tenno;necropoli à edificio à di epoca romana e altomedievale;429
45.919159917743;Trentino-Alto Adige;3;10.8298874417961;20;0;;20191002;TRENTO;0;78;191;dosso delle Strie;2;Tenno;riparo sottoroccia dell'età del Bronzo;430
46.107304738325;Trentino-Alto Adige;3;11.0486983536845;20;0;;20192006;TRENTO;0;79;192;doss Castion;6;Terlago;materiale sporadico età del Ferro e necropoli romana;436
46.1014022296384;Trentino-Alto Adige;3;11.0513647882825;20;0;;20192007;TRENTO;0;80;192;doss de la Costa;7;Terlago;necropoli romana e altomedievale;437
46.137518727356;Trentino-Alto Adige;3;11.0234356364433;20;0;;20192001;TRENTO;0;81;192;M.Gazza-passo S.Antonio;1;Terlago;stazione dal Paleolitico Superiore al bronzo Finale;431
46.1155823736781;Trentino-Alto Adige;2;11.0347437064053;20;0;;20192002;TRENTO;0;82;192;doss de la Camosciara;2;Terlago;strutture dall'età del Bronzo al periodo medievale;432
46.1065122842244;Trentino-Alto Adige;2;11.0234775229187;20;0;;20192003;TRENTO;0;83;192;Ariol;3;Terlago;luogo di culto età del Ferro;433
46.1044740307896;Trentino-Alto Adige;3;11.035364954166;20;0;;20192004;TRENTO;0;84;192;Cedonia;4;Terlago;necropoli e strutture romane;434
46.1058919895846;Trentino-Alto Adige;3;11.0403858627669;20;0;;20192005;TRENTO;0;85;192;val Codrana;5;Terlago;necropoli età romana;435
46.1023775307161;Trentino-Alto Adige;1;11.0576874642301;20;1;A81;20192008;TRENTO;81;86;192;Lago-Montepiana;8;Terlago;capanna del Paleolitico Superiore e Mesolitico Antico;438
46.0934703267374;Trentino-Alto Adige;2;11.0202075071251;20;1;A82;20192010;TRENTO;82;87;192;Covelo-Torlo;10;Terlago;materiale sporadico di epoca preistorica;439
46.0905633828426;Trentino-Alto Adige;2;11.0359135632642;20;1;A83;20192011;TRENTO;83;88;192;monte Mezzana-val Castel;11;Terlago;stazione del Bronzo Antico;440
46.0932610721211;Trentino-Alto Adige;2;11.0342794326498;20;0;;20205045;TRENTO;0;89;205;Monte Mezzana;45;Terlago;stazione dall'Eneolitico alla II età del Ferro;503
46.310113428817;Trentino-Alto Adige;3;11.0246774336852;20;0;;20194001;TRENTO;0;90;194;;1;Terres;necropoli romana;441
46.3633683111473;Trentino-Alto Adige;3;10.9280078903584;20;0;;20195001;TRENTO;0;91;195;;1;Terzolas;strutture epoca romana;442
46.3579617152886;Trentino-Alto Adige;3;10.9284041553885;20;0;;20195002;TRENTO;0;92;195;a Castel;2;Terzolas;edificio di epoca romana;443
46.2869544006186;Trentino-Alto Adige;2;11.5083811052747;20;1;A84;20196001;TRENTO;84;93;196;Sottopedonda;1;Tesero;abitato della Seconda età del Ferro;444
46.2104185065443;Trentino-Alto Adige;3;11.5248594435074;20;0;;20196002;TRENTO;0;94;196;laghetti del Lagorai;2;Tesero;materiale sporadico del periodo mesolitico;445
46.0393956104507;Trentino-Alto Adige;2;10.7267147609868;20;0;;20199001;TRENTO;0;95;199;Scivrà;1;Tione di Trento;necropoli romana;449
46.2629609932384;Trentino-Alto Adige;3;11.0862945584798;20;0;;20200001;TRENTO;0;96;200;Vigo d'Anaunia;1;Ton;materiale sporadico di età romana;450
46.2463274927952;Trentino-Alto Adige;3;11.0690523630431;20;0;;20200002;TRENTO;0;97;200;Masi di Vigo;2;Ton;necropoli romana;451
46.2356380872587;Trentino-Alto Adige;3;11.0654240534535;20;0;;20200003;TRENTO;0;98;200;Rocchetta S.Margherita;3;Ton;necropoli romana;452
46.3386965587229;Trentino-Alto Adige;2;11.7985715002764;20;0;;20201001;TRENTO;0;99;201;passo Valles - rifugio;1;Tonadico;stazione di età mesolitica;454
46.3373487589577;Trentino-Alto Adige;2;11.7997663536911;20;0;;20201003;TRENTO;0;100;201;passo Rolle 1;3;Tonadico;stazione di età mesolitica;456
46.3009388248339;Trentino-Alto Adige;2;11.7824454545917;20;0;;20201002;TRENTO;0;101;201;campo Croce;2;Tonadico;stazione di età mesolitica;455
46.0671126253669;Trentino-Alto Adige;2;11.4627647834016;20;1;A85;20202001;TRENTO;85;102;202;castel S.Pietro;1;Torcegno;materiale sporadico dall'età del Bronzo all'età romana;457
45.8279172194131;Trentino-Alto Adige;3;11.1455324729337;20;0;;20203001;TRENTO;0;103;203;monte Pasubio-rifugio Lancia;1;Trambileno;stazione mesolitica;458
46.1800399767495;Trentino-Alto Adige;2;11.8114139595658;20;1;A86;20204001;TRENTO;86;104;204;m.Bedole - pezze Alte 2;1;Transacqua;attività fusoria dell'età del Bronzo;459
46.0924450472673;Trentino-Alto Adige;3;11.1243415992635;21;1;A87;21205001;TRENTO;87;105;205;Cognola-Riparo Gaban;1;Trento;Insediamento preistorico dal Mesolitico all'età del Bronzo;573
46.0744689628092;Trentino-Alto Adige;1;11.0809677155659;20;1;A88;20205017;TRENTO;88;106;205;Sopramonte - Castelar de la Groa;17;Trento;luogo di culto dell'età del Bronzo e del Ferro;476
46.0372859742663;Trentino-Alto Adige;3;11.1347576578533;20;0;;20205029;TRENTO;0;107;205;Man - fondo Ciano;29;Trento;necropoli di epoca romana;487
46.0079328539072;Trentino-Alto Adige;2;11.1050965972633;21;1;A89;21205009;TRENTO;89;108;205;Romagnano-Loch;9;Trento;Insediamento preistorico pluristratificato;581
46.0705771715067;Trentino-Alto Adige;3;11.1234646781549;20;0;;21205012;TRENTO;0;109;205;Vicolo dell'Adige;12;Trento;Tratto di muro di cinta della Tridentum romana;584
46.0692181784281;Trentino-Alto Adige;3;11.125397391621;20;0;;21205004;TRENTO;0;110;205;P.zza Anfiteatro;4;Trento;Resti murari riferibili all'anfiteatro romano;576
46.0684125949962;Trentino-Alto Adige;3;11.1215276950664;20;0;;21205005;TRENTO;0;111;205;Via Belenzani, 37;5;Trento;Tratto di strada romana basolata;577
46.0678762380001;Trentino-Alto Adige;3;11.1193913925906;20;0;;21205006;TRENTO;0;112;205;P.zza Bellesini;6;Trento;Area arch. pertinente ad un quartiere della Tridentum romana;578
46.0675850593007;Trentino-Alto Adige;2;11.1219857049681;20;0;;21205011;TRENTO;0;113;205;Piazza Duomo;11;Trento;Resti pertinenti alla 'Porta Veronensis' di età romana;583
46.0880809971091;Trentino-Alto Adige;3;11.0631556884988;20;1;A90;20205002;TRENTO;90;114;205;Cadine - Cavade;2;Trento;materiale sporadico di epoca romana;461
46.0804858911578;Trentino-Alto Adige;3;11.1025777591265;21;1;A91;21205003;TRENTO;91;115;205;La Vela;3;Trento;Insediamento e necropoli del Neolitico;575
46.0804300593524;Trentino-Alto Adige;3;11.1029216037314;21;1;A92;21205002;TRENTO;92;116;205;La Vela;2;Trento;Insediamento e necropoli del Neolitico;574
46.0731126644038;Trentino-Alto Adige;2;11.1114676779781;20;1;A93;21205008;TRENTO;93;117;205;Doss Trento;8;Trento;Frequent. preist. e altomedioev. con resti di chiesa paleocris.;580
46.0720641495479;Trentino-Alto Adige;3;11.1143857188258;20;0;;21205007;TRENTO;0;118;205;Piedicastello;7;Trento;Resti murari di epoca tardo-antica;579
46.0680994290162;Trentino-Alto Adige;2;11.1185190530439;20;0;;21205010;TRENTO;0;119;205;Via Rosmini;10;Trento;Villa suburbana di età romana;582
46.1224160121987;Trentino-Alto Adige;3;11.116090872498;20;0;;20205003;TRENTO;0;120;205;Meano - alle Pergole;3;Trento;sepoltura del periodo neolitico;462
46.1231691716741;Trentino-Alto Adige;3;11.1181874312642;20;0;;20205004;TRENTO;0;121;205;Meano - campo G.de Carli;4;Trento;necropoli di epoca romana ed altomedievale;463
46.1115854462082;Trentino-Alto Adige;3;11.084207632358;20;0;;20205006;TRENTO;0;122;205;Vela - Ischia Podetti;6;Trento;edificio di epoca romana;465
46.1083635271101;Trentino-Alto Adige;2;11.1228070915881;20;1;A94;20205007;TRENTO;94;123;205;Martignano - Specchio;7;Trento;materiale sporadico della Seconda età del Ferro;466
46.1085897308339;Trentino-Alto Adige;3;11.1415463541092;20;0;;20205008;TRENTO;0;124;205;Montevaccino - ai Piani;8;Trento;necropoli di epoca romana e altomedievale;467
46.1014065481065;Trentino-Alto Adige;3;11.125941021592;20;0;;20205009;TRENTO;0;125;205;Martignano - maso Boleri;9;Trento;necropoli di età romana;468
46.1319882156831;Trentino-Alto Adige;3;11.1274516212238;20;0;;20205044;TRENTO;0;126;205;Gazzadina;44;Trento;necropoli di epoca romana;502
46.1190883210384;Trentino-Alto Adige;3;11.1278315707561;20;0;;20205041;TRENTO;0;127;205;Cortesano - Pomarol;41;Trento;necropoli (à) di epoca romana;499
46.115696496376;Trentino-Alto Adige;3;11.1180788355448;21;1;A95;20205043;TRENTO;95;128;205;Gardolo di Mezzo;43;Trento;necropoli (à) di epoca romana;501
46.0878535555562;Trentino-Alto Adige;2;11.0570531686935;20;0;;20205001;TRENTO;0;129;205;Cadine - doss Grum;1;Trento;strutture dell'eta' del Bronzo, Ferro ed epoca romana;460
46.0786168267243;Trentino-Alto Adige;3;11.0474222101794;20;0;;20205013;TRENTO;0;130;205;Baselga di V. Castel Piano;13;Trento;strutture di età romana;472
46.0736227451616;Trentino-Alto Adige;3;11.0613733932198;20;0;;20205014;TRENTO;0;131;205;Sopramonte - Vincia;14;Trento;necropoli di età romana;473
46.0848382695407;Trentino-Alto Adige;2;11.0306583961171;20;1;A96;20205046;TRENTO;96;132;205;Monte Mezzana - Brusadi;46;Trento;stazione dell'età del Bronzo;504
46.0846818408677;Trentino-Alto Adige;2;11.0679697901839;20;0;;20205038;TRENTO;0;133;205;Cadine - dosso S.Elena;38;Trento;materiale dell'età del Bronzo e del Ferro;496
46.0865386454905;Trentino-Alto Adige;3;11.0668233569758;20;0;;20205039;TRENTO;0;134;205;Cadine - s.p. 127 Torr. Vela;39;Trento;stazione dell'età del Bronzo;497
46.0773871500879;Trentino-Alto Adige;3;11.0457277890072;20;0;;20205037;TRENTO;0;135;205;Baselga di V. - asilo;37;Trento;necropoli di epoca romana;495
46.0820402070207;Trentino-Alto Adige;3;11.1241278455153;20;0;;20205010;TRENTO;0;136;205;Solteri cava di pietra;10;Trento;sepoltura dell'età neolitica e dell'età del Bronzo;469
46.0896647468488;Trentino-Alto Adige;3;11.1341967415033;20;0;;20205011;TRENTO;0;137;205;Martignano - villa Menghin;11;Trento;sepoltura di età neolitica;470
46.0801425525874;Trentino-Alto Adige;2;11.1019164273153;20;0;;20205016;TRENTO;0;138;205;Vela;16;Trento;insediamento e necropoli di età neolitica;475
46.0759870416923;Trentino-Alto Adige;3;11.10324089703;20;0;;20205018;TRENTO;0;139;205;Piedicastello - Villa Salvotti;18;Trento;materiale sporadico di epoca romana;477
46.0695879887667;Trentino-Alto Adige;2;11.1200275287165;20;0;;20205019;TRENTO;0;140;205;centro storico;19;Trento;città di epoca romana;478
46.0641253302624;Trentino-Alto Adige;3;11.0968408648;20;0;;20205020;TRENTO;0;141;205;Sardagna;20;Trento;materiale sporadico di epoca romana;479
46.0607926431349;Trentino-Alto Adige;3;11.1030997948395;20;0;;20205021;TRENTO;0;142;205;Ravina - cascata Sardagna;21;Trento;luogo di culto (à) dall'età del Bronzo all'epoca romana;480
46.0706042105791;Trentino-Alto Adige;3;11.1585121146726;20;0;;20205022;TRENTO;0;143;205;Dosso di S.Agata;22;Trento;insediamento di età neolitica e strutture medioevali;481
46.0613146869788;Trentino-Alto Adige;3;11.1542856817715;20;0;;20205023;TRENTO;0;144;205;Pantà di Povo e Minerv;23;Trento;luogo di culto di epoca romana;482
46.0609801547981;Trentino-Alto Adige;3;11.1536504619673;20;0;;20205024;TRENTO;0;145;205;Sprà di Povo - Rendol;24;Trento;necropoli di epoca romana;483
46.0568437648175;Trentino-Alto Adige;3;11.1536899115914;20;0;;20205026;TRENTO;0;146;205;Gabbiolo - prop. Salvadori;26;Trento;materiale sporadico di epoca romana;484
46.0495909677196;Trentino-Alto Adige;3;11.1445242947353;20;0;;20205027;TRENTO;0;147;205;Villazzano - chiesa;27;Trento;necropoli di epoca romana;485
46.0873049852631;Trentino-Alto Adige;3;11.1280165325939;20;0;;20205052;TRENTO;0;148;205;Martignano - Piazzina;52;Trento;materiale sporadico di età romana;509
46.0878534628691;Trentino-Alto Adige;3;11.1307006513425;20;0;;20205050;TRENTO;0;149;205;Martignano;50;Trento;materiale sporadico dall'età del Ferro al Medioevo;508
46.0770551952253;Trentino-Alto Adige;3;11.1243082313264;20;0;;20205063;TRENTO;0;150;205;Via Malvasia - casa Marchesoni;63;Trento;materiale sporadico di epoca romana;520
46.0735980705156;Trentino-Alto Adige;3;11.1255721129546;20;0;;20205061;TRENTO;0;151;205;S.Martino;61;Trento;necropoli di età romana;518
46.0761680761678;Trentino-Alto Adige;3;11.1500726021471;20;0;;20205040;TRENTO;0;152;205;Cognola - Marniga;40;Trento;necropoli della II età del Ferro e di epoca romana;498
46.0716831634443;Trentino-Alto Adige;2;11.1143032700089;20;0;;20205059;TRENTO;0;153;205;Piedicastello - S.Apollinare;59;Trento;strutture e necropoli di epoca romana e altomedioevale;516
46.0708084976893;Trentino-Alto Adige;3;11.1141486175828;20;0;;20205058;TRENTO;0;154;205;Piedicastello - Ponte S.Lorenzo;58;Trento;strutture di epoca romana e medioevale;515
46.071380560203;Trentino-Alto Adige;3;11.1133897531818;20;0;;20205056;TRENTO;0;155;205;Piedicastello - al Balvedere;56;Trento;necropoli di epoca romana;513
46.0711306565042;Trentino-Alto Adige;3;11.113519217845;20;0;;20205057;TRENTO;0;156;205;Piedicastello - casa R.Segala;57;Trento;sepoltura altomedioevale;514
46.0710044146038;Trentino-Alto Adige;3;11.1130456416603;20;0;;20205055;TRENTO;0;157;205;Piedicastello;55;Trento;materiale sporadico dal Mesolitico al Medioevo;512
46.0657515239115;Trentino-Alto Adige;3;11.1319991179788;20;0;;20205062;TRENTO;0;158;205;Via Grazioli - casa Moggioli;62;Trento;necropoli di età romana;519
46.0643968613872;Trentino-Alto Adige;3;11.1291104989077;20;0;;20205064;TRENTO;0;159;205;Via S.Bernardino;64;Trento;materiale dell'età del Bronzo e di epoca romana;521
46.0658129372077;Trentino-Alto Adige;3;11.1555792262275;20;0;;20205054;TRENTO;0;160;205;Pantà di Povo;54;Trento;necropoli di epoca romana;511
46.0882221101414;Trentino-Alto Adige;3;11.1706312122307;20;0;;20205012;TRENTO;0;161;205;Villamontagna Dos Castion;12;Trento;stazione(à) dell'età del Bronzo;471
46.0156147388488;Trentino-Alto Adige;2;11.0411315472982;20;0;;20205015;TRENTO;0;162;205;Viotte;15;Trento;materiale sporadico del Paleolitico Medio e Superiore;474
46.0047055141458;Trentino-Alto Adige;3;11.030066528686;20;0;;20205065;TRENTO;0;163;205;Viotte - costa dei Cavai;65;Trento;materiale sporadico dal Paleolitico all'età del Ferro;522
46.012208210416;Trentino-Alto Adige;2;11.1058192105885;20;0;;20205030;TRENTO;0;164;205;Romagnano - Tof de la Val;30;Trento;attività fusoria dell'età del Bronzo;488
46.0077748017531;Trentino-Alto Adige;2;11.1065905118583;20;0;;20205031;TRENTO;0;165;205;Romagnano - Maso Monache;31;Trento;materiale sporadico di età neolitica e dell'età del Ferro;489
46.0080531222301;Trentino-Alto Adige;3;11.1200035129791;20;0;;20205060;TRENTO;0;166;205;Romagnano - Prasecco;60;Trento;sepolture dell'età del Ferro;517
46.0057151080896;Trentino-Alto Adige;3;11.1283595202824;20;0;;20205032;TRENTO;0;167;205;Mattarello - le Fratte;32;Trento;materiale sporadico di epoca romana;490
46.0056011201755;Trentino-Alto Adige;3;11.1284390987669;20;0;;20205033;TRENTO;0;168;205;Mattarello - Paradisi;33;Trento;materiale sporadico di epoca romana;491
46.005397403176;Trentino-Alto Adige;3;11.1285039316424;20;0;;20205034;TRENTO;0;169;205;Mattarello - ai Grezi;34;Trento;materiale sporadico di epoca romana;492
46.0076528118817;Trentino-Alto Adige;3;11.1260443651937;20;0;;20205053;TRENTO;0;170;205;Mattarello - stazione;53;Trento;materiale sporadico di epoca romana;510
46.0080594391234;Trentino-Alto Adige;3;11.1418535495744;20;0;;20205035;TRENTO;0;171;205;Mattarello - Novaline;35;Trento;materiale sporadico di epoca romana;493
46.0110937546502;Trentino-Alto Adige;3;11.1642286547144;20;0;;20205036;TRENTO;0;172;205;Valsorda - Mas del Cont;36;Trento;necropoli di epoca romana;494
46.0443937810876;Trentino-Alto Adige;3;11.1375358291512;20;0;;20205028;TRENTO;0;173;205;Villazzano - Bac;28;Trento;necropoli di età romana;486
46.0413179930378;Trentino-Alto Adige;2;11.1338015744694;20;0;;20205047;TRENTO;0;174;205;Madonna Bianca - Malpensada;47;Trento;stazione del Mesolitico e materiale dell'età del Ferro;505
46.0391642896314;Trentino-Alto Adige;3;11.1303261336275;20;0;;20205048;TRENTO;0;175;205;Man;48;Trento;luogo di culto (à) di epoca romana;506
46.0425359918473;Trentino-Alto Adige;3;11.1406177053973;20;0;;20205049;TRENTO;0;176;205;Man - Villa Sardagna;49;Trento;necropoli di epoca romana;507
46.1128061649003;Trentino-Alto Adige;3;11.0821685763417;20;0;;20205005;TRENTO;0;177;205;Pradestel;5;Trento;sottoroccia del periodo Mesolitico e Neolitico Antico;464
46.1143868773325;Trentino-Alto Adige;0;11.116950823258;21;1;A97;2120566;TRENTO;97;178;205;Gardolo di Mezzo;66;Trento;strutture insediative e culturali di età preistorica e altomedie;0
46.3208329813814;Trentino-Alto Adige;3;11.0913493531645;20;0;;20206002;TRENTO;0;179;206;doss Mion;2;Tres;materiale sporadico del Bronzo Medio e Recente;523
46.3291116814246;Trentino-Alto Adige;3;11.0254730144134;20;0;;20207001;TRENTO;0;180;207;doss del Gianicol;1;Tuenno;insediamento dell'età del bronzo;524
45.8293485123863;Trentino-Alto Adige;3;11.0622380270186;20;0;;20210001;TRENTO;0;181;210;val Restela;1;Vallarsa;attività fusoria dell'età del Bronzo;525
46.3348951454502;Trentino-Alto Adige;3;11.4552659156284;20;0;;20211002;TRENTO;0;182;211;monte Rocca;2;Varena;luogo di culto dell'età del Ferro;527
46.3561823181369;Trentino-Alto Adige;3;11.4929878219564;20;0;;20211001;TRENTO;0;183;211;passo Lavazà;1;Varena;stazione dell'età mesolitica;526
46.2957699465276;Trentino-Alto Adige;0;10.6802471032323;20;1;A98;2021301;TRENTO;98;184;213;Slpazi Balarini;1;Vermiglio;materiali di età protostorica;0
46.3065246517667;Trentino-Alto Adige;2;11.122013935012;20;1;A99;20214001;TRENTO;99;185;214;chiesa S.Martino;1;Vervo';materiale sporadico di età preistorica e necropoli romana;528
46.0670495142676;Trentino-Alto Adige;3;10.9956645747557;20;0;;20215010;TRENTO;0;186;215;Pozzo Poieti;10;Vezzano;insediamento di età neolitica;536
46.0759658909887;Trentino-Alto Adige;3;10.9914469708292;20;1;A100;20215004;TRENTO;100;187;215;Castin-doss de la Bastia;4;Vezzano;necropoli romana;532
46.0703126619012;Trentino-Alto Adige;3;10.9829725451632;20;0;;20215007;TRENTO;0;188;215;S.Massenza-pod.Ferrazza;7;Vezzano;edificio di epoca romana;534
46.0689542869036;Trentino-Alto Adige;2;10.9940490545344;20;0;;20215008;TRENTO;0;189;215;S.Valentino in agro;8;Vezzano;necropoli romana;535
46.0908789594128;Trentino-Alto Adige;3;11.0040740974938;20;0;;20215001;TRENTO;0;190;215;Ciago-Campagna;1;Vezzano;necropoli romana;529
46.0904909834393;Trentino-Alto Adige;3;11.0061798683393;20;0;;20215002;TRENTO;0;191;215;Ciago-Cignon;2;Vezzano;necropoli romana;530
46.0891962860993;Trentino-Alto Adige;3;11.0073843920876;20;0;;20215003;TRENTO;0;192;215;Ciago-Soradoni;3;Vezzano;necropoli romana;531
46.0738939545277;Trentino-Alto Adige;2;11.005699191168;20;0;;20215005;TRENTO;0;193;215;Pozzo Stoppani;5;Vezzano;insediamento d'età neolitica;533
46.0881199507226;Trentino-Alto Adige;3;11.0058933530029;20;0;;20215011;TRENTO;0;194;215;Ciago-Chimelle;11;Vezzano;necropoli romana;537
46.4050570226227;Trentino-Alto Adige;3;11.6076880478469;20;0;;20217002;TRENTO;0;195;217;passo Costalunga;2;Vigo di Fassa;stazione dell'età mesolitica;539
46.4226066436014;Trentino-Alto Adige;1;11.6675472755435;20;0;;20217001;TRENTO;0;196;217;Col de Tzela;1;Vigo di Fassa;strutture età del Ferro;538
46.0089596549664;Trentino-Alto Adige;2;11.1984439809557;20;1;A101;20219001;TRENTO;101;197;219;ai Dossi;1;Vigolo Vattaro;insediamento età del Bronzo;540
46.0049957863712;Trentino-Alto Adige;3;11.1848011727028;20;0;;20219002;TRENTO;0;198;219;capitello Rigotti;2;Vigolo Vattaro;edificio di epoca romana;541
46.0483201764798;Trentino-Alto Adige;3;11.5245728260005;20;0;;20221001;TRENTO;0;199;221;pass. liv. ferroviario;1;Villa Agnedo;materiale sporadico dell'età del Bronzo;542
45.9470578608083;Trentino-Alto Adige;1;11.0293094971897;20;0;;20222001;TRENTO;0;200;222;Pedersano-prà del Ràver;1;Villa Lagarina;fornace romana;543
45.9247751354727;Trentino-Alto Adige;3;11.0197810971361;20;0;;20222002;TRENTO;0;201;222;Castellano-cavità della Capra;2;Villa Lagarina;sottoroccia età del Bronzo;544
45.9211215545764;Trentino-Alto Adige;2;11.0230514105588;20;0;;20222005;TRENTO;0;202;222;Pedersano;5;Villa Lagarina;necropoli altomedievale;547
45.9292539391216;Trentino-Alto Adige;2;11.028353331891;20;0;;20222004;TRENTO;0;203;222;Pedersano-Palt Alto;4;Villa Lagarina;sepolture di epoca neolitica;546
45.9178935813565;Trentino-Alto Adige;3;11.0238866679771;20;0;;20222006;TRENTO;0;204;222;Pedersano-grotta Ortoline;6;Villa Lagarina;insediamento dell'età del Bronzo;548
45.9173334451694;Trentino-Alto Adige;2;11.0298368282224;20;0;;20222007;TRENTO;0;205;222;retro della chiesa;7;Villa Lagarina;necropoli romana e altomedievale;549
45.9210866228315;Trentino-Alto Adige;0;11.0127277877155;20;1;A102;2022208;TRENTO;102;206;222;Castellano, Doss Pizzini;8;Villa Lagarina;insediamento di età preistorica;0
45.9183341603997;Trentino-Alto Adige;2;11.0591527322951;20;0;;20224001;TRENTO;0;207;224;doss Destàr;1;Volano;materiale sporadico dall'età neolitica a quella medievale;550
45.919884707837;Trentino-Alto Adige;2;11.0607624788706;20;0;;20224004;TRENTO;0;208;224;dos Staziom-de Gorga;4;Volano;insediamento dell'età del bronzo;551
46.1584223023954;Trentino-Alto Adige;3;11.0723450371979;20;0;;20225002;TRENTO;0;209;225;Zambana Vecchia;2;Zambana;materiale sporadico di epoca preistorica e romana;553
46.1670971610973;Trentino-Alto Adige;2;11.0805857024564;20;0;;20225004;TRENTO;0;210;225;Vatte;4;Zambana;sepoltura mesolitica;555
46.1668409444323;Trentino-Alto Adige;1;11.0800757027336;20;0;;20225003;TRENTO;0;211;225;el Vato;3;Zambana;materiale sporadico di epoca preistorica;554
46.1652671520991;Trentino-Alto Adige;3;11.0767926065503;20;0;;20225001;TRENTO;0;212;225;Scalette;1;Zambana;necropoli della Prima età del Ferro;552
46.2902540848828;Trentino-Alto Adige;3;11.5744735751234;20;0;;20226001;TRENTO;0;213;226;casa Bianca;1;Ziano di Fiemme;necropoli romana;556
46.0285450404063;Trentino-Alto Adige;3;10.8419836653455;20;0;;20016002;TRENTO;0;214;16;villa Vergonzo;2;Comano Terme;necropoli romana;65
46.0420394884936;Trentino-Alto Adige;3;10.8867368913004;20;0;;20107001;TRENTO;0;215;107;Bagni di Comano;1;Comano Terme;edificio di epoca romana;201
46.0117338737292;Trentino-Alto Adige;1;10.8726137880573;20;1;A43;20107004;TRENTO;43;216;107;Vigo Lomaso-pieve S.Lorenzo;4;Comano Terme;strutture dall'età del Bronzo al Medioevo;203
46.012302523836;Trentino-Alto Adige;3;10.8850982584601;20;0;;20107005;TRENTO;0;217;107;Lundo-chiesa S.Giovanni;5;Comano Terme;necropoli altomedievale;204
46.0131382840257;Trentino-Alto Adige;2;10.8574346405447;20;0;;20107006;TRENTO;0;218;107;Dasindo;6;Comano Terme;edificio di epoca romana;205
45.9930228891601;Trentino-Alto Adige;2;10.8772296601599;20;1;A44;20107008;TRENTO;44;219;107;chiesa S.Martino;8;Comano Terme;edificio altomedievale;207
45.9946634154003;Trentino-Alto Adige;2;10.8748881425853;20;0;;20107007;TRENTO;0;220;107;grotta del Lomason;7;Comano Terme;stazione età del Bronzo-Ferro;206
45.8966848026976;Trentino-Alto Adige;3;10.7211166063071;20;0;;20014001;TRENTO;0;221;14;cimitero - loc. Dai;1;Ledro;necropoli di epoca romana;63
45.877600207;Trentino-Alto Adige;2;10.7629462277093;20;0;;20141003;TRENTO;0;222;141;doss di Lana;3;Ledro;stazione del Bronzo Antico;309
45.9000886733945;Trentino-Alto Adige;3;10.7254775739199;20;0;;20065002;TRENTO;0;223;65;Locca;2;Ledro;necropoli di epoca romana;134
45.9006114240321;Trentino-Alto Adige;2;10.7269182759669;20;0;;20065005;TRENTO;0;224;65;Locca - cimitero - S.Martino;5;Ledro;necropoli di epoca altomedievale;137
45.9064969432324;Trentino-Alto Adige;3;10.7302402757673;20;0;;20065003;TRENTO;0;225;65;Engusio;3;Ledro;necropoli di epoca altomedievale;135
45.9119883764298;Trentino-Alto Adige;2;10.729569688953;20;0;;20065004;TRENTO;0;226;65;Lenzumo sud;4;Ledro;necropoli altomedievale;136
45.8949125477715;Trentino-Alto Adige;3;10.6894167135523;20;0;;20198001;TRENTO;0;227;198;al Tof dei Oss;1;Ledro;necropoli di epoca romana;447
45.8958590212205;Trentino-Alto Adige;3;10.6835304062312;20;0;;20198002;TRENTO;0;228;198;Ceches;2;Ledro;necropoli di epoca romana e altomedievale;448
45.887580796059;Trentino-Alto Adige;3;10.6695862581875;20;0;;20197001;TRENTO;0;229;197;Bri;1;Ledro;necropoli di epoca altomedievale;446
45.89676687062;Trentino-Alto Adige;3;10.7168604457245;20;0;;20014002;TRENTO;0;230;14;Costa - via Tovi 12;2;Ledro;necropoli di epoca altomedievale;64
45.8900499314362;Trentino-Alto Adige;3;10.7292603412404;20;0;;20141001;TRENTO;0;231;141;strada per Bezzeca;1;Ledro;necropoli romana;307
45.8818068272194;Trentino-Alto Adige;2;10.7377692148672;20;0;;20141002;TRENTO;0;232;141;Asat;2;Ledro;materiale dell'età del Bronzo;308
45.8860571244266;Trentino-Alto Adige;3;10.7385204528783;20;0;;20141004;TRENTO;0;233;141;strada Pieve-Mezzolago;4;Ledro;necropoli altomedievale;310
45.8896996191637;Trentino-Alto Adige;3;10.7324797340001;20;0;;20141006;TRENTO;0;234;141;centro;6;Ledro;necropoli di epoca romana e altomedievale;312
45.8827554793888;Trentino-Alto Adige;2;10.7502044074311;20;0;;20141005;TRENTO;0;235;141;Mezzolago;5;Ledro;edificio e necropoli altomedievale;311
45.8729670923249;Trentino-Alto Adige;3;10.7648467355523;20;0;;20119009;TRENTO;0;236;119;cava di ghiaia;9;Ledro;sepolture di cronologia incerta;239
45.873845255752;Trentino-Alto Adige;2;10.7659714036584;20;0;;20119004;TRENTO;0;237;119;ex chiesa di S.Vigilio;4;Ledro;edificio di epoca romana;234
45.8739296428154;Trentino-Alto Adige;3;10.7686606467577;20;0;;20119006;TRENTO;0;238;119;Colle;6;Ledro;ripostiglio di epoca romana;236
45.8744201250489;Trentino-Alto Adige;3;10.7704060726299;20;0;;20119011;TRENTO;0;239;119;colle Pulota;11;Ledro;edifici di epoca romana;241
45.8704667932419;Trentino-Alto Adige;2;10.7806717534408;20;0;;20119008;TRENTO;0;240;119;ex fabbrica Magnesio;8;Ledro;necropoli di epoca altomedievale;238
45.8644019383915;Trentino-Alto Adige;3;10.7808644721919;20;0;;20119010;TRENTO;0;241;119;tra Legos e Pre;10;Ledro;necropoli altomedievale;240
45.865965738147;Trentino-Alto Adige;3;10.7893594974576;20;0;;20119007;TRENTO;0;242;119;Prà S.Giacomo - via Nuova;7;Ledro;necropoli di epoca romana e altomedievale;237
45.8699949180431;Trentino-Alto Adige;2;10.8200214846781;20;0;;20119005;TRENTO;0;243;119;Biacesa - presso S.Giovanni;5;Ledro;necropoli di epoca altomedievale;235
45.852404589627;Trentino-Alto Adige;3;10.7558494004501;20;0;;20119012;TRENTO;0;244;119;val Fontanine;12;Ledro;ripostiglio dell'età del Bronzo;242
45.8711814047027;Trentino-Alto Adige;2;10.7422212229496;20;0;;20119002;TRENTO;0;245;141;Pur - Canalet;2;Ledro;edificio di epoca altomedievale;233
45.8727188406997;Trentino-Alto Adige;1;10.7578922797451;20;0;;20119013;TRENTO;0;246;119;sponda Lago;13;Ledro;strutture ed edifici dell'età del Bronzo e altomedievale;243
45.8744061147399;Trentino-Alto Adige;2;10.7652063965141;20;0;;21141001;TRENTO;0;247;141;Ledro A;1;Ledro;Area palafitticola dell'età del Bronzo;567
45.8744972834424;Trentino-Alto Adige;0;10.765756402782;21;1;A53;2111914;TRENTO;53;248;119;"Loc. \Palafitte\""""";14;Ledro;insediamento palafittico di età preistorica;0
45.876672636518;Trentino-Alto Adige;0;10.7673465982703;20;1;A54;2011915;TRENTO;54;249;119;Loc. Volta di Besta;15;Ledro;insediamento con strutture abitative in legno di età altomediev;0
45.8135560230329;Trentino-Alto Adige;3;11.0128594069438;20;0;;20001001;TRENTO;0;250;1;Serravalle-ferrovia;1;Ala;necropli romana;1
45.8092823999871;Trentino-Alto Adige;3;11.0094427218331;20;0;;20001004;TRENTO;0;251;1;Chizzola-Moie;4;Ala;ripostiglio di età romana;3
45.8095529272073;Trentino-Alto Adige;3;11.0094138456152;20;0;;20001003;TRENTO;0;252;1;Chizzola-ai Prai;3;Ala;necropoli romana;2
45.6857543367592;Trentino-Alto Adige;2;10.9789075965081;20;0;;20001013;TRENTO;0;253;1;passo delle Fittanze;13;Ala;stazione del Paleolitico Superiore-Mesolitico;11
45.7469366519843;Trentino-Alto Adige;2;10.9900610575594;20;0;;20001012;TRENTO;0;254;1;S.Pietro in Bosco;12;Ala;necropoli altomedievale;10
45.7980828285056;Trentino-Alto Adige;3;11.0284331493256;20;0;;20001005;TRENTO;0;255;1;S.Margherita-Cipriana;5;Ala;necropoli romana;4
45.786385199639;Trentino-Alto Adige;3;11.0094168992652;20;0;;20001006;TRENTO;0;256;1;Pilcante-Neravalle;6;Ala;edificio di epoca romana;5
45.7797541302092;Trentino-Alto Adige;3;11.0207540931779;20;0;;20001008;TRENTO;0;257;1;Marani-Preelonghe;8;Ala;necropoli romana;6
45.7795435742857;Trentino-Alto Adige;3;11.0206998514146;20;0;;20001009;TRENTO;0;258;1;Marani-Binelonghe;9;Ala;necropoli altomedievale;7
45.7793370892035;Trentino-Alto Adige;3;11.0206698761964;20;0;;20001010;TRENTO;0;259;1;Marani-Curarisi;10;Ala;necropli romana;8
45.7574653474688;Trentino-Alto Adige;3;11.0040767240623;20;0;;20001011;TRENTO;0;260;1;;11;Ala;edificio di epoca romana;9
45.7754583725923;Trentino-Alto Adige;0;11.0184570286137;20;1;A1;2000114;TRENTO;1;261;1;Le Corone;14;Ala;riparo sottoroccia pluristratificato preistorica e altomedievale;0
46.1497546517335;Trentino-Alto Adige;3;11.1853738142559;20;0;;20002001;TRENTO;0;262;2;presso Santuario S.Antonio;1;Albiano;necropoli romana;12
45.9682616158171;Trentino-Alto Adige;3;11.0912416163878;20;0;;20003001;TRENTO;0;263;3;alla Rustica;1;Aldeno;necropoli romana;13
45.9764738814996;Trentino-Alto Adige;3;11.0910297521224;20;0;;20003002;TRENTO;0;264;3;Centro;2;Aldeno;materiale sporadico di età romana;14
46.1644482780674;Trentino-Alto Adige;2;10.9978082358909;20;0;;20005002;TRENTO;0;265;5;Busa Cadin;2;Andalo;materiale sporadico di età romana;16
46.1774724254196;Trentino-Alto Adige;2;11.0080199219595;20;0;;20005001;TRENTO;0;266;5;sponda sett. lago di Andalo;1;Andalo;stazione del Paleolitico Superiore;15
45.9089155410726;Trentino-Alto Adige;2;10.9409361714924;20;0;;20006017;TRENTO;0;267;6;M.Stivo - castel Castil;17;Arco;materiale sporadico dell'età del Bronzo e Ferro;33
45.9006911184075;Trentino-Alto Adige;2;10.8709807778462;20;0;;20006019;TRENTO;0;268;6;S.Giorgio - s.p.118;19;Arco;necropoli di epoca romana;35
45.9177845802416;Trentino-Alto Adige;3;10.8601415416425;20;0;;20006008;TRENTO;0;269;6;Varignano - propr. Bresciani;8;Arco;necropoli di epoca romana;24
45.9734925585483;Trentino-Alto Adige;3;10.8916558460939;20;0;;20006002;TRENTO;0;270;6;prai da Gom;2;Arco;stazione di età mesolitica;18
45.9743750329751;Trentino-Alto Adige;2;10.8954293915521;20;0;;20006001;TRENTO;0;271;6;S.Giovanni al Monte;1;Arco;necropoli di poca altomedievale;17
45.9318744441956;Trentino-Alto Adige;3;10.8695322695075;20;0;;20006003;TRENTO;0;272;6;Padaro;3;Arco;ripostiglio di epoca romana;19
45.9302268560433;Trentino-Alto Adige;3;10.8892515630676;20;0;;20006004;TRENTO;0;273;6;Colodri;4;Arco;insediamento del Neolitico e mat. sporadico di epoca romana;20
45.9282956536198;Trentino-Alto Adige;2;10.8865660790825;20;0;;20006026;TRENTO;0;274;6;Laghel;26;Arco;riparo frequentato dal periodo mesolitico all'eneolitico;42
45.9352176099465;Trentino-Alto Adige;2;10.9036137678471;20;0;;20006006;TRENTO;0;275;6;Moletta patone;6;Arco;insediamento dell'età mesolitica finale - eneolitica;22
45.9454355760492;Trentino-Alto Adige;3;10.9004931324888;20;0;;20079002;TRENTO;0;276;6;S.Paolo;2;Arco;stazione dell'età del Bronzo;145
45.9220105882999;Trentino-Alto Adige;2;10.8880939071369;20;0;;20006010;TRENTO;0;277;6;dosso del Castello;10;Arco;materiale sporadico di epoca romana;26
45.9193973779356;Trentino-Alto Adige;1;10.8861014693798;20;0;;20006013;TRENTO;0;278;6;piazza 3 Novembre;13;Arco;edificio di epoca romana;29
45.9199823120234;Trentino-Alto Adige;2;10.8901899629696;20;0;;20006011;TRENTO;0;279;6;Mogno;11;Arco;necropoli di epoca romana;27
45.918114733725;Trentino-Alto Adige;3;10.8934487040146;20;0;;20006012;TRENTO;0;280;6;Caneve;12;Arco;necropoli di epoca romana;28
45.9265539283116;Trentino-Alto Adige;2;10.8985225703982;20;0;;20006022;TRENTO;0;281;6;chiesa S.Martino;22;Arco;necropoli di epoca romana;38
45.9146133869554;Trentino-Alto Adige;3;10.9040143882872;20;0;;20006015;TRENTO;0;282;6;Bolognano;15;Arco;materiale sporadico di epoca romana;31
45.9129960754483;Trentino-Alto Adige;2;10.8807638190513;20;0;;20006016;TRENTO;0;283;6;S.Sisto;16;Arco;necropoli di epoca romana e altomedievale;32
45.905353748948;Trentino-Alto Adige;3;10.8895432010158;20;0;;20006018;TRENTO;0;284;6;Prato Saiano;18;Arco;strutture di epoca romana;34
45.9036350313785;Trentino-Alto Adige;3;10.8881601857703;20;0;;20006021;TRENTO;0;285;6;casali di Prato Saiano;21;Arco;strutture di epoca romana;37
45.9089363564834;Trentino-Alto Adige;3;10.9044180663226;20;0;;20006023;TRENTO;0;286;6;Oltresarca - Vignole;23;Arco;edificio di epoca romana;39
45.9263152475331;Trentino-Alto Adige;2;10.8709930227941;20;1;A2;20006025;TRENTO;2;287;6;Monte Baone;25;Arco;stazione di età mesolitica - eneolitica;41
45.9194369793591;Trentino-Alto Adige;3;10.8716595333506;20;0;;20006009;TRENTO;0;288;6;Chiarano;9;Arco;materiale sporadico di epoca romana;25
45.8966739513926;Trentino-Alto Adige;1;10.8791085834674;20;1;A3;20006020;TRENTO;3;289;6;Cretaccio;20;Arco;fornace di epoca romana;36
45.8987090425693;Trentino-Alto Adige;2;10.8650487651541;20;0;;20006014;TRENTO;0;290;6;S.Giorgio - s.p.118;14;Arco;edificio di epoca romana;30
45.8778973919738;Trentino-Alto Adige;2;10.8671288657931;20;0;;20006024;TRENTO;0;291;6;Linfano - fondo Mandelli;24;Arco;stazione del Neolitico Finale;40
45.896804586202;Trentino-Alto Adige;2;10.8653765135603;20;0;;20006019;TRENTO;0;292;6;S.Giorgio - s.p.118;19;Arco;necropoli di epoca romana;35
45.8981333059198;Trentino-Alto Adige;2;10.8672338109357;20;0;;20006019;TRENTO;0;293;6;S.Giorgio - s.p.118;19;Arco;necropoli di epoca romana;35
45.8939654826963;Trentino-Alto Adige;3;10.8658936613235;20;0;;20006005;TRENTO;0;294;6;La Grotta;5;Arco;materiale sporadico di epoca romana;21
45.9190526635252;Trentino-Alto Adige;3;10.8640655472479;20;0;;20006007;TRENTO;0;295;6;Varignano - cimitero;7;Arco;necropoli del periodo neolitico;23
45.733401595893;Trentino-Alto Adige;3;10.8676705147771;20;0;;20007003;TRENTO;0;296;7;malga Artillione;3;Avio;stazione del Paleolitico Superiore-Mesolitico;45
45.7406236500799;Trentino-Alto Adige;3;10.8885252797185;20;0;;20007002;TRENTO;0;297;7;Madonna della Neve;2;Avio;stazione à del Mesolitico;44
45.734496955238;Trentino-Alto Adige;2;10.9140312602297;20;1;A4;20007008;TRENTO;4;298;7;Busa dei Preeri;8;Avio;edificio altomedievale e medievale;49
45.6973760397125;Trentino-Alto Adige;3;10.9285800073049;20;0;;20007006;TRENTO;0;299;7;Borghetto-Campesello;6;Avio;necropoli romana;47
45.7430287579878;Trentino-Alto Adige;3;10.954986812194;20;0;;20007001;TRENTO;0;300;7;Sabbionara;1;Avio;materiale sporadico età del Ferro e romana;43
45.7371335200136;Trentino-Alto Adige;3;10.9452241902597;20;0;;20007004;TRENTO;0;301;7;Vigo;4;Avio;necropli romana-altomedievale;46
45.7041027367223;Trentino-Alto Adige;3;10.9214554337943;20;0;;20007007;TRENTO;0;302;7;Mama;7;Avio;materiale sporadico di epoca romana;48
45.7215856322612;Trentino-Alto Adige;2;10.9406765360101;20;0;;20007009;TRENTO;0;303;7;Ischia Serni-Pozza;9;Avio;insediamento romano;50
46.1296009437028;Trentino-Alto Adige;3;11.2334138727269;20;0;;20009001;TRENTO;0;304;9;Tressilla - prà Gros;1;Baselga di Pine';necropoli romana;51
46.1292872750315;Trentino-Alto Adige;3;11.2328850097591;20;0;;20009004;TRENTO;0;305;9;Miola - ai Pradi;4;Baselga di Pine';necropoli romana;54
46.1294923938701;Trentino-Alto Adige;3;11.233441844107;20;0;;20009002;TRENTO;0;306;9;Tressilla - str. per Baselga;2;Baselga di Pine';necropoli romana;52
46.1294057709744;Trentino-Alto Adige;3;11.2339593708269;20;0;;20009003;TRENTO;0;307;9;Tressilla - contrada Rudari;3;Baselga di Pine';strutture di epoca incerta;53
46.1254009640302;Trentino-Alto Adige;3;11.2221785700323;20;0;;20009006;TRENTO;0;308;9;S.Mauro-presso cimitero;6;Baselga di Pine';necropoli romana;56
46.1125646104585;Trentino-Alto Adige;1;11.2388719992272;20;0;;20009007;TRENTO;0;309;9;doss de la Mot;7;Baselga di Pine';edificio medievale;57
46.1276094098358;Trentino-Alto Adige;3;11.2505057397367;20;0;;20009005;TRENTO;0;310;9;Miola-maso Plancher;5;Baselga di Pine';necropoli romana;55
46.1386753613401;Trentino-Alto Adige;3;11.3195552316529;21;1;A5;21011001;TRENTO;5;311;11;Acquafredda;1;Bedollo;Area fusoria preistorica;557
45.973948506766;Trentino-Alto Adige;3;11.1152623221143;20;0;;20013006;TRENTO;0;312;13;Acquaviva;6;Besenello;attività fusoria del periodo Eneolitico;61
45.9524358642807;Trentino-Alto Adige;2;11.1129173127222;20;0;;20013007;TRENTO;0;313;13;Bus de la Vecia;7;Besenello;stazioneà di età mesolitica;62
45.941616821362;Trentino-Alto Adige;2;11.1134300231349;20;0;;20013001;TRENTO;0;314;13;Scatinelli-ed.cooperativa;1;Besenello;necropoli altomedievale;58
45.9311624502094;Trentino-Alto Adige;1;11.1097966878646;20;0;;20013004;TRENTO;0;315;13;castel Beseno;4;Besenello;necropoli altomedievale;59
45.9311330818855;Trentino-Alto Adige;3;11.1121157011476;20;0;;20013005;TRENTO;0;316;13;castel Beseno-maso Trapp;5;Besenello;materiale sporadico età del Bronzo;60
46.0277136867684;Trentino-Alto Adige;3;10.8270614012118;20;0;;20017001;TRENTO;0;317;17;Bivedo- ai piedi del Colle Blenz;1;Bleggio Superiore;materiali sporadici di epoca romana;66
46.0379739571918;Trentino-Alto Adige;1;10.8089710745516;21;1;A6;20017002;TRENTO;6;318;17;chiesa sul Monte S.Martino;2;Bleggio Superiore;strutture altomedievali;67
46.0014774690446;Trentino-Alto Adige;2;10.6951664584555;20;0;;20020001;TRENTO;0;319;20;Fortin;1;Bondo;necropoli romana;68
46.0583450097444;Trentino-Alto Adige;2;11.4347000018474;20;0;;20022001;TRENTO;0;320;22;castel Savaro;1;Borgo Valsugana;strutture medievali;69
46.0444606328423;Trentino-Alto Adige;2;11.4455006704843;20;0;;20022005;TRENTO;0;321;22;Visle;5;Borgo Valsugana;pani da fondere dell'età del Bronzo;73
46.0258251567253;Trentino-Alto Adige;2;11.4400363285876;20;0;;20022002;TRENTO;0;322;22;S.Lorenzo dell'Armentara;2;Borgo Valsugana;materiale sporadico dell'età del Ferro e romana;70
46.0577557821612;Trentino-Alto Adige;2;11.4592585845735;20;1;A7;20022003;TRENTO;7;323;22;castel Telvana;3;Borgo Valsugana;materiale sporadico dall'età del bronzo all'epoca medievale;71
46.053778159762;Trentino-Alto Adige;3;11.4577697561787;20;0;;20022004;TRENTO;0;324;22;centro;4;Borgo Valsugana;materiale sporadico di epoca romana;72
46.0007063839373;Trentino-Alto Adige;3;11.2226177452852;20;0;;20023001;TRENTO;0;325;23;Marmottini-al Voltron;1;Bosentino;necropoli altomedievale;74
45.781527933727;Trentino-Alto Adige;3;10.9120102168861;20;0;;20025001;TRENTO;0;326;25;S.Valentino;1;Brentonico;materiale sporadico di età paleolitica superiore e mesolitica;75
45.8173268675184;Trentino-Alto Adige;3;10.9506537385197;20;0;;20025002;TRENTO;0;327;25;al Castello-al Cengio;2;Brentonico;materiale sporadico preistorico e necropoli altomedievale;76
45.8147425498432;Trentino-Alto Adige;3;10.9129494592438;20;1;A8;20025005;TRENTO;8;328;25;Mandron-malga Campo;5;Brentonico;materialedi età mesolitica e stazione del Bronzo e Ferro;78
45.8164952492147;Trentino-Alto Adige;3;10.9689527913183;20;0;;20025003;TRENTO;0;329;25;Cazzano;3;Brentonico;necropoli romana e altomedievale;77
46.4192227476318;Trentino-Alto Adige;3;10.9805417390653;20;0;;20026002;TRENTO;0;330;26;castello d'Altaguardia;2;Bresimo;materiale sporadico dell'età del Ferro e romana;79
46.4305054368576;Trentino-Alto Adige;3;11.1092216255324;20;0;;20027001;TRENTO;0;331;27;;1;Brez;necropopli romana;80
46.4278103443481;Trentino-Alto Adige;3;11.0999173503472;20;0;;20027002;TRENTO;0;332;27;Arsio-chiesa;2;Brez;necropoli altomedievale;81
46.3891354058844;Trentino-Alto Adige;2;11.0376759946614;20;1;A9;20030001;TRENTO;9;333;30;Castelaz di Cagnà;1;Cagno';insediamento del periodo neolitico;82
46.0577642240941;Trentino-Alto Adige;3;10.9682617881344;20;0;;20031001;TRENTO;0;334;31;Braila;1;Calavino;edificio di età romana;83
46.0553110176891;Trentino-Alto Adige;3;10.9672534895462;20;0;;20031002;TRENTO;0;335;31;Castel Toblino;2;Calavino;materiale sporadico dell'età del Bronzo e romana;84
46.0505829234988;Trentino-Alto Adige;3;10.9897647494935;20;0;;20031003;TRENTO;0;336;31;Roma;3;Calavino;necropoli romana;85
46.0432153814711;Trentino-Alto Adige;3;10.9784123472835;20;0;;20031005;TRENTO;0;337;31;campagna-Rocce Cingheni;5;Calavino;edificio di epoca romana;86
46.0416921520446;Trentino-Alto Adige;3;10.9743772684298;20;0;;20031006;TRENTO;0;338;31;Frassenà;6;Calavino;materiale sporadico età del Bronzo e Ferro;87
45.999758833263;Trentino-Alto Adige;3;11.2418547391605;20;0;;20032002;TRENTO;0;339;32;maso Ximeli;2;Calceranica al Lago;edificio di epoca romana;89
46.0070440830489;Trentino-Alto Adige;3;11.2416552091366;20;0;;20032001;TRENTO;0;340;32;Stazione;1;Calceranica al Lago;necropoli romana-altomedievale;88
45.9874065620079;Trentino-Alto Adige;1;11.2559813429498;20;1;A10;20034002;TRENTO;10;341;34;monte Rive - torre dei Sicconi;2;Caldonazzo;strutture dall'età del Bronzo al Medioevo;90
45.9939254691816;Trentino-Alto Adige;3;11.2574441197285;20;0;;2003403;TRENTO;0;342;34;masi Gelmini-Urbanelli-Iseppi;3;Caldonazzo;rinvenimenti sporadici di epoca romana;91
45.9918576571798;Trentino-Alto Adige;3;11.2600587395374;20;0;;2003404;TRENTO;0;343;34;masi Gelmini-Urbanelli-Iseppi;4;Caldonazzo;rinvenimenti sporadici di epoca romana;91
45.9909211714524;Trentino-Alto Adige;3;11.2618993605828;20;0;;2003405;TRENTO;0;344;34;masi Gelmini-Urbanelli-Iseppi;5;Caldonazzo;rinvenimenti sporadici di epoca romana;91
45.93503301674;Trentino-Alto Adige;3;11.0924115948934;20;0;;20035002;TRENTO;0;345;35;vigna Benvenuti;2;Calliano (TN);ripostiglio età del Bronzo-Ferroà;92
46.4907011625669;Trentino-Alto Adige;3;11.7074971306602;20;0;;20036001;TRENTO;0;346;36;val Duron - rif.malga Micheluzzi;1;Campitello di Fassa;stazione dell'età mesolitica;93
46.2498541938049;Trentino-Alto Adige;3;11.0478961363094;20;0;;20037002;TRENTO;0;347;37;Dercolo-a Plan;2;Campodenno;strutture età del Ferro;95
46.2539300388227;Trentino-Alto Adige;3;11.0494669985405;20;0;;20037001;TRENTO;0;348;37;Quetta-alla Bosca;1;Campodenno;necropoli altomedievale;94
46.2617377993926;Trentino-Alto Adige;2;11.0206530805194;20;1;A11;20037007;TRENTO;11;349;37;doss Droneg;7;Campodenno;luogo di culto dell'età del Ferro e romana;99
46.2485193598478;Trentino-Alto Adige;2;11.0457934730484;20;0;;20037003;TRENTO;0;350;37;Dercolo;3;Campodenno;ripostiglio età del Ferro;96
46.2478948596744;Trentino-Alto Adige;3;11.0255328667683;20;0;;20037004;TRENTO;0;351;37;Lover;4;Campodenno;ripostiglio e necropoli dell'età del Bronzo e Ferro e romanaààà;97
46.2436437532621;Trentino-Alto Adige;3;11.0564369658549;20;0;;20037006;TRENTO;0;352;37;Crescino;6;Campodenno;necropoli romana;98
46.2522318000191;Trentino-Alto Adige;2;11.6782530571528;20;1;A12;20038001;TRENTO;12;353;38;alpe Miesnotta;1;Canal San Bovo;stazione di età mesolitica;100
46.5061139799526;Trentino-Alto Adige;3;11.7567883945432;20;0;;20039001;TRENTO;0;354;39;passo Sella (albergo Valentini);1;Canazei;stazione dell'età mesolitica;101
46.4389566488291;Trentino-Alto Adige;2;11.7675682110498;20;0;;20039002;TRENTO;0;355;39;Ciampac;2;Canazei;stazione dell'età mesolitica;102
46.1720704845172;Trentino-Alto Adige;1;10.7466210983455;20;0;;20042001;TRENTO;0;356;42;presso chiesa S.Stefano;1;Carisolo;strutture altomedievali;103
45.910534078523;Trentino-Alto Adige;3;10.6018883883231;20;0;;20045001;TRENTO;0;357;45;castello-presso cimitero militare;1;Castel Condino;necropoli romana;104
46.4766066135558;Trentino-Alto Adige;0;11.1094086186903;20;1;A13;2004601;TRENTO;13;358;46;Le Regole;1;Castelfondo;Insediamento di età preistorica;0
46.2815768609255;Trentino-Alto Adige;2;11.4429702005853;21;1;A14;21047002;TRENTO;14;359;47;Doss Zelor;2;Castello-Molina di Fiemme;Abitato di età romana;559
46.2830906681401;Trentino-Alto Adige;3;11.4412023350764;21;1;A15;21047001;TRENTO;15;360;47;Pozze;1;Castello-Molina di Fiemme;Edificio romano;558
46.2805870663702;Trentino-Alto Adige;2;11.4360059123839;20;0;;20047002;TRENTO;0;361;47;via Dolomiti;2;Castello-Molina di Fiemme;edificio di epoca altomedievale;105
46.2812311372084;Trentino-Alto Adige;2;11.4313322212249;20;0;;20047003;TRENTO;0;362;47;Borno;3;Castello-Molina di Fiemme;necropoli altomedievale;106
46.1963398514192;Trentino-Alto Adige;3;11.500416531381;20;1;A16;20047005;TRENTO;16;363;47;lago delle Stellune;5;Castello-Molina di Fiemme;stazione dell'età mesolitica;107
46.1786679087857;Trentino-Alto Adige;2;11.4535185946508;20;1;A17;20047007;TRENTO;17;364;47;lago delle Buse;7;Castello-Molina di Fiemme;stazione dell'età mesolitica;109
46.1834044421411;Trentino-Alto Adige;3;11.4858741305654;20;1;A18;20047006;TRENTO;18;365;47;forcella di Montalon;6;Castello-Molina di Fiemme;stazione dell'età mesolitica;108
46.0665551741117;Trentino-Alto Adige;3;11.6294577414476;21;1;A19;21048001;TRENTO;19;366;48;S. Ippolito;1;Castello Tesino;Abitato della seconda età del Ferro;560
46.2846157950795;Trentino-Alto Adige;2;11.4575911440297;20;1;A20;20050001;TRENTO;20;367;50;S.Valerio;1;Cavalese;edifici dall'età del Ferro a quella medievale;110
46.2871130307288;Trentino-Alto Adige;3;11.4619935049406;20;0;;20050002;TRENTO;0;368;50;parco della Pieve;2;Cavalese;strutture dell'età del Ferro;111
46.290709705329;Trentino-Alto Adige;3;11.4565055866943;20;0;;20050003;TRENTO;0;369;50;via Pasquai-piazza Fiera;3;Cavalese;necropoli altomedievale;112
46.1832283908062;Trentino-Alto Adige;3;11.0273612718486;20;0;;20052001;TRENTO;0;370;52;chiesa;1;Cavedago;materiale sporadico preistorico e romano;113
46.0100844813711;Trentino-Alto Adige;2;10.9753327640101;20;1;A21;20053002;TRENTO;21;371;53;Stravino-la Cosina;2;Cavedine;insediamento e sepolture dell'età eneolitica e del Bronzo;114
46.0030629640093;Trentino-Alto Adige;3;10.9798225741766;20;0;;20053003;TRENTO;0;372;53;Stravino-maso Gombet;3;Cavedine;edificio di età romana;115
45.9997451865923;Trentino-Alto Adige;2;10.9702604454697;20;1;A22;20053004;TRENTO;22;373;53;Dosso-chiesa S.Lorenzo;4;Cavedine;materiali dall'età del Bronzo all'epoca romana;116
46.0121133798591;Trentino-Alto Adige;3;10.9699006371517;20;0;;20053008;TRENTO;0;374;53;Stravino-dosso Fabian;8;Cavedine;materiale sporadico dell'età del Bronzo;119
45.9933778951127;Trentino-Alto Adige;3;10.9741422671129;20;0;;20053007;TRENTO;0;375;53;paese;7;Cavedine;materiale sporadico dall'età del Ferro a quella medievale;118
45.9939806338955;Trentino-Alto Adige;3;10.9720750149266;20;0;;20053006;TRENTO;0;376;53;Municipio;6;Cavedine;necropoli romana;117
45.9796975208917;Trentino-Alto Adige;3;10.9829620351543;20;0;;20053009;TRENTO;0;377;53;Vigo Cavedine;9;Cavedine;ripostiglio medievale;120
46.1635069395776;Trentino-Alto Adige;2;11.2166687852758;20;1;A23;20055002;TRENTO;23;378;55;doss Caslir;2;Cembra;materiale dell'età del Ferro e medievale;121
46.1148754115791;Trentino-Alto Adige;3;11.698640985363;20;0;;20059001;TRENTO;0;379;59;Brocon - malga Arpago;1;Cinte Tesino;stazione di età Mesolitica;122
46.0899420346924;Trentino-Alto Adige;2;11.1800366122446;20;0;;20061001;TRENTO;0;380;61;castel Telvana;1;Civezzano;necropoli altomedievale;123
46.0854137421592;Trentino-Alto Adige;2;11.1751402224343;20;1;A24;20061002;TRENTO;24;381;61;castel Vedro;2;Civezzano;stazione dal Mesolitico alla II età del Ferro;124
46.0849707614714;Trentino-Alto Adige;2;11.1834978427097;20;0;;20061003;TRENTO;0;382;61;al Foss;3;Civezzano;necropoli altomedievale;125
46.109786527462;Trentino-Alto Adige;1;11.1708797251012;20;0;;20061004;TRENTO;0;383;61;castel Bosco;4;Civezzano;strutture dall'età del Ferro all'epoca Medievale;126
46.105220968715;Trentino-Alto Adige;2;11.2060016742127;20;0;;20061005;TRENTO;0;384;61;Seregnano-Gini;5;Civezzano;stazione mesolitica à;127
46.3680317315199;Trentino-Alto Adige;2;11.03256766335;20;1;A25;20062001;TRENTO;25;385;62;Campi Neri;1;Cles;luogo di culto dell'età del Ferro e romana;128
46.3515214656774;Trentino-Alto Adige;2;11.0186053405789;20;1;A26;20062002;TRENTO;26;386;62;Mechel-Valemporga;2;Cles;luogo di culto dell'età del Ferro e romana;129
46.3513643856304;Trentino-Alto Adige;2;11.0185816822633;20;1;A27;20062003;TRENTO;27;387;62;Mechel-castellaccio;3;Cles;materiali sporadici dall'età del Ferro al medioevo;130
46.411351590895;Trentino-Alto Adige;3;11.0786457107064;20;0;;20063003;TRENTO;0;388;63;doss de la Cros;3;Cloz;materiale sporadico dell'età del Bronzo Medio;133
46.4158378181272;Trentino-Alto Adige;3;11.0860642600699;20;0;;20063002;TRENTO;0;389;63;via S.Maria;2;Cloz;abitato e necropoli romana;132
46.4157763684188;Trentino-Alto Adige;3;11.0832658549824;20;0;;20063001;TRENTO;0;390;63;Ambrosc;1;Cloz;necropoli romana;131
45.8942351786603;Trentino-Alto Adige;3;10.5966823696416;20;0;;20066001;TRENTO;0;391;66;Bastia;1;Condino;necropoli altomedievale;138
46.3463383054889;Trentino-Alto Adige;3;11.087437665951;20;0;;20067002;TRENTO;0;392;67;Crosara;2;Coredo;necropoli romana;139
46.2874794071565;Trentino-Alto Adige;3;11.0355184519324;20;0;;20069001;TRENTO;0;393;69;ai Plaggi;1;Cunevo;necropoli romana;140
46.2735244070254;Trentino-Alto Adige;3;11.0513983611481;20;0;;20074001;TRENTO;0;394;74;cantina Sociale;1;Denno;necropoli altomedievale;141
46.274398795741;Trentino-Alto Adige;0;11.019101583318;20;1;A28;2006902;TRENTO;28;395;69;Castel Corona;2;Denno;insediamento fortificato rupestre altomedievale e medievale;0
46.0646180382213;Trentino-Alto Adige;3;10.8901925740397;20;0;;20077001;TRENTO;0;396;77;Tavodo-dosso Roccolo;1;Dorsino;vallo età del Bronzo-Ferro;142
45.9698168127802;Trentino-Alto Adige;3;10.9390947345082;21;1;A29;21078001;TRENTO;29;397;78;Castello;1;Drena;Castello;561
45.9475591530205;Trentino-Alto Adige;2;10.8926663114605;20;0;;20079001;TRENTO;0;398;79;Ceniga;1;Dro;necropoli di epoca altomedievale;144
46.2190730536219;Trentino-Alto Adige;0;11.1607438844981;20;1;A30;2008001;TRENTO;30;399;80;Dosson;1;Faedo;insediamento su altura di età preistorica;0
46.1777348214667;Trentino-Alto Adige;3;11.0702108880405;20;0;;20081001;TRENTO;0;400;81;Romenchini;1;Fai della Paganella;necropoli romana;146
46.177597711432;Trentino-Alto Adige;3;11.0703272024823;20;0;;20081004;TRENTO;0;401;81;Al Piaz;4;Fai della Paganella;necropoli romana;149
46.1777178013104;Trentino-Alto Adige;3;11.0701568047073;20;0;;20081002;TRENTO;0;402;81;Rà de le Nogare;2;Fai della Paganella;necropoli romana;147
46.1875229701209;Trentino-Alto Adige;3;11.0781139284269;20;0;;20081003;TRENTO;0;403;81;Praiole;3;Fai della Paganella;necropoli romana;148
46.186360560319;Trentino-Alto Adige;2;11.0831318857694;20;0;;20081006;TRENTO;0;404;81;dosso dei Carpeni;6;Fai della Paganella;ripostiglio di età romana;151
46.1814417461663;Trentino-Alto Adige;1;11.0838853562233;20;1;A31;20081005;TRENTO;31;405;81;dosso castello;5;Fai della Paganella;abitato della Seconda età del Ferro;150
45.9906068053386;Trentino-Alto Adige;3;10.8317466099733;21;1;A32;21083002;TRENTO;32;406;83;Carera;2;Fiave';Area palafitticola dell' età del Bronzo;563
45.9879659630262;Trentino-Alto Adige;2;10.8302956426071;21;1;A33;21083001;TRENTO;33;407;83;Doss Gustinacci;1;Fiave';Abitato del Bronzo Recente;562
46.0206193873498;Trentino-Alto Adige;3;10.8567680375693;20;0;;20107003;TRENTO;0;408;107;Castel Campo;3;Fiave';materiale sporadico età del Ferro;202
46.1207018039179;Trentino-Alto Adige;2;11.3534337204048;20;0;;20085001;TRENTO;0;409;85;val Cava;1;Fierozzo;attività fusoria dell'età del Bronzo;152
46.2999610053511;Trentino-Alto Adige;3;11.0285100437522;20;0;;20086001;TRENTO;0;410;86;;1;Flavon;necropoli dell'età del Ferro e romana;153
45.9403447598095;Trentino-Alto Adige;3;11.2172984778299;20;0;;20087001;TRENTO;0;411;87;Carbonare;1;Folgaria;stazione del periodo Paleolitico Superiore e Mesolitico;154
46.1187926729449;Trentino-Alto Adige;3;11.1922471842963;20;0;;20089001;TRENTO;0;412;89;pian del Gacc;1;Fornace;edificio dell'età del Ferro;155
46.0864136973556;Trentino-Alto Adige;2;11.3087474160409;20;0;;20090001;TRENTO;0;413;90;bis-malga Terribis;1;Frassilongo;attività fusoria dell'età del Bronzo;156
45.999458857922;Trentino-Alto Adige;3;11.0928614068194;20;0;;20091001;TRENTO;0;414;91;tra Scanderloti e Garniga Nuova;1;Garniga;capanna del Neolitico;157
46.15985090605;Trentino-Alto Adige;3;11.1608768475838;20;0;;20092002;TRENTO;0;415;92;Valternigo-a Mur;2;Giovo;necropoli romana;159
46.1584818078487;Trentino-Alto Adige;2;11.1611712885426;20;0;;20092004;TRENTO;0;416;92;Valternigo-S.Floriano;4;Giovo;materiale isolato dell'età del Bronzo e del Ferro;160
46.1582219656858;Trentino-Alto Adige;3;11.1618232585329;20;0;;20092005;TRENTO;0;417;92;Valternigo-Giaie S.Floriano;5;Giovo;materiale sporadico dell'età del Ferro e romano;161
46.1636389242813;Trentino-Alto Adige;2;11.1685314561664;20;0;;20092001;TRENTO;0;418;92;Mancabrot;1;Giovo;stazioneà del Bronzo Medio;158
45.992239729855;Trentino-Alto Adige;3;11.6011029300759;20;1;A34;20095002;TRENTO;34;419;95;Cost'Alta-colle dei Colombi;2;Grigno;stazione di età Mesolitica;163
45.9780307677461;Trentino-Alto Adige;3;11.6562968382718;20;1;A35;20095003;TRENTO;35;420;95;Grotta d'Ernesto;3;Grigno;stazione del Tardo paleol. sup. - Mesolitico;164
45.9704478326331;Trentino-Alto Adige;3;11.6440813361607;20;0;;20095001;TRENTO;0;421;95;colle dei Meneghini;1;Grigno;stazione di età Mesolitica;162
46.1498204848933;Trentino-Alto Adige;2;11.7940275911839;20;0;;20097001;TRENTO;0;422;97;;1;Imer;necropoli  di epoca altomedievale;165
45.8888854925054;Trentino-Alto Adige;1;10.9916059251085;20;1;A36;20098003;TRENTO;36;423;98;Castelcorno;3;Isera;sottoroccia età del Bronzo Medio;168
45.8787065305881;Trentino-Alto Adige;3;10.9928592124737;20;0;;20098007;TRENTO;0;424;98;chiesa Lenzima;7;Isera;necropoli romana;172
45.8858260494058;Trentino-Alto Adige;3;10.9827713221987;20;0;;20098012;TRENTO;0;425;98;Agustello;12;Isera;materiale sporadico del Paleolitico Superiore;177
45.8859116087527;Trentino-Alto Adige;1;11.0097973739484;21;1;A37;20098005;TRENTO;37;426;98;ex asilo;5;Isera;villa di età romana;170
45.8961127773262;Trentino-Alto Adige;3;11.0144468418184;20;0;;20098001;TRENTO;0;427;98;Marano-loc.Corà;1;Isera;necropoli romana e altomedievale;166
45.8909764194184;Trentino-Alto Adige;3;11.0078921243798;20;0;;20098002;TRENTO;0;428;98;Reviano;2;Isera;necropoli romana;167
45.8851796276635;Trentino-Alto Adige;3;11.0009959258202;20;0;;20098004;TRENTO;0;429;98;Folas-loc.Carpanà;4;Isera;necropoli romana;169
45.8788297394213;Trentino-Alto Adige;2;11.0143065999912;20;0;;20098006;TRENTO;0;430;98;dosso castel Pradaglia-autostrada;6;Isera;insediamento età del Bronzo Medio;171
45.8762979902142;Trentino-Alto Adige;2;11.0101125340665;20;0;;20098008;TRENTO;0;431;98;Corsi;8;Isera;insediamento d'età neolitica;173
45.8758746098593;Trentino-Alto Adige;2;11.0101326937299;20;1;A38;20098009;TRENTO;38;432;98;dossi-monte Pipel;9;Isera;insediamento neolitico;174
45.8721018345952;Trentino-Alto Adige;3;11.0061262932422;20;0;;20098010;TRENTO;0;433;98;Ischia;10;Isera;materiale sporadico di epoca romana;175
45.8849825330881;Trentino-Alto Adige;2;11.0050485109396;20;0;;20098011;TRENTO;0;434;98;colle Pennino;11;Isera;necropoli romana;176
46.055961113075;Trentino-Alto Adige;2;11.5288626606586;20;0;;20099001;TRENTO;0;435;99;Castel Ivano;1;Ivano-Fracena;materiale sporadico dell'età del Bronzo - Ferro;178
45.9744836766544;Trentino-Alto Adige;0;10.6630246895368;20;1;A39;2010001;TRENTO;39;436;100;Casella;1;Lardaro;insediamento età del ferro;0
46.0261481224662;Trentino-Alto Adige;3;10.9764866813185;20;0;;20101005;TRENTO;0;437;101;dosso di S.Siro;5;Lasino;materiale sporadico di età preistorica e romana;182
46.0364093242268;Trentino-Alto Adige;3;10.9855192437988;20;0;;20101001;TRENTO;0;438;101;Madruzzo-Broilo;1;Lasino;edificio di epoca romana;180
46.0367357605687;Trentino-Alto Adige;3;10.9884838719767;20;0;;20101002;TRENTO;0;439;101;Madruzzo-Predere;2;Lasino;necropoli romana;181
46.0258559929164;Trentino-Alto Adige;3;10.9852864698468;20;0;;20101006;TRENTO;0;440;101;al panificio;6;Lasino;edificio di epoca romana;183
46.0194751055845;Trentino-Alto Adige;3;10.9660152155336;20;0;;20101008;TRENTO;0;441;101;Pinedi;8;Lasino;materiale sporadico dell'età del Bronzo e Ferro;185
46.0152553241881;Trentino-Alto Adige;2;10.9724602511638;20;1;A40;20101009;TRENTO;40;442;101;doss Fabiano-Crona dei Gregi;9;Lasino;sottoroccia dell'età del Bronzo;186
46.0196633041662;Trentino-Alto Adige;3;11.0023262243977;20;0;;20101007;TRENTO;0;443;101;Gaggio;7;Lasino;necropoli romana;184
45.9376208246203;Trentino-Alto Adige;3;11.253684191837;20;0;;20102002;TRENTO;0;444;102;Lago;2;Lavarone;materiale sporadico di epoca preistorica;187
45.9275839300449;Trentino-Alto Adige;2;11.2646693247929;20;0;;20102003;TRENTO;0;445;102;Covelo del rio Malo;3;Lavarone;materiale sporadico di epoca altomediaevale;188
45.9346764256843;Trentino-Alto Adige;2;11.3253436874836;20;1;A41;20102004;TRENTO;41;446;102;malga laghetti Millegrobbe;4;Lavarone;attività fusoria dell'età del Bronzo;189
46.1543887418422;Trentino-Alto Adige;3;11.1061340029359;20;0;;20103001;TRENTO;0;447;103;Pressano-Colle;1;Lavis;materiale sporadico dell'età del Bronzo e Ferro;190
46.1532964440732;Trentino-Alto Adige;3;11.1067997211576;20;0;;20103002;TRENTO;0;448;103;Pressano;2;Lavis;necropoli altomedievale;191
46.1470125354908;Trentino-Alto Adige;3;11.1132301260814;20;0;;20103003;TRENTO;0;449;103;Pressano-dos dei Canopi-la Clinga;3;Lavis;stazione dell'età del Bronzo Antico e Medio;192
46.1406905321593;Trentino-Alto Adige;3;11.1175698499495;20;0;;20103004;TRENTO;0;450;103;doss Paion;4;Lavis;mateiale sporadico dell'età del Bronzo Medio e Ferro;193
46.0466712297212;Trentino-Alto Adige;2;11.3437256116108;21;1;A42;21104001;TRENTO;42;451;104;Vetriolo;1;Levico Terme;Giacimento minerario dell'età del Bronzo;564
46.0063594798819;Trentino-Alto Adige;2;11.2778442655667;20;0;;20104004;TRENTO;0;452;104;colle di Tenna-S.Valentino;4;Levico Terme;necropoli romana-altomedievale;197
46.0093941680753;Trentino-Alto Adige;3;11.3051281458567;20;0;;20104003;TRENTO;0;453;104;zona capitello di Prà;3;Levico Terme;necropoli romana;196
46.0171614736234;Trentino-Alto Adige;3;11.319133576959;20;0;;20104002;TRENTO;0;454;104;val Casai;2;Levico Terme;ripostiglio età del Ferro e romana;195
46.0173447751982;Trentino-Alto Adige;1;11.3203006971727;20;0;;20104005;TRENTO;0;455;104;castel Selva;5;Levico Terme;materiale sporadico età del Ferro-romana e castello;198
46.0168851278243;Trentino-Alto Adige;3;11.2868675932419;20;0;;20104001;TRENTO;0;456;104;S.Biagio;1;Levico Terme;materiale sporadico dell'età del Ferro;194
46.1564229437897;Trentino-Alto Adige;3;11.1837713839425;20;0;;20105001;TRENTO;0;457;105;Nossan;1;Lisignago;necropoli romana;199
46.4104201595691;Trentino-Alto Adige;3;11.0125263878285;20;0;;20106001;TRENTO;0;458;106;Preghena;1;Livo (TN);necropoli romana;200
46.155161509926;Trentino-Alto Adige;3;11.2267329969069;20;0;;20108001;TRENTO;0;459;108;Lona-Casteller;1;Lona-Lases;strutture murarie di cronologia incerta;208
46.16087471204;Trentino-Alto Adige;3;11.2335158638793;20;0;;20108004;TRENTO;0;460;108;Lona;4;Lona-Lases;necropoli romana;211
46.1451913019625;Trentino-Alto Adige;3;11.2199243552687;20;0;;20108002;TRENTO;0;461;108;Lases-edificio scolastico;2;Lona-Lases;necropoli romana;209
46.1400365985135;Trentino-Alto Adige;3;11.2179464731132;20;0;;20108003;TRENTO;0;462;108;Lases-Fratteselle;3;Lona-Lases;necropoli romana;210
46.1442972950786;Trentino-Alto Adige;2;11.2263204862817;20;1;A45;20108005;TRENTO;45;463;108;Lases-doss Castel;5;Lona-Lases;necropoli romana ed altomedievale;212
46.453812102659;Trentino-Alto Adige;1;11.706285183387;20;1;A46;20113001;TRENTO;46;464;113;doss del Pigui;1;Mazzin;strutture della Seconda età del Ferro;213
46.1713290700181;Trentino-Alto Adige;2;11.8108076906639;20;1;A47;20115001;TRENTO;47;465;115;Pezze Alte I - maso Fumeri;1;Mezzano;attività fusoria dell'età del Bronzo;214
46.2300655118152;Trentino-Alto Adige;1;11.0892665352801;20;1;A48;20116001;TRENTO;48;466;116;doss de la Forca;1;Mezzocorona;insediamento di eta' mesolitica, neolitica e eneolitica;215
46.2297226036783;Trentino-Alto Adige;3;11.0993802201985;20;0;;20116002;TRENTO;0;467;116;alle Scalette;2;Mezzocorona;ripostiglio di epoca romana;216
46.222923225605;Trentino-Alto Adige;3;11.1032848060502;20;0;;20116003;TRENTO;0;468;116;Ischia Alta-Bosco della Pozza;3;Mezzocorona;ripostiglio dell'età del Bronzo;217
46.2195512341083;Trentino-Alto Adige;1;11.1101964978447;20;0;;20116004;TRENTO;0;469;116;Caverna di S.Gottardo;4;Mezzocorona;materiale sporadico di epoca preistorica;218
46.2152049694798;Trentino-Alto Adige;3;11.119149143668;20;0;;20116006;TRENTO;0;470;116;stabile 'alle Caneve';6;Mezzocorona;necropoli altomedievale;220
46.2158886701064;Trentino-Alto Adige;2;11.1254635636615;20;1;A49;20116005;TRENTO;49;471;116;Dosso S.Michele;5;Mezzocorona;materiale sporadico e sepolture dell'età del Bronzo e romana;219
46.2166326598209;Trentino-Alto Adige;2;11.1190857952371;20;0;;20116008;TRENTO;0;472;116;centro storico;8;Mezzocorona;abitato di epoca romana;221
46.2102357928201;Trentino-Alto Adige;2;11.1271996349366;20;1;A50;20116009;TRENTO;50;473;116;via Canà-ferrovia;9;Mezzocorona;abitato di epoca romana;222
46.2187785629593;Trentino-Alto Adige;1;11.1259009180666;20;1;A51;20116010;TRENTO;51;474;116;Borgonuovo;10;Mezzocorona;sepoltura mesolitica e necropoli età del bronzo;223
46.2140054384369;Trentino-Alto Adige;3;11.0919402885614;20;0;;20117001;TRENTO;0;475;117;presso palazzo Thun;1;Mezzolombardo;necropoli romana e altomedievale;224
46.2093879295529;Trentino-Alto Adige;3;11.089998560311;20;0;;20117002;TRENTO;0;476;117;alla Torresella;2;Mezzolombardo;materiale sporadico preistorico e romano;225
46.2074460912843;Trentino-Alto Adige;3;11.0923376255763;20;0;;20117003;TRENTO;0;477;117;S.Pietro-Cimitero;3;Mezzolombardo;necropoli e strutture di epoca romana;226
46.2041511441854;Trentino-Alto Adige;2;11.0958240827733;20;0;;20117004;TRENTO;0;478;117;Calcara;4;Mezzolombardo;necropoli romana e materiale altomedievale;227
46.2001004446192;Trentino-Alto Adige;3;11.0997803402538;20;0;;20117005;TRENTO;0;479;117;Le Giare;5;Mezzolombardo;materiale dell'età del Bronzo e ferro;228
46.2022759617022;Trentino-Alto Adige;2;11.0972222849471;20;0;;20117007;TRENTO;0;480;117;le Calcare;7;Mezzolombardo;"sottoroccia di epoca preistorica; abitato di epoca romana";230
46.190476442975;Trentino-Alto Adige;1;11.0945441404963;20;0;;20117006;TRENTO;0;481;117;riparo la Rupe;6;Mezzolombardo;abitato dell' età del Bronzo;229
46.1780467803099;Trentino-Alto Adige;2;11.0916230634787;20;1;A52;20117008;TRENTO;52;482;117;Nogarole;8;Mezzolombardo;necropoli età del Bronzo;231
46.3796101922402;Trentino-Alto Adige;3;11.7949316477349;20;0;;20118001;TRENTO;0;483;118;passo S.Pellegrino;1;Moena;stazione dell'età mesolitica;232
46.1385284322472;Trentino-Alto Adige;3;10.9669156306153;20;0;;20120001;TRENTO;0;484;120;via delle Seghe;1;Molveno;stazione dell'eta' del Bronzo;244
45.8648449143465;Trentino-Alto Adige;1;10.9174720811567;20;1;A55;20123004;TRENTO;55;485;123;Loppio-isola S.Andrea;4;Mori;strutture di epoca altomedievale;248
45.8505797067423;Trentino-Alto Adige;3;10.9606297141297;21;1;A56;21123001;TRENTO;56;486;123;Colombo;1;Mori;Insediamento eneolitico e dell'età del Bronzo;565
45.8475768860343;Trentino-Alto Adige;1;10.9695862457223;20;0;;20123014;TRENTO;0;487;123;Bersaglio;14;Mori;insediamento dell'età eneolitica e del Bronzo;256
45.862715441898;Trentino-Alto Adige;3;10.9944983662761;20;0;;20123010;TRENTO;0;488;123;Ravazzone;10;Mori;materiale sporadico di epoca romana;253
45.8558729777407;Trentino-Alto Adige;2;10.9809135772379;20;0;;20123011;TRENTO;0;489;123;monte Albano;11;Mori;insediamento eta' del Bronzo, materiale romano e medioevale à;254
45.8510773442299;Trentino-Alto Adige;3;10.9784811544639;20;0;;20123012;TRENTO;0;490;123;chiesa S.Antonio;12;Mori;necropoli romana;255
45.8565554633584;Trentino-Alto Adige;3;10.9305560651409;20;0;;20123006;TRENTO;0;491;123;Loppio-al Cengio;6;Mori;necropoli romana;250
45.8703810182001;Trentino-Alto Adige;3;10.9363611085343;20;0;;20123003;TRENTO;0;492;123;valle S.Felice-Rinzone;3;Mori;necropoli romana;247
45.8654417636182;Trentino-Alto Adige;2;10.9536785655183;20;0;;20123005;TRENTO;0;493;123;Manzano-casa Bertolini;5;Mori;necropoli romana;249
45.8672446116842;Trentino-Alto Adige;3;10.9611321881114;20;0;;20123009;TRENTO;0;494;123;Nomesino-al castello;9;Mori;materiale sporadico dall'età del Ferro al Medioevo;252
45.8758403993276;Trentino-Alto Adige;3;10.9334067388167;20;0;;20123001;TRENTO;0;495;123;Pannone;1;Mori;ripostiglio di epoca romana;245
45.8758571961938;Trentino-Alto Adige;2;10.9270884959294;20;0;;20123002;TRENTO;0;496;123;Poze de Castelan-dos Garga;2;Mori;materiale sporadico dell'età del Bronzo e romano;246
45.8504607285226;Trentino-Alto Adige;1;10.9709390600568;20;0;;20123018;TRENTO;0;497;123;castel Corno;18;Mori;insediamento dell'età del Bronzo e castello medievale;260
45.8539149179706;Trentino-Alto Adige;2;10.9796412778461;20;0;;20123020;TRENTO;0;498;123;piazza Zocchel;20;Mori;necropoli altomedievale;262
45.8503991049066;Trentino-Alto Adige;2;10.9802232355668;20;0;;20123021;TRENTO;0;499;123;via Terra Nera;21;Mori;necropoli altomedievale;263
45.8374062039238;Trentino-Alto Adige;3;10.9716737278823;20;0;;20123017;TRENTO;0;500;123;Besagno-Cas;17;Mori;edificio di epoca romana;259
45.8472282899566;Trentino-Alto Adige;3;10.9510956614693;20;0;;20123007;TRENTO;0;501;123;Sano;7;Mori;necropoli romana e altomedievale;251
45.8437364899796;Trentino-Alto Adige;3;10.9837197639048;20;0;;20123015;TRENTO;0;502;123;Tierno-chiesa S.Michele;15;Mori;necropoli e fornace di epoca romana;257
45.8387922356715;Trentino-Alto Adige;2;10.9962826517478;20;0;;20123016;TRENTO;0;503;123;Tierno-Castello;16;Mori;insediamento dell'età del Bronzo e Ferro;258
45.8392399612462;Trentino-Alto Adige;2;10.9767558389144;20;0;;20123019;TRENTO;0;504;123;castel Palt;19;Mori;insediamento del Bronzo Recediamento del Bronzo Recente-Finale;261
45.8740514529339;Trentino-Alto Adige;2;10.8853711549661;20;1;A57;20124002;TRENTO;57;505;124;castel Penede;2;Nago-Torbole;materiale sporadico dell'età del Bronzo e necropli romana;265
45.8669395332292;Trentino-Alto Adige;2;10.8930781298232;20;0;;20124004;TRENTO;0;506;124;Daine;4;Nago-Torbole;grotta con incisioni rupestri di epoca medievale;267
45.8682411192841;Trentino-Alto Adige;3;10.8783009940637;20;0;;20124003;TRENTO;0;507;124;Torbole;3;Nago-Torbole;materiale sporadico di epoca romana;266
45.8773420977084;Trentino-Alto Adige;3;10.8913005614697;20;0;;20124001;TRENTO;0;508;124;Nago;1;Nago-Torbole;necropoli di epoca romana e altomedievale;264
45.8735228873503;Trentino-Alto Adige;3;10.8982609708944;20;0;;20124008;TRENTO;0;509;124;Orno 2ø;8;Nago-Torbole;necropoli dell'età eneolitica;270
45.8795263987082;Trentino-Alto Adige;3;10.8903840682597;20;1;A58;20124007;TRENTO;58;510;124;Coel;7;Nago-Torbole;attività fusoria dell'età del Bronzoààà;269
45.880271246726;Trentino-Alto Adige;2;10.8853448671311;20;1;A59;20124009;TRENTO;59;511;124;Prà Alta;9;Nago-Torbole;materiale sporadico dell'età mesolitica e neolitica;271
45.8071413862389;Trentino-Alto Adige;3;10.8842692855537;20;0;;20124006;TRENTO;0;512;124;Busa Brodeghera;6;Nago-Torbole;sepoltura della Seconda età del Ferro;268
46.3018611037972;Trentino-Alto Adige;2;11.0598881488246;20;1;A60;20125001;TRENTO;60;513;125;Castellaccio di Portolo;1;Nanno;necropoli romana;272
45.9146110395889;Trentino-Alto Adige;3;11.0173795413457;20;0;;20127001;TRENTO;0;514;127;Noarna-castello;1;Nogaredo;necropoli altomedievaleà;273
45.9123837762319;Trentino-Alto Adige;3;11.0211767092288;20;0;;20127003;TRENTO;0;515;127;a la Bot de fer;3;Nogaredo;necropoli altomedievale;275
45.9122008386156;Trentino-Alto Adige;3;11.0210878636823;20;0;;20127002;TRENTO;0;516;127;S.Biagio;2;Nogaredo;materiale sporadico di epoca romana;274
45.9053528936643;Trentino-Alto Adige;2;11.0220236647282;20;0;;20127004;TRENTO;0;517;127;Brancolino-doss Pagano;4;Nogaredo;necropoli romana e altomedievale;276
45.9293507251431;Trentino-Alto Adige;3;11.0748175258493;20;0;;20128001;TRENTO;0;518;128;maso Moll;1;Nomi;necropoli altomedievale;277
45.9530094378418;Trentino-Alto Adige;3;11.0966918368971;20;0;;20128004;TRENTO;0;519;128;case Carli;4;Nomi;necropli romana;280
45.9293582813584;Trentino-Alto Adige;2;11.079103213029;20;0;;20128003;TRENTO;0;520;128;dosso S.Pietro;3;Nomi;necropoli romana;279
45.9303350873217;Trentino-Alto Adige;1;11.080324773893;20;1;A61;20128005;TRENTO;61;521;128;Bersaglio-la Masera;5;Nomi;insediamento età del Ferro;281
45.9285765348756;Trentino-Alto Adige;2;11.0790320656812;20;0;;20128006;TRENTO;0;522;128;Brioni;6;Nomi;necropoli altomedievale;282
45.9312275381873;Trentino-Alto Adige;2;11.0775285407251;20;0;;20128009;TRENTO;0;523;128;dosso della Pozza;9;Nomi;edificio di epoca romana e altomedievale;285
45.9310939959479;Trentino-Alto Adige;3;11.0734863089231;20;0;;20128008;TRENTO;0;524;128;Castello;8;Nomi;stazione dell'età del Bronzo Antico e Medio;284
45.9371380827061;Trentino-Alto Adige;3;11.0734714757001;20;0;;20128007;TRENTO;0;525;128;Castelliere-doss Dusion;7;Nomi;insediamento di epoca  preistorica;283
45.9346042764296;Trentino-Alto Adige;2;11.0860828364399;20;0;;20128002;TRENTO;0;526;128;Cef;2;Nomi;insediamento dell'età del Bronzo Recente;278
46.0295342701451;Trentino-Alto Adige;2;11.3763995293086;20;1;A62;20129001;TRENTO;62;527;129;Torri Quadre;1;Novaledo;materiale sporadico di epoca romana;286
46.3147394827662;Trentino-Alto Adige;3;10.7418124681188;20;1;A63;20131001;TRENTO;63;528;131;Cusiano-doss casteler-Pinza;1;Ossana;stazione del Bronzo Medio;287
46.3129370421528;Trentino-Alto Adige;2;10.7446288318851;20;0;;20131002;TRENTO;0;529;131;ai piedi sentiero per Castelir;2;Ossana;masso con coppelle;288
46.3048336813034;Trentino-Alto Adige;3;10.731544266176;20;0;;20131003;TRENTO;0;530;131;Fucine;3;Ossana;masso con coppelle;289
46.064307847697;Trentino-Alto Adige;3;10.9856568339971;20;0;;20132001;TRENTO;0;531;132;maso Sottovi;1;Padergnone;necropoli romana;290
46.1105502455582;Trentino-Alto Adige;3;11.3757845976926;20;0;;20133004;TRENTO;0;532;133;lago Erdemolo;4;Palu' del Fersina;materiale sporadico di età mesolitica;292
46.1393551695133;Trentino-Alto Adige;3;11.3505778535243;20;0;;20133002;TRENTO;0;533;133;maso Stietel;2;Palu' del Fersina;attività fusoria dell'età del Bronzo;291
46.286966985836;Trentino-Alto Adige;3;11.5422146608995;20;0;;20134001;TRENTO;0;534;134;Costa;1;Panchia';necropoli romana;293
45.906478922799;Trentino-Alto Adige;3;10.9571364037738;20;0;;20135003;TRENTO;0;535;135;Becchetta;3;Ronzo-Chienis;stazione età del Bronzo e Ferro;296
45.8910954210442;Trentino-Alto Adige;3;10.9496032169908;20;0;;20135001;TRENTO;0;536;135;Ronzo;1;Ronzo-Chienis;necropoli romana;294
45.8914816711872;Trentino-Alto Adige;3;10.9419894848583;20;0;;20135002;TRENTO;0;537;135;passo S.Barbara;2;Ronzo-Chienis;stazione del Paleolitico Superiore-Mesolitico;295
46.361823477954;Trentino-Alto Adige;3;10.6702859185817;20;1;A64;20136001;TRENTO;64;538;136;Colle S.Rocco;1;Peio;necropoli Seconda età del Ferro;297
46.3778972879131;Trentino-Alto Adige;3;10.6736549027879;20;0;;20136002;TRENTO;0;539;136;malga Saline-Saràden;2;Peio;masso con coppelle;298
46.0748885813848;Trentino-Alto Adige;3;11.2446452676132;21;1;A65;21139001;TRENTO;65;540;139;Montesei di Serso;1;Pergine Valsugana;Insediamento preistorico e protostorico;566
46.0954868861722;Trentino-Alto Adige;1;11.2167082111055;20;0;;20139001;TRENTO;0;541;139;Croce della Rocca;1;Pergine Valsugana;edificio medievale;299
46.074826023945;Trentino-Alto Adige;3;11.2223009544744;20;0;;20139006;TRENTO;0;542;139;monte Zuccar;6;Pergine Valsugana;materiale sporadico del periodo preistorico;302
46.0765991201715;Trentino-Alto Adige;3;11.2259965146951;20;0;;20139005;TRENTO;0;543;139;Canzolino-lago Pudro;5;Pergine Valsugana;materiale sporadico del periodo preistorico;301
46.0735959211908;Trentino-Alto Adige;2;11.2456176632956;20;0;;20139007;TRENTO;0;544;139;Serso-le Prede;7;Pergine Valsugana;maso con coppelle;303
46.0558125115763;Trentino-Alto Adige;2;11.2457833098203;20;0;;20139008;TRENTO;0;545;139;colle Tegazzo-castello di Pergine;8;Pergine Valsugana;insediamento dall'età preistorica al periodo medievale;304
46.0851907647299;Trentino-Alto Adige;3;11.2639574799252;20;0;;20139003;TRENTO;0;546;139;Viarago-doss de la Cros;3;Pergine Valsugana;materiale sporadico dell'età del Bronzo;300
46.0530773176939;Trentino-Alto Adige;3;11.2498526203103;20;0;;20139009;TRENTO;0;547;139;Masetti-presso la chiesa;9;Pergine Valsugana;materiale sporadico età del Bronzo;305
46.044049263066;Trentino-Alto Adige;3;11.244857094898;20;0;;20139010;TRENTO;0;548;139;doss Pozza;10;Pergine Valsugana;materiale sporadico dell'età del Bronzo;306
46.1920842308189;Trentino-Alto Adige;3;11.5214335269242;20;0;;20142001;TRENTO;0;549;142;laghi delle Buse Basse;1;Pieve Tesino;stazione di età mesolitica;313
46.0682895430886;Trentino-Alto Adige;2;11.6150739703483;20;0;;20142003;TRENTO;0;550;142;colle S.Sebastiano;3;Pieve Tesino;necropli dell'età del Ferro;314
46.06822309588;Trentino-Alto Adige;2;11.6057752997815;20;0;;20142004;TRENTO;0;551;142;complesso abitazioni Itela;4;Pieve Tesino;stazione del Bronzo Medio;315
45.9263970257817;Trentino-Alto Adige;3;11.0539924154992;20;0;;20144001;TRENTO;0;552;144;Chiusole;1;Pomarolo;fornace romana;316
45.9414500274907;Trentino-Alto Adige;2;11.0577577198857;20;0;;20144002;TRENTO;0;553;144;Savignano-Servis;2;Pomarolo;necropoli romana e altomedievale;317
46.3174545814777;Trentino-Alto Adige;3;11.6487844263579;20;0;;20147001;TRENTO;0;554;147;Zaluna;1;Predazzo;necropoli della Seconda età del Ferro;318
46.264582462435;Trentino-Alto Adige;3;11.6277748458292;20;0;;20147003;TRENTO;0;555;147;lago delle Trute;3;Predazzo;stazione dell'età mesolitica;320
46.3121759349659;Trentino-Alto Adige;2;11.6829188585003;20;1;A66;20147002;TRENTO;66;556;147;doss Castelir-Bellamonte;2;Predazzo;insediamento dell'età del Bronzo e Ferro;319
46.2400860603532;Trentino-Alto Adige;3;10.8407729785758;20;0;;20151002;TRENTO;0;557;151;Campo Carlomagno;2;Ragoli;materiale sporadico d'età mesolitica;321
46.4140105580914;Trentino-Alto Adige;3;11.0547850842467;21;1;A67;21152001;TRENTO;67;558;152;Monte Ozol;1;Revo';Insediamento e luogo di culto preistorico e protostorico;568
46.3910421595531;Trentino-Alto Adige;2;11.0605800842314;20;0;;20152001;TRENTO;0;559;152;chiesa S.Stefano;1;Revo';necropoli romana;322
45.9173662798545;Trentino-Alto Adige;3;10.8179309247715;21;1;A68;21153001;TRENTO;68;560;153;Monte S.Martino;1;Riva del Garda;Insediamento della seconda età del Ferro e di età romana;569
45.9098523959511;Trentino-Alto Adige;2;10.8528380977233;20;0;;20153003;TRENTO;0;561;153;Ceole - dosso S.Bartolomeo;3;Riva del Garda;insediamento dell'età del Bronzo - sepolture di epoca romana;325
45.9113128584031;Trentino-Alto Adige;3;10.8131574272697;20;0;;20153002;TRENTO;0;562;153;Campi - chiesa di S.Brizio;2;Riva del Garda;necropoli romana;324
45.8996397196939;Trentino-Alto Adige;3;10.830897347137;20;0;;20153030;TRENTO;0;563;153;Dom;30;Riva del Garda;materiale sporadico dall'età del Ferro al periodo altomedievale;350
45.9048945986;Trentino-Alto Adige;2;10.8508052546413;20;0;;20153005;TRENTO;0;564;153;Pasina;5;Riva del Garda;strutture si epoca altomedievale;326
45.9029023472654;Trentino-Alto Adige;3;10.8601388480191;20;0;;20153029;TRENTO;0;565;153;S.Tomaso;29;Riva del Garda;materiale sporadico di epoca romana;349
45.9027965448735;Trentino-Alto Adige;3;10.8386058045709;20;0;;20153001;TRENTO;0;566;153;Varone - cimitero;1;Riva del Garda;edificio di epoca romana;323
45.9046852819848;Trentino-Alto Adige;2;10.8417623628644;20;0;;20153034;TRENTO;0;567;153;Varone - chiesa del Pernone;34;Riva del Garda;necropoli romana e altomedievale;354
45.907803681115;Trentino-Alto Adige;2;10.8414997224431;20;0;;20153019;TRENTO;0;568;153;Varone;19;Riva del Garda;necropoli di epoca romana;339
45.9090540857745;Trentino-Alto Adige;3;10.8420987382778;20;0;;20153020;TRENTO;0;569;153;Varone - fondo Leoni;20;Riva del Garda;necropoli di epoca romana à;340
45.852684947967;Trentino-Alto Adige;3;10.8246552034764;20;0;;20153031;TRENTO;0;570;153;Pregasina;31;Riva del Garda;materiale sporadico di epoca romana;351
45.8845110849845;Trentino-Alto Adige;3;10.8735511584323;20;0;;20153015;TRENTO;0;571;153;monte Brione - Bastia;15;Riva del Garda;materiale sporadico dell'età del Bronzo;335
45.8938490396372;Trentino-Alto Adige;2;10.8608949416807;20;0;;20153033;TRENTO;0;572;153;S.Giorgio - via Passirone;33;Riva del Garda;edificio di epoca romana;353
45.8910262617725;Trentino-Alto Adige;3;10.8595825751046;20;0;;20153011;TRENTO;0;573;153;S.Alessandro - ai Belli;11;Riva del Garda;necropoli di epoca romana;331
45.8856987454992;Trentino-Alto Adige;2;10.8636754330627;20;0;;20153014;TRENTO;0;574;153;via Brione;14;Riva del Garda;necropoli di epoca romana e altomedievale;334
45.8815965879819;Trentino-Alto Adige;3;10.8654776732948;20;0;;20153016;TRENTO;0;575;153;Brione - Barcella;16;Riva del Garda;materiale sporadico di cronologia incerta;336
45.8851323132356;Trentino-Alto Adige;2;10.8608791508679;20;0;;20153023;TRENTO;0;576;153;via Treviso - via Filanda;23;Riva del Garda;necropoli ed edifici di epoca romana;343
45.8828023868362;Trentino-Alto Adige;2;10.8566580433434;20;0;;20153013;TRENTO;0;577;153;via Gorizia - Restel de Fer;13;Riva del Garda;necropoli di epoca romana;333
45.886117489618;Trentino-Alto Adige;2;10.8609024024882;20;0;;20153010;TRENTO;0;578;153;via Longa;10;Riva del Garda;necropoli di epoca romana;330
45.88221692275;Trentino-Alto Adige;2;10.8486404369213;20;0;;20153018;TRENTO;0;579;153;Sabioni;18;Riva del Garda;edificio di epoca romana;338
45.886798543016;Trentino-Alto Adige;2;10.8422130805559;20;0;;20153021;TRENTO;0;580;153;via Roma;21;Riva del Garda;necropoli di epoca romana;341
45.8870169802951;Trentino-Alto Adige;2;10.8398295331805;20;0;;20153025;TRENTO;0;581;153;casa Matteotti;25;Riva del Garda;edificio di epoca romana;345
45.8901009049134;Trentino-Alto Adige;2;10.8411478199751;20;0;;20153027;TRENTO;0;582;153;Ospedale Nuovo;27;Riva del Garda;materiale di epoca romana;347
45.8988502544471;Trentino-Alto Adige;3;10.8402560324357;20;1;A69;20153007;TRENTO;69;583;153;S.Cassiano;7;Riva del Garda;necropoli e materiale sporadico di epoca romana;328
45.8966479606666;Trentino-Alto Adige;3;10.835326740682;20;0;;20153008;TRENTO;0;584;153;S.Giacomo - Roncaglie;8;Riva del Garda;insediamento dell'età del Ferroàà e necropoli romana;329
45.8701703784049;Trentino-Alto Adige;2;10.8354884515244;20;0;;20153032;TRENTO;0;585;153;Ponale;32;Riva del Garda;materiale sporadico di epoca romana;352
45.887005696159;Trentino-Alto Adige;3;10.8380151376095;20;0;;20153028;TRENTO;0;586;153;monte Oro;28;Riva del Garda;materiale sporadico di epoca romana;348
45.8856228074284;Trentino-Alto Adige;3;10.8420066466495;20;0;;20153017;TRENTO;0;587;153;Canonica;17;Riva del Garda;necropoli romana;337
45.8863897062037;Trentino-Alto Adige;3;10.8421705586196;20;0;;20153012;TRENTO;0;588;153;città - viale Dante;12;Riva del Garda;edifici di epoca romana;332
45.8849855565148;Trentino-Alto Adige;3;10.8488579875261;20;0;;20153022;TRENTO;0;589;153;viale Rovereto;22;Riva del Garda;necropoli romana;342
45.8885089576539;Trentino-Alto Adige;2;10.8413561812786;20;0;;20153024;TRENTO;0;590;153;viale Cannella;24;Riva del Garda;edificio di epoca romana;344
45.885085921886;Trentino-Alto Adige;2;10.8406952754373;20;0;;20153026;TRENTO;0;591;153;via Maffei;26;Riva del Garda;materiale sporadico di epoca romana;346
45.9075425728948;Trentino-Alto Adige;3;10.8415055870027;20;0;;20153006;TRENTO;0;592;153;Varone - chiesa;6;Riva del Garda;necropoli di epoca romana e altomedievale;327
46.3968995948074;Trentino-Alto Adige;3;11.0678851967198;20;0;;20154001;TRENTO;0;593;154;stabile Casnar;1;Romallo;materiale sporadico dell'età del Ferro necropoli altomedievale;355
46.3947747070442;Trentino-Alto Adige;3;11.0634554953977;20;0;;20154003;TRENTO;0;594;154;strada Revà-Romallo;3;Romallo;necropoli romana;357
46.3922502080131;Trentino-Alto Adige;2;11.0776142074641;20;1;A70;20154002;TRENTO;70;595;154;S.Biagio;2;Romallo;materiale sporadico dell'età del Bronzo e romano;356
