CODICEIST;TIPOSTRUTTURA;CODREGIONALE;DATAISTITUZIONE;DENOMINAZIONE;INDIRIZZO;CODNAZIONALE;CODPROVINCIALE;PROGDISTRETTO
072006;FARMACIA;850;01-GEN-00;CALO' S.N.C.;VIA  A. MANZONI, 183;160114;1001;65
072006;FARMACIA;851;01-GEN-90;GRASSO CATERINA;VIA MELO, 180;160114;1002;65
072006;FARMACIA;852;01-GEN-90;AMBROSI FRANCESCO;C.SO  SONNINO, 27/A;160114;1003;65
072006;FARMACIA;853;01-GEN-90;STANZIONE MASSIMO;VIA G. PETRONI, 85/I;160114;1004;65
072006;FARMACIA;854;01-GEN-90;ANTUOFERMO MICHELE ENNIO;VIA S. VISCONTI, 102;160114;1005;65
072006;FARMACIA;855;01-GEN-90;DIVINCENZO FILOMENA;VIA F. LATTANZIO, 10;160114;1006;65
072006;FARMACIA;856;01-GEN-90;BOCCUZZI GRAZIA;C.SO VITT. EMANUELE, 149;160114;1007;65
072006;FARMACIA;857;01-GEN-90;FULLONE FRANCESCO;VIA DANTE ALIGHIERI, 58;160114;1008;65
072006;FARMACIA;858;01-GEN-90;RAGONE SNC DI ANGELO E VITO.;V.LE JAPIGIA, 38/B;160114;1009;65
072006;FARMACIA;859;01-GEN-90;CAIVANO TERESA;C.SO SONNINO, 38;160114;1010;65
072006;FARMACIA;860;01-GEN-05;FARMACIA CALABRESE;V.LE SALANDRA, 23/B;160114;1011;65
072006;FARMACIA;861;01-GEN-90;CASTELLANETA DR. GIOVANNI;VIA CRISANZIO 212;160114;1012;65
072006;FARMACIA;862;01-GEN-00;LOZUPONE VINCENZO DANILO;VIA F. CRISPI, 99;160114;1013;65
072006;FARMACIA;863;01-GEN-90;BALENZANO GAETANO SNC;VIA BRIGATA BARI, 126;160114;1014;65
072006;FARMACIA;864;01-GEN-90;DALESSANDRO FRANCESCO;PIAZZA MASSARI, 37/39;160114;1015;65
072006;FARMACIA;865;01-GEN-90;BELLINI FILOMENA;VIA A. MANZONI, 55;160114;1016;65
072006;FARMACIA;866;01-GEN-90;FARMACIE CATALANO-DE LEONARDIS;PIAZZA EUROPA, 37;160114;1017;65
072006;FARMACIA;867;01-GEN-90;SCIUGA PIETRO;VIA S. CRISANZIO, 15;160114;1018;65
072006;FARMACIA;868;01-GEN-90;BI.FARMA DI BIANCO G.NNI F.& C;VIA PALAZZO DI CITTA', 44;160114;1019;65
072006;FARMACIA;869;01-GEN-90;FANTOZZI EUGENIO E C.SNC;VIA G. PETRONI, 45/A;160114;1020;65
072006;FARMACIA;870;01-GEN-90;FAVIA NICOLA;VIA CALEFATI, 123/127;160114;1021;65
072006;FARMACIA;871;01-GEN-90;MENNUNI VITO EMANUELE;VIA R. DI CILLO, 6/A;160114;1022;65
072006;FARMACIA;872;01-GEN-90;CAPOCHIANI UGO;C.SO SONNINO, 120;160114;1023;65
072006;FARMACIA;873;01-GEN-90;MOSTARDA VINCENZINA;VIA ABATE GIMMA, 50;160114;1024;65
072006;FARMACIA;874;01-GEN-90;BERRINO VALERIA CARMEN;C.SO CAVOUR, 53/A;160114;1025;65
072006;FARMACIA;875;01-GEN-90;MANFREDI DR. NICOLA;VIA DE GIOSA, 52;160114;1026;65
072006;FARMACIA;876;01-GEN-90;TEMPESTA DR. ARNALDO SNC;VIA TOMMASO FIORE, 29;160114;1027;65
072006;FARMACIA;877;01-GEN-90;MASSARI CARLO;VIA UMBERTO I, 143;160114;1028;65
072006;FARMACIA;878;01-GEN-05;SBIROLI ERMINIO;VIA PUTIGNANI, 40;160114;1029;65
072006;FARMACIA;879;01-GEN-05;FARM.B.CROCE DELL'ORCO A.A.;C.SO B. CROCE, 170;160114;1030;65
072006;FARMACIA;880;01-GEN-90;FARMACIA REALE S.N.C.;VIA N. PICCINNI, 120;160114;1031;65
072006;FARMACIA;881;01-GEN-90;MELILLO FRANCESCO;VIA RUGGIERO IL NORMANNO, 80;160114;1032;65
072006;FARMACIA;882;01-GEN-90;SISTO CLAUDIA;VIA PRINCIPE AMEDEO, 345;160114;1033;65
072006;FARMACIA;883;01-GEN-90;FAVIA ROMANA;VIA D. NICOLAI, 81/A;160114;1034;65
072006;FARMACIA;884;01-GEN-90;RICCIARDIELLO  ANDREA;VIA NAPOLI, 278;160114;1035;65
072006;FARMACIA;885;01-GEN-90;ROMITA ANTONIO;VIA Q. SELLA, 135;160114;1036;65
072006;FARMACIA;886;01-GEN-90;MUSICCO NICOLO';STRADA SAN GIROLAMO, 2/4;160114;1037;65
072006;FARMACIA;887;01-GEN-90;TREGLIA PIERNICOLA;C.SO CAVOUR, 77;160114;1038;65
072006;FARMACIA;888;01-GEN-90;GIUA BUCCIERO E. SNC;VIA SPARANO, 151;160114;1039;65
072006;FARMACIA;889;01-GEN-90;FRONTERA VITO;VIA MATARRESE, 11/1;160114;1040;65
072006;FARMACIA;890;01-GEN-90;VIOLANTE ANTONIO;CORSO MAZZINI, 40;160114;1041;65
072006;FARMACIA;891;01-GEN-90;CARELLA CLELIA M.A.;VIA RE DAVID, 120;160114;1042;65
072006;FARMACIA;892;01-GEN-90;SALVEMINI ADDOLORATA;VIA MELO, 5;160114;1043;65
072006;FARMACIA;893;01-GEN-90;FARMACIA CROCE BIANCA S.N.C.;C.SO B. CROCE, 201-203;160114;1044;65
072006;FARMACIA;894;01-GEN-90;SCAROLA EDMONDO;V.LE PUGLIA, 26;160114;1045;65
072006;FARMACIA;895;01-GEN-90;LOIACONO ANTONIO;P.ZZA UMBERTO I, 88;160114;1046;65
072006;FARMACIA;896;01-GEN-90;PESOLA MARCELLA;P.ZZA UMBERTO, 22;160114;1047;65
072006;FARMACIA;897;01-GEN-90;RUSCIGNO DOMENICO;P.ZZA S.M. DELLA FONTE, 16;160114;1048;65
072006;FARMACIA;898;01-GEN-90;FALAGARIO GIUSEPPE;VIA S. ANGELO, 12;160114;1049;65
072006;FARMACIA;899;01-GEN-90;CRISTIANI ANNAMARIA;VIA U. MINERVINI, 27;160114;1050;65
072006;FARMACIA;900;01-GEN-90;SPADA ANTONIA;PIAZZALE G. A. PUGLIESE, 52;160114;1051;65
072006;FARMACIA;901;01-GEN-90;BELLOCCHI MARIO;VIA G. VALLE, 21;160114;1052;65
072006;FARMACIA;902;01-GEN-90;GALA ANNA;VIA NAPOLI, 68/A;160114;1053;65
072006;FARMACIA;903;01-GEN-90;COLELLA FRANCESCO PIETRO;VIA VALLE E GIGLIOLI, 19 C/D;160114;1054;65
072001;FARMACIA;904;01-GEN-90;MARSICO S.N.C.;VIA G B MOLIGNANI 18;160114;1055;55
072001;FARMACIA;905;01-GEN-90;BIANCO G. & R. S.N.C.;VIA M. CAMPAGNA 8-10;160114;1056;55
072001;FARMACIA;906;01-GEN-90;PENTASSUGLIA-SPINELLI L.ZO;VIA ROMA 2;160114;1057;55
072002;FARMACIA;907;01-GEN-90;RAGONE LUCIA;BORGO SAN ROCCO, 6;160114;1058;60
072002;FARMACIA;908;01-GEN-90;LOSURDO FILOMENA;C.SO UMBERTO I, 39;160114;1059;60
072003;FARMACIA;909;01-GEN-90;INDIVERI VITTORIO;PIAZZA DEL POPOLO 7;160114;1060;64
072003;FARMACIA;910;01-GEN-90;PETRELLA MARILENA;C.SO V. EMANUELE 4;160114;1061;64
072004;FARMACIA;911;01-GEN-90;CALIA NUNZIO;VIA GENOVA, 2;160114;1062;54
072004;FARMACIA;912;01-GEN-90;CHIERICO-GRANDOLFO LETIZIA;VIA DEI MILLE, 111;160114;1063;54
072004;FARMACIA;913;01-GEN-90;CASIELLO ANGELO & GIACOMO;VIA OTTAVIO SERENA N 20;160114;1064;54
072004;FARMACIA;914;01-GEN-90;MAGGI NICOLA;VICO F.LLI SERENA,1;160114;1065;54
072004;FARMACIA;915;01-GEN-90;ORESTE ROSA;VIA BARI 16;160114;1066;54
072004;FARMACIA;916;01-GEN-90;PAPPALARDO FERDINANDO;C.SO FEDERICO II DI S. 52;160114;1067;54
072004;FARMACIA;917;01-GEN-90;PIGNATELLI GIAMMATTEO;VIA GRAVINA N.13;160114;1068;54
072004;FARMACIA;918;01-GEN-90;VICENTI ELISABETTA;V.LE MARTIRI 71 - ZONA VI;160114;1069;54
072008;FARMACIA;919;01-GEN-07;MANCINI PIERDOMENICO;P.ZZA UMBERTO I, 33;160114;1097;55
072010;FARMACIA;920;01-GEN-90;MARCHESIELLO S.N.C.;P.ZZA UMBERTO, 32;160114;1107;59
072012;FARMACIA;921;01-GEN-90;CAPUTO PAOLA AGATA;VIA GARIBALDI, 12;160114;1117;59
072012;FARMACIA;922;01-GEN-90;DEL SOLE ANGELA DOMENICA;VIA MANZONI, 1;160114;1118;59
072014;FARMACIA;923;01-GEN-90;INDELLICATI ENRICO;VIA MADONNA DEL POZZO, 178;160114;1126;60
072015;FARMACIA;924;01-GEN-90;FARMACIA MASTROGIACOMO;P.ZZA PLEBISCITO 15;160114;1127;63
072015;FARMACIA;925;01-GEN-90;PALATTELLA A.& G. S.N.C.;VIA ROMA 14;160114;1128;63
072015;FARMACIA;926;01-GEN-90;SCELZI NATALE;C.SO V.EMANUELE 39;160114;1129;63
072016;FARMACIA;927;01-GEN-90;GIORGIO ROSA MARTINA;VIA V.EMANUELE III 60;160114;1130;55
072016;FARMACIA;928;01-GEN-90;PALAZZO AURORA;V.LE UNITA' D'ITALIA N.8;160114;1131;55
072017;FARMACIA;929;01-GEN-90;MICCOLIS GIUSEPPE PAOLO;VIA ANGIULLI 17;160114;1132;64
072017;FARMACIA;930;01-GEN-90;LILLA MARIA ELISA;P.ZZA GARIBALDI 53;160114;1133;64
072017;FARMACIA;931;01-GEN-90;CAPUTO DOTT. ANTONIO;VIA RISORGIMENTO 1;160114;1134;64
072018;FARMACIA;932;01-GEN-90;EREDI DR.VALORI VINCENZO;P.ZZA RISORGIMENTO, 58;160114;1135;60
072019;FARMACIA;933;01-GEN-90;L'ABBATE VINCENZO DEL DR F.L'A;VIA G.MATTEOTTI 69;160114;1136;62
072019;FARMACIA;934;01-GEN-90;F.CARVUTTO DI CORAZZO ROSA;VIA VAVALLE 10;160114;1137;62
072019;FARMACIA;935;01-GEN-90;D'APRILE-ELEFANTE DOMENICO;VIA MUCEDOLA, 5;160114;1138;62
072019;FARMACIA;936;01-GEN-90;VILELLA DI G.E S.VILELLA;P.ZZA DELLA REPUBBLICA 24;160114;1139;62
072021;FARMACIA;937;01-GEN-90;CARAVELLA GUENDALINA;P/ZA XX SETTEMBRE,56;160114;1150;63
072021;FARMACIA;938;01-GEN-90;LABRIOLA S.N.C.;VIA G.DI VITTORIO,99;160114;1151;63
072021;FARMACIA;939;01-GEN-90;ANTONICELLI ANGELO;C.SO GARIBALDI 50;160114;1152;63
072021;FARMACIA;940;01-GEN-90;FARMACIA BUONO S.N.C.;CORSO GARIBALDI 86;160114;1153;63
072021;FARMACIA;941;01-GEN-90;F. JACOBELLIS DR. M. ANGIOLA;VIA LUDOVICO ARIOSTO,  32;160114;1154;63
072021;FARMACIA;942;01-GEN-90;FAVALE MICHELE;VIA CAVOUR 110;160114;1155;63
072022;FARMACIA;943;01-GEN-90;FIORE GIULIETTA;VIA GIOVANNI XXIII 8;160114;1156;53
072022;FARMACIA;944;01-GEN-90;FARMACIA D'AGOSTINO;VIA CIALDINI 48;160114;1157;53
072022;FARMACIA;945;01-GEN-90;FARMACIA DEL PRETE S.N.C.;P.ZZA GARIBALDI 37;160114;1158;53
072022;FARMACIA;946;01-GEN-90;RINELLA TERESA;P.ZZA VITT.EMANUELE 48;160114;1159;53
072023;FARMACIA;947;01-GEN-90;LORUSSO IRIS;VIA CATANIA,20;160114;1160;54
072023;FARMACIA;948;01-GEN-90;MUMMOLO NARDULLI G.;P.ZZA PELLICCIARI 29;160114;1161;54
072023;FARMACIA;949;01-GEN-90;NINIVAGGI VITTORIO;C.SO G.DI VITTORIO 13;160114;1162;54
072023;FARMACIA;950;01-GEN-90;PONZIO GLORIA;VIA MILANO 12;160114;1163;54
072023;FARMACIA;951;01-GEN-90;SELVAGGIUOLO ELISABETTA;VIA A.MORO 92;160114;1164;54
072023;FARMACIA;952;01-GEN-90;EREDI SCALESE DR.SSA CATERINA;VIA S. DOMENICO 52;160114;1165;54
072034;FARMACIA;953;01-GEN-90;CAPUTO SAVINO;VIA ROMA 1;160114;1166;54
072024;FARMACIA;954;01-GEN-90;FARMACIE MODUGNO S.N.C.;P.ZZA A. MORO, 13;160114;1167;55
072024;FARMACIA;955;01-GEN-90;FARMACIE MODUGNO S.N.C.;VIA VINCENZO RELLA, 84;160114;1168;55
072025;FARMACIA;956;01-GEN-90;GIACOVAZZO M.GIUSEPPINA;C.SO XX SETTEMBRE 35;160114;1170;64
072036;FARMACIA;957;01-GEN-07;FARMACIA RUTIGLIANO S.N.C.;PIAZZA L  V  BEETHOVEN 50;160114;1171;64
072025;FARMACIA;958;01-GEN-90;F. CONTINI DI I. CONTINI;P.ZZA MARCONI 55;160114;1172;64
072025;FARMACIA;959;01-GEN-90;F.S.MARCO DI DITROILO E DESIAT;VIA S.MARCO 83;160114;1173;64
072027;FARMACIA;960;01-GEN-90;CURCI IRENE;C.SO VITT. EMANUELE, 26;160114;1178;59
072027;FARMACIA;961;01-GEN-00;ARMILLOTTA LEONARDO;P.ZZA DEL POPOLO, 7;160114;1179;59
072027;FARMACIA;962;01-GEN-90;DE PINTO DANIELE;C.SO CAVOUR, 69/71;160114;1180;59
072028;FARMACIA;963;01-GEN-90;DI ZONNO NICOLA;VIA SILVIO SPAVENTA, 66;160114;1181;61
072028;FARMACIA;964;01-GEN-90;FARMACIA PESCE DEL DR.CARRATA;VIA BOVIO, 48;160114;1182;61
072028;FARMACIA;965;01-GEN-90;MANGIOLINO ANTONIA;VIA C. BATTISTI, 155;160114;1183;61
072028;FARMACIA;966;01-GEN-90;LOZUPONE FEDERICO E C. SNC;C.SO UMBERTO I, 29/31;160114;1184;61
072029;FARMACIA;967;01-GEN-90;CLEMENTE MAGGIO MICHELE;VIA G. MARCONI 1/3;160114;1185;53
072029;FARMACIA;968;01-GEN-90;POLI SABINO;VIA NINO BIXIO 89;160114;1186;53
072029;FARMACIA;969;01-GEN-90;DE CANDIA VINCENZO;VIA ANNUNZIATA, 68;160114;1187;53
072029;FARMACIA;970;01-GEN-90;DE PINTO VITO;VIA BACCARINI 14/C;160114;1188;53
072029;FARMACIA;971;01-GEN-90;GRILLO GIOVANNI;LARGO SANTANGELO 37;160114;1189;53
072029;FARMACIA;972;01-GEN-90;LOVERO FRANCESCO;P.ZZA GARIBALDI 38/39;160114;1190;53
072029;FARMACIA;973;01-GEN-90;CERVELLERA;VIA TENENTE RAGNO 76;160114;1191;53
072029;FARMACIA;974;01-GEN-90;MASTRORILLI VITO;P.ZZA IMMACOLATA 56;160114;1192;53
072029;FARMACIA;975;01-GEN-90;MINERVINI ANTONIO;C.SO UMBERTO I 54;160114;1193;53
072029;FARMACIA;976;01-GEN-90;TATULLI DR.SSA LUCREZIA;VIA SERGIO PANSINI 14;160114;1194;53
072029;FARMACIA;977;01-GEN-90;CAPUTO GIOVANNI;VIA BACCARINI 89;160114;1195;53
072029;FARMACIA;978;01-GEN-90;VIOLA DOMENICA;VIA ROMA 135;160114;1196;53
072030;FARMACIA;979;01-GEN-90;ANNESE TROIANO ANGELA;VIA ROMA 223;160114;1197;62
072030;FARMACIA;980;01-GEN-90;F.BARNABA DEL DR.F.BARNABA & C;VIA MILAZZO 9/B;160114;1198;62
072030;FARMACIA;981;01-GEN-90;GENTILE LEONARDO SNC & C;L.GO PLEBISCITO 4;160114;1199;62
072030;FARMACIA;982;01-GEN-90;LOSITO ANTONIO;VIA S.FRANC.DA PAOLA 14;160114;1200;62
072030;FARMACIA;983;01-GEN-90;RIZZI VITONICOLA;VIA POLIGNANI 24;160114;1201;62
072030;FARMACIA;984;01-GEN-90;F. BUNGARO DEL DR. R. BUNGARO;VIA ROMA 111;160114;1202;62
072030;FARMACIA;985;01-GEN-90;SANTORO ASSUNTA;CTR.ANTONELLI 568;160114;1203;62
072031;FARMACIA;986;01-GEN-90;DE TOMMASI GIOVANNI;VIA ALDO MORO 18;160114;1204;64
072031;FARMACIA;987;01-GEN-90;TREROTOLI ROS.E STEFANIA M.SNC;VIA T.FIORE CENTRO COM.;160114;1205;64
072031;FARMACIA;988;01-GEN-90;DR DE TOMMASI ROSSELLA &C SNC;VIA PURGATORIO 11;160114;1206;64
072032;FARMACIA;989;01-GEN-90;CHICCO DOMENICO;VIA CARMINE, 28-30;160114;1207;61
072032;FARMACIA;990;01-GEN-90;DICIOLLA GIOVANNA;VIA RITO SELVAGGI, 24;160114;1208;61
072032;FARMACIA;991;01-GEN-90;DALESIO GIUSEPPE;VIA PRINCIPE UMBERTO, 56;160114;1209;61
072035;FARMACIA;992;01-GEN-90;SOLIMINI CORRADO;P.ZZA ALDO MORO  3;160114;1213;62
072035;FARMACIA;993;01-GEN-90;F.TARANTINI DEL DR.DI DONNA P.;VIA POMPEO SARNELLI 63;160114;1214;62
072036;FARMACIA;994;01-GEN-90;FARM.DALESSANDRO G.PPE SNC;VIA MATTEOTTI 16;160114;1216;64
072036;FARMACIA;995;01-GEN-90;SERIO MARIA TERESA;ESTR.LE A MEZZOGIORNO 69;160114;1217;64
072036;FARMACIA;996;01-GEN-90;PALAZZO DOMENICO LUIGI;C.SO UMBERTO 78;160114;1218;64
072037;FARMACIA;997;01-GEN-90;DALENA ROSANNA;C.SO MAZZINI, 48;160114;1219;61
072037;FARMACIA;998;01-GEN-90;FARMACIA DI DONNA S.N.C.;VIA MOLA, 58;160114;1220;61
072037;FARMACIA;999;01-GEN-90;FARMACIA DEL POPOLO SNC;C.SO CAIROLI, 37;160114;1221;61
072039;FARMACIA;1000;01-GEN-90;FARM.DR.SSA DADDABBO LUCIA SEB;C.SO VITT.EMANUELE 27;160114;1228;63
072039;FARMACIA;1001;01-GEN-90;SPINELLI DALFINO MICHELE A.;VIA DALFINO 58;160114;1229;63
072040;FARMACIA;1002;01-GEN-90;N. BAVARO;C.SO V. EMANUELE III,1;160114;1230;55
072040;FARMACIA;1003;01-GEN-90;NOVIELLI VITO;C.SO VITT.EMANUELE 50;160114;1231;55
072040;FARMACIA;1004;01-GEN-90;ANGIULI PASQUALE;P.ZZA UNITA' D'ITALIA 32;160114;1232;55
072041;FARMACIA;1005;01-GEN-90;CARDINALE FRANCESCO;VIA STAZIONE 35;160114;1233;54
072041;FARMACIA;1006;01-GEN-90;SISTO MATILDE;VIA PO' 9;160114;1234;54
072041;FARMACIA;1008;01-GEN-90;FARMACIA DELL'ANNUNZIATA;VIA ANNUNZIATA 42;160114;1235;54
072044;FARMACIA;1010;01-GEN-90;CIRILLO GIACOMO F.SCO;PIAZZA ALDO MORO 38;160114;1244;55
072044;FARMACIA;1014;01-GEN-90;RECCHIA NICOLA & C. S.N.C.;VIA G. A. PUGLIESE, 206;160114;1245;55
072004;FARMACIA;1015;01-GEN-07;TRICARICO FRANCESCO;VIA F.BALDASSARRA 5;160114;1246;54
072046;FARMACIA;1016;01-GEN-90;FARMACIA ANCONA ROCCO & C.;P.ZZA VITT. VENETO, 25;160114;1255;60
072046;FARMACIA;1020;01-GEN-90;CARETTO VINCENZO;P.ZZA DELLA CROCE, 25;160114;1256;60
072046;FARMACIA;1022;01-GEN-90;SELVAGGIO COSTANTINA;VIA C. BATTISTI, 100;160114;1257;60
072047;FARMACIA;1026;01-GEN-90;F.MASTROLONARDO DR. MASTROCRIS;VIA M.ORLANDI Nø 7;160114;1258;63
072047;FARMACIA;1029;01-GEN-90;GIULIANI MARIA;P.ZZA CAP.COLAPIETRO 6;160114;1259;63
072048;FARMACIA;1032;01-GEN-90;ADDANTE DR. NICOLA;VIA BARI, 19;160114;1260;60
072048;FARMACIA;1035;01-GEN-90;FARMACIA E. STRAZIOTA S.N.C;VIA SAN ROCCO, 25;160114;1261;60
072036;FARMACIA;1036;01-GEN-07;COMUNALE;P.ZZA PADRE PIO;160114;1263;64
072028;FARMACIA;1037;01-GEN-90;SPIGA VITTORIO MASSIMO;P.ZZA DEGLI EROI, 23;160114;1264;61
072004;FARMACIA;1038;01-GEN-07;RUCCIA NICOLA;VIA MATERA 31;160114;1266;54
072041;FARMACIA;1039;01-GEN-90;FARMACIA D'AMBRUOSO SNC;VIA MARCONI, 8;160114;1267;54
072006;FARMACIA;1040;01-GEN-90;POTENZA PATRIZIA;VIA ROBERT KENNEDY, 1/C;160114;1268;65
072006;FARMACIA;1041;01-GEN-90;FARMACIA SOLAZZO S.N.C.;VIA G. FANELLI, 213;160114;1269;65
072036;FARMACIA;1042;01-GEN-90;LAERA PIERA MARTA;VIA CONCILIAZIONE 18;160114;1270;64
072006;FARMACIA;1043;01-GEN-90;FARMACIE CATALANO-DE LEONARDIS;VIA B. BUOZZI , 27/C;160114;1272;65
072006;FARMACIA;1044;01-GEN-90;MANCINI GIOVANNI;CORSO B  .CROCE, 85;160114;1273;65
072006;FARMACIA;1045;01-GEN-90;FARMACIA CAVALLO S.N.C.;V.LE PAPA PIO XII, 48/B;160114;1274;65
072006;FARMACIA;1046;01-GEN-90;LUDOVICO DR. NICOLA SNC;VIA GARRONE, 31;160114;1275;65
072006;FARMACIA;1047;01-GEN-90;DE CRISTO NICOLA;V.LE KENNEDY, 75;160114;1276;65
072006;FARMACIA;1048;01-GEN-90;DE MARCO VINCENZO S.N.C.;VIA SALAPIA, 2;160114;1277;65
072006;FARMACIA;1049;01-GEN-90;ROSUCCI QUINTINA;V.LE O. FLACCO, 11/B;160114;1278;65
072006;FARMACIA;1050;01-GEN-90;MOREA S.N.C.;VIA F. CAMPIONE, 46/A-B;160114;1279;65
072006;FARMACIA;1051;01-GEN-90;FARMACIA DEL PONTE S.N.C.;VIA ARISTOSSENO, 3;160114;1280;65
072006;FARMACIA;1052;01-GEN-90;CAPEZZUTO & C. S.N.C.;VIA RE DAVID, 184/A;160114;1281;65
072006;FARMACIA;1053;01-GEN-90;MACARIO M.LUISA;VIA G. PETRONI, 69/B;160114;1282;65
072006;FARMACIA;1054;01-GEN-90;BRESCIA DOMENICANTONIO;VIA G. DEGLI ALFARANITI, 8-10;160114;1283;65
072030;FARMACIA;1055;01-GEN-90;NOYA ATTILIO;VIA LEPANTO 59/61;160114;1284;62
072006;FARMACIA;1056;01-GEN-90;D'ADDOSIO PIERLUIGI;V.LE UNITA' D'ITALIA, 75;160114;1286;65
072006;FARMACIA;1057;01-GEN-90;FARM.DON GUANELLA BARI PHARMA;VIA G. PETRONI, 114/E;160114;1287;65
072006;FARMACIA;1058;01-GEN-90;BARNABA VITTORIO;V.LE L. EINAUDI, 91;160114;1288;65
072004;FARMACIA;1059;01-GEN-90;DAMBROSIO VINCENZO;VIA PARISI 98;160114;1289;54
072004;FARMACIA;1060;01-GEN-90;GIORDANO MARIA;VIA SELVA 73 A;160114;1290;54
072030;FARMACIA;1061;01-GEN-90;BRUNETTI ROSARIA;VIA AMLETO PESCE 9/E;160114;1292;62
072006;FARMACIA;1062;01-GEN-90;EREDI NEGRO DR. GIUSEPPE;LARGO RENNA, 3/A;160114;1293;65
072006;FARMACIA;1063;01-GEN-90;BELLISARIO CLAUDIO;V.LE DELLA REPUBBLICA, 26;160114;1294;65
072006;FARMACIA;1064;01-GEN-90;ALMA BELLISARIO S.N.C. & C.;LARGO I. CIAIA, 10;160114;1295;65
072006;FARMACIA;1065;01-GEN-90;CRISIGIOVANNI DR.SSA PAOLA;C.SO A. DE GASPERI, 246;160114;1296;65
072006;FARMACIA;1066;01-GEN-90;FARMACIA D'AMBROSIO S.A.S.;VIA MONFALCONE, 19;160114;1297;65
072006;FARMACIA;1067;01-GEN-90;FRANCIA FRANCESCO;VIA VENETO, 2/A;160114;1298;65
072006;FARMACIA;1068;01-GEN-90;RUBINO DR. TOTIRE ANDREA;VIA MAGNA GRECIA, 71;160114;1299;65
072021;FARMACIA;1069;01-GEN-90;DEL PORTICO DI DELL'ORCO E BIA;VIA FLORA, 56;160114;1301;63
072006;FARMACIA;1070;01-GEN-07;MASFARMA DI CHIRIACO' M. & FIG;VIA DEI MILLE, 131;160114;1302;65
072006;FARMACIA;1071;01-GEN-90;REGATTIERI MARCELLO;V.LE DELLA REPUBBLICA, 70;160114;1305;65
072023;FARMACIA;1072;01-GEN-90;GALETTA BERENICE;C.SO G.DI VITTORIO 104;160114;1306;54
072030;FARMACIA;1073;01-GEN-90;FARMACIA LICCIULLI S.N.C;VIA V.VENETO 38-44;160114;1307;62
072004;FARMACIA;1074;01-GEN-90;D'ALESSANDRO FLAVIA M. ROSARIA;V.LE MARTIRI 119;160114;1312;54
072029;FARMACIA;1075;01-GEN-90;EREDI DOTT.SSA DE TRIZIO A SNC;VIA TERLIZZI 2;160114;1313;53
072006;FARMACIA;1076;01-GEN-90;MISCIAGNA PAOLO;V.LE IMP. TRAIANO, 10/A-B;160114;1314;65
072006;FARMACIA;1077;01-GEN-90;FARM INTERN. DR OSTUNI ANGELA;VIA N. DE TULLIO, 63;160114;1315;65
072035;FARMACIA;1078;01-GEN-90;DE LAURENTIS SAS BECCIA N.;P.ZZA S.ANTONIO 43;160114;1317;62
072006;FARMACIA;1079;01-GEN-90;FARMACIA NOYA DR.SSA A. NOYA;VIA NAPOLI, 140;160114;1318;65
072029;FARMACIA;1080;01-GEN-90;MASTRODOMENICO - SALLUSTIO;VIA TEN.LOSITO 39;160114;1319;53
072027;FARMACIA;1081;01-GEN-90;CALIA GIUSEPPE;VIA X MARZO, 84;160114;1320;59
072046;FARMACIA;1082;01-GEN-90;CATALDO VITO;VIA G. CASALINO, 19;160114;1322;60
072006;FARMACIA;1083;01-GEN-90;FARMACIA DE GIGLIO S.N.C.;VIALE DI MARATONA, 12;160114;1324;65
072006;FARMACIA;1084;01-GEN-90;D'AMICO S.N.C.DI GUIDO E MARIA;VIA PAVONCELLI, 149;160114;1325;65
072006;FARMACIA;1085;01-GEN-90;CERNO' GUGLIELMO;VIA VACCARELLA, 20/E;160114;1326;65
072006;FARMACIA;1086;01-GEN-90;LOZUPONE ROSA MARIA ASSUNTA;VIA G. GRANIERI, I/6;160114;1327;65
072006;FARMACIA;1087;01-GEN-90;FARMACIA SAN GIROLAMO S.N.C.;STRADA SAN GIROLAMO, 45/A;160114;1329;65
072027;FARMACIA;1088;01-GEN-90;STANZIONE SNC DI F.SCO E PANTA;VIA PESCARA, 25;160114;1330;59
072027;FARMACIA;1089;01-GEN-90;AVELLINO MARIACRISTINA;VIA ROMA, 85/A-83/A;160114;1331;59
072006;FARMACIA;1090;01-GEN-90;BALDUCCI ANNA;V.LE JAPIGIA, 166;160114;1332;65
072006;FARMACIA;1091;01-GEN-90;CATUCCI MARGHERITA;VIA LUCARELLI, 60;160114;1333;65
072019;FARMACIA;1092;01-GEN-92;DE BIASE NICOLA;C.SO VITT.EMANUELE 8;160114;1334;62
072031;FARMACIA;1093;01-GEN-90;FAR.GASPARRO SNC DELLE DR.GASP;VIA L.DA VINCI 8;160114;1335;64
072032;FARMACIA;1094;01-GEN-90;SCIANNAMEO GIUSEPPE;ZONA COMM. PARCHITELLO, 25;160114;1337;61
072029;FARMACIA;1095;01-GEN-90;SOC. FARM. EGIDI SNC;VIA G.DI VITTORIO 29/P;160114;1341;53
072023;FARMACIA;1096;01-GEN-90;GRASSO ADALGISA;C.SO DI VITTORIO 154;160114;1342;54
072014;FARMACIA;1097;01-GEN-90;MAINARDI MARIA CLAUDIA;VIA TORRICELLA, 101;160114;1344;60
072006;FARMACIA;1098;01-GEN-90;ARMENISE AGNESE;VIA N. LOIACONO, 15;160114;1345;65
072006;FARMACIA;1099;01-GEN-90;VALENTINI ESTER;VIA ALBEROTANZA, 23;160114;1346;65
072028;FARMACIA;1100;01-GEN-90;PARTIPILO MARIA ROSARIA;VIA PIETRO NENNI, 57;160114;1347;61
072006;FARMACIA;1101;01-GEN-07;LOZUPONE VITTORIO;VIA S. QUASIMODO, 39;160114;1348;65
072035;FARMACIA;1102;01-GEN-90;TROPEPE SILVIO;C.DA CHIESA NUOVA 1152/B;160114;1349;62
072006;FARMACIA;1103;01-GEN-07;FABBRONI DR. GIANLUCA;VIA CALDAROLA, 30/BIS;160114;1350;65
072006;FARMACIA;1104;01-GEN-07;D'ALESIO MARILENA;VIA PACIFICO MAZZONI, 13/A;160114;1351;65
072006;FARMACIA;1105;01-GEN-07;BUFI FRANCESCO PAOLO;VIA GUGLIELMO APPULO, 2/B;160114;1352;65
072041;FARMACIA;1106;01-GEN-07;NATUZZI RAFFAELE VITO MODESTO;VIA CAFIERO 7;160114;1353;54
072023;FARMACIA;1107;01-GEN-07;FARMACIA ANCONA ROCCO & C.;VIA S. PELLICO, 2/B;160114;1359;54
072010;FARMACIA;1108;01-GEN-07;SANSONNA DR. GIUSEPPE;VIA BEATO GIACOMO, 20;160114;1360;59
072037;FARMACIA;1109;01-GEN-07;MANCINI CARMELA GEMMA;VIA MOLA, 112/E;160114;1362;61
072032;FARMACIA;1110;01-GEN-07;MISCIAGNA PASQUALE;V.LE EINAUDI, 16;160114;1364;61
072022;FARMACIA;1111;01-GEN-07;FARMACIA COMUNALE S.P.A.;VIA TEN. DE VENUTO,71;160114;1600;53
072029;FARMACIA;1112;01-GEN-07;FARMACIA DE CANDIA DR.NICOLA;VIA S.FRANCESCO D'ASSISI 104 A;160114;1607;53
072020;FARMACIA;1113;01-GEN-06;CANTATORE MARGHERITA;V.LE E.FIERAMOSCA 176;160114;1609;52
072020;FARMACIA;1114;01-GEN-06;CASALINO GIUSEPPINA;P.ZZA V.EMANUELE 32;160114;1610;52
072020;FARMACIA;1115;01-GEN-06;CINONE MICHELE;C.SO MAZZINI 22;160114;1611;52
072020;FARMACIA;1116;01-GEN-06;SAMARELLI VINCENZO;LARGO PLEBISCITO 15;160114;1612;52
072020;FARMACIA;1117;01-GEN-06;TEDONE FILIPPO FABRIZIO;VIA CASTEL DEL MONTE 114;160114;1613;52
072020;FARMACIA;1118;01-GEN-06;DI GIROLAMO ALFONSO;VIALE CADORNA, 67;160114;1614;52
072020;FARMACIA;1119;01-GEN-06;GALLO ANNA MARIA TINA;C.SO GARIBALDI 148;160114;1615;52
072020;FARMACIA;1120;01-GEN-06;MUSCI VINCENZO;C.SO GARIBALDI 22;160114;1616;52
072020;FARMACIA;1121;01-GEN-06;FARMACIA MASCOLI SNC;VIALE DIAZ,6;160114;1617;52
072020;FARMACIA;1122;01-GEN-06;MUSCI GIANPAOLO;VIA DON MINZONI,165-167;160114;1618;52
072020;FARMACIA;1123;01-GEN-06;MARTELLA GUIDO;VIA S.ELIA 160/B;160114;1619;52
072038;FARMACIA;1124;01-GEN-06;D'APRILE ENRICO;VIA CARAFA 10;160114;1620;52
072038;FARMACIA;1125;01-GEN-06;TOTA ANDREA;C.SO JATTA 34;160114;1621;52
072038;FARMACIA;1126;01-GEN-06;PUTEO SANTE;C.SO CARAFA 87;160114;1622;52
072038;FARMACIA;1127;01-GEN-06;FAR.CIA CAPUTI DI CAPUTI G.PPE;C.SO CAVOUR 28;160114;1623;52
072038;FARMACIA;1128;01-GEN-06;SAMARELLI NICOLA;C.SO COTUGNO 6/A;160114;1624;52
072038;FARMACIA;1129;01-GEN-06;FARMACIA LEONE S.N.C.;VIA V.NENNI 16/18;160114;1625;52
072043;FARMACIA;1130;01-GEN-06;CLEMENTE GIUSEPPE;C.SO VITT.EMANUELE 66;160114;1626;52
072043;FARMACIA;1131;01-GEN-06;CONTE ANGELALBA;C.SO GARIBALDI 127;160114;1627;52
072043;FARMACIA;1132;01-GEN-06;GIANNELLI ANNA MARIA;VIA DUOMO 17;160114;1628;52
072043;FARMACIA;1133;01-GEN-06;DR.ALBERTO GEMMATO SNC;VIA ROMA 27;160114;1629;52
072043;FARMACIA;1134;01-GEN-06;BELLINO SILVIA;P.ZZA CAVOUR 3;160114;1630;52
072043;FARMACIA;1135;01-GEN-06;FARMACIA LEONE;VIA DIAZ 55;160114;1631;52
072033;FARMACIA;1136;01-GEN-06;BRUDAGLIO MICHELE;C.SO GARIBALDI 62;160114;1632;51
072033;FARMACIA;1137;01-GEN-06;FARMACIA PORTA REALE;VIA A.DE GASPERI 16;160114;1633;51
072033;FARMACIA;1138;01-GEN-06;CAPOCHIANI DR. VEZIO;VIA XXIV MAGGIO 9;160114;1634;51
072011;FARMACIA;1139;01-GEN-06;VACCA BIANCA MARIA GABRIELLA;P.ZZA CAVOUR 9;160114;1635;51
072011;FARMACIA;1140;01-GEN-06;VACCA ORONZO;VIA MATTEOTTI 18;160114;1636;51
072011;FARMACIA;1141;01-GEN-06;VALENTINI GIANVITO;PIAZZA MARCONI 50;160114;1637;51
072011;FARMACIA;1142;01-GEN-06;DONADIO VINCENZO;C.SO VITT.EMANUELE 3;160114;1638;51
072011;FARMACIA;1143;01-GEN-06;DE PALO ELISABETTA;V.LE GIOVANNI XXIII 15;160114;1639;51
072011;FARMACIA;1144;01-GEN-06;DEL SOLE GIACINTO;VIA TRAETTA 158;160114;1640;51
072011;FARMACIA;1145;01-GEN-06;SARACINO ANNA;VIA G.DE ILDERIS 55;160114;1641;51
072011;FARMACIA;1146;01-GEN-06;CENTRONE FRANCESCO;P.ZZA ROMA 6;160114;1642;51
072011;FARMACIA;1147;01-GEN-06;VALENTE ORONZO;P.ZZA MILITE IGNOTO 20;160114;1643;51
072011;FARMACIA;1148;01-GEN-06;DONADIO ALBINO;VIA MATTEOTTI 91/A;160114;1644;51
072011;FARMACIA;1149;01-GEN-06;FAR.DE PALO V.SNC DI L&V.;P.ZZA XXIV MAGGIO 26;160114;1645;51
072001;FARMACIA;1150;01-GEN-07;VITOLA AMALIA;VIA A. MANZONI, 22/24;160114;1800;55
072001;FARMACIA;1151;01-GEN-07;PAOLICCHIO MARIANGELA;VIA MONS. LAERA, 8;160114;1802;55
072004;FARMACIA;1152;01-GEN-07;MIOLLA LUIGI;VIA IV NOVEMBRE, 64;160114;1803;54
072004;FARMACIA;1153;01-GEN-07;VERDONI ANTONIO;VIA CICERONE,41;160114;1804;54
072041;FARMACIA;1154;19-FEB-07;STILO COSTANTINO;VIA DONIZETTI,125;160114;1805;54
072002;FARMACIA;1156;01-GEN-07;COMUNALE ADELFIA S.R.L.;VIA RUTIGLIANO, 10/A;160114;6002;60
072048;FARMACIA;1157;01-GEN-07;FARMACIA COMUNALE S.P.A.;VIA SACHAROV, 2/4/6;160114;6003;60
072046;FARMACIA;1158;01-GEN-07;SERVIZI DI FARMACIA S.R.L.;VIA LAME, 2;160114;6004;60
072028;FARMACIA;1159;01-GEN-05;FORNARI VINCENZO;V.LE DE NICOLA, 104;160114;6005;61
072002;FARMACIA;1160;01-GEN-07;DE MARINIS GAETANO;VIA RISORGIMENTO, 7;160114;6006;60
072048;FARMACIA;1161;01-GEN-07;FARMACIA SAN FILIPPO;VIA BARI, 221;160114;6007;60
072014;FARMACIA;1162;01-GEN-07;MASSAFRA GIANPIERO;VIA CASAMASSIMA, 18;160114;6008;60
072046;FARMACIA;1163;01-GEN-07;CALARCO SANTO;VIA G. CASALINO, 143;160114;6009;60
072032;FARMACIA;1164;01-GEN-07;PIERRI GIUSEPPE;VIA LOMBARDI, 5/7;160114;6010;61
072030;FARMACIA;1165;01-GEN-07;FARM. TONDO DOTT.SSA MARIA B.;VIA S. MARCO, 62/A;160114;7001;62
072036;FARMACIA;1166;01-GEN-07;FARMACIA DR.LOSACCO VINCENZO;VIA TURI KM.19,229;160114;7002;64
072017;FARMACIA;1167;01-GEN-07;FARMACIA PUGLIESE DR.SSA ROSA;VIA CONVERSANO 110-ANG.TRAT.SP;160114;7003;64
072015;FARMACIA;1168;01-GEN-07;FARMACIA DR.EUGENIO MIGGIANO;VIA LIBERTA' 45;160114;7004;63
072031;FARMACIA;1169;01-GEN-07;FARMACIA DR.MASI EUSTACHIO;VIA PALMIRO TOGLIATTI SNC;160114;7005;64
072019;FARMACIA;1170;01-GEN-07;FARMACIA RIZZI DOTT.NICOLA;VIA POSITANO,22;160114;7006;62
072030;FARMACIA;1171;01-GEN-07;FARMACIA DR.SSA M.MUSCOGIURI;C/DA L'ASSUNTA, 141/A;160114;7007;62
072017;FARMACIA;1172;01-GEN-07;FARMACIA DI VIA MATTEOTTI;VIA MATTEOTTI,24;160114;7008;64
072025;FARMACIA;1173;11-GIU-07;FARMACIA COMUNALE DI LOCOROTON;VIA GORIZIA, 61;160114;7010;64
072033;FARMACIA;1174;04-FEB-08;SCAROLA ADELE ERMINIA S.A.S;VIA DON GIUSEPPE MINERVA 24/26;160114;7014;51
072023;FARMACIA;1175;31-GEN-08;FOLLIERO VALENTINA;VIA LECCE, 64;160114;7018;54
072023;FARMACIA;1176;30-GEN-08;CARAMIA ETTORE;VIA G. BIZET,16;160114;7019;54
072011;FARMACIA;1177;05-MAG-08;FARMACIA MANFREDA DR.COSIMO;VIA G.LA PIRA,39;160114;7020;51
072004;FARMACIA;1178;19-MAG-08;FARALTA S.R.L.;VIA LONDRA N.30;160114;7021;54
072046;FARMACIA;1179;03-MAR-09;FARMACIA DONATONE;VIA GRAMSCI, 25;160114;7022;60
072027;FARMACIA;1180;13-LUG-09;TANDOI DR.SSA ELEONORA;VIA GUIDO RENI, 12;160114;7023;59
072024;FARMACIA;1181;10-LUG-09;RECCHIA NICOLA & C. S.N.C.;VIA FRANCESCO CASALINO, 2/A;160114;7024;55
072029;FARMACIA;1182;10-SET-09;G. PESCA;VIA PAPA MONTINI,22;160114;7025;53
110001;FARMACIA;1183;01-GEN-90;FARMACIA ADDUASIO;VIALE ALTO ADIGE, 96/98;160113;1402;2
110001;FARMACIA;1184;01-GEN-90;TAMMACCARO PAOLA;P.ZZA V.EMANUELE 59;160113;1403;2
110001;FARMACIA;1185;01-GEN-90;DEL MONACO LORENZO;P.ZZA LA CORTE 12;160113;1404;2
110001;FARMACIA;1186;01-GEN-90;CAPOZZA ALDO;VIA FERRUCCI 106;160113;1405;2
110001;FARMACIA;1187;01-GEN-90;FARMACIA CECCA DOTT.SSA ALESSA;VIALE TRENTINO,96;160113;1406;2
110001;FARMACIA;1188;01-GEN-90;INCHINGOLO ALDO;VIA MONTEGRAPPA 70;160113;1407;2
110001;FARMACIA;1189;01-GEN-90;SCATTAGLIA ISABELLA;VIA ANNUNZIATA 7;160113;1408;2
110001;FARMACIA;1190;01-GEN-90;MEMEO RICCARDO;V.LE ROMA 2/B;160113;1409;2
110001;FARMACIA;1191;01-GEN-90;FARM.DR. DIELLA AM E VALENTE L;VIA PISANI 10;160113;1410;2
110001;FARMACIA;1192;01-GEN-90;RIDOLFI RODOLFO;P.ZZA RUGGERO SETTIMO 27;160113;1411;2
110001;FARMACIA;1193;01-GEN-90;FARMACIA SURIANO;VIA TRANI, 3/U;160113;1412;2
110001;FARMACIA;1194;01-GEN-90;VITTI STEFANO;VIA ATTIMONELLI 5;160113;1413;2
110001;FARMACIA;1195;01-GEN-90;LORUSSO BENEDETTA;V.LE VENEZIA GIULIA 18;160113;1414;2
110001;FARMACIA;1196;01-GEN-90;DOTT.SSA DANIELA CIVITA;V.LE VENEZIA GIULIA 148/Q;160113;1416;2
110001;FARMACIA;1197;01-GEN-90;INTERNAZIONALE;VIA CORATO 65;160113;1417;2
110001;FARMACIA;1198;01-GEN-90;SANTORO SAS;VIA GARIBALDI 192;160113;1418;2
110001;FARMACIA;1199;01-GEN-90;CATUCCI ARCANGELA;VIA MORELLI 50;160113;1419;2
110001;FARMACIA;1200;01-GEN-90;GUGLIELMI COSTANZA;VIA BRUNFORTE N.6;160113;1420;2
110001;FARMACIA;1201;01-GEN-90;FRATE MICHELE;VIA MARCO ANTONIO 33/35;160113;1421;2
110001;FARMACIA;1202;01-GEN-90;CIVITA ANTONIO;VIA P.NENNI 307/311;160113;1422;2
110001;FARMACIA;1203;01-GEN-90;FARMACIA TINDARI;VIA VELLETRI 3;160113;1423;2
110001;FARMACIA;1204;01-GEN-90;DOTT.SSA TRIONE ANNA;VIA DON RICCARDO LOTTI, 77;160113;1424;2
110004;FARMACIA;1205;01-GEN-90;FARMACIA FONTANA SNC;VIA GENERALE RIZZI,9;160113;1425;3
110004;FARMACIA;1206;01-GEN-90;DE PERGOLA SNC;VIA KENNEDY 8;160113;1426;3
110004;FARMACIA;1207;01-GEN-90;MALCANGIO VITO;P.ZA DELLA REPUBBLICA 14;160113;1427;3
110004;FARMACIA;1208;01-GEN-90;DI NUNNO FONTE MARIA;VIA KENNEDY;160113;1428;3
110004;FARMACIA;1209;01-GEN-90;ZANNELLA ANTONIETTA;C.SO S.SABINO, 3;160113;1429;3
110004;FARMACIA;1210;01-GEN-90;LOMBARDI CARMELINDA;VIA CARLO ALBERTO 82-84;160113;1430;3
110004;FARMACIA;1211;01-GEN-90;TOTA ISABELLA;VIA G.BOVIO 34;160113;1431;3
110004;FARMACIA;1212;01-GEN-90;LENOCI DAMIANO;VIA VENEZIA 13-15;160113;1432;3
110006;FARMACIA;1213;01-GEN-90;SPERONE ROBERTO;C.SO MATTEOTTI 30;160113;1433;3
110006;FARMACIA;1214;01-GEN-90;PARRULLI LORENZINA;VIA DE GASPERI 21;160113;1434;3
110006;FARMACIA;1215;01-GEN-90;MALERBA DI VALENTE VINCENZA;P.ZZA DE DEO 17;160113;1435;3
110006;FARMACIA;1216;01-GEN-90;SAVINO VINCENZO;VIA IMBRIANI 97;160113;1436;3
110006;FARMACIA;1217;01-GEN-90;CICCHELLI ANTONELLA;C.SO MATTEOTTI 122;160113;1437;3
110008;FARMACIA;1218;01-GEN-90;FARMACIA RINELLA DR. G.RINELLA;VIA SARACENO 1;160113;1438;3
110008;FARMACIA;1219;01-GEN-90;D'INNELLA SEBASTIANO;C.SO UMBERTO I 72/A;160113;1439;3
110002;FARMACIA;1220;01-GEN-90;ALLEGRETTA;VIA CANOSA 18/A;160113;1440;4
110002;FARMACIA;1221;01-GEN-90;F.CIA SCOMMEGNA A. E C SNC;C.SO V. EMANUELE 228;160113;1441;4
110002;FARMACIA;1222;01-GEN-90;CANFORA DEL DR. GAETA GIUSEPPE;VIA R. MARGHERITA 36;160113;1442;4
110002;FARMACIA;1223;01-GEN-90;FARMACIA CAPPABIANCA;C.SO V. EMANUELE 262;160113;1443;4
110002;FARMACIA;1224;01-GEN-90;MASTROMATTEO DANIELA;VIA MUNICIPIO 21;160113;1445;4
110002;FARMACIA;1225;01-GEN-90;CANNONE DOMENICO;VIA I.ALVISI 40;160113;1446;4
110002;FARMACIA;1226;01-GEN-90;FARMACIA DI GIOIA SNC;C.SO GARIBALDI 126;160113;1447;4
110002;FARMACIA;1227;01-GEN-90;FLORIO CARLO;C.SO V.EMANUELE 136;160113;1448;4
110002;FARMACIA;1228;01-GEN-90;GIANNONE MARIO CENTRALE;VIA BACCARINI 19;160113;1449;4
110002;FARMACIA;1229;01-GEN-90;GIANNONE G.PPE  LEONE;P.ZZA PRINC. UMBERTO 24;160113;1450;4
110002;FARMACIA;1230;01-GEN-90;FARMACIA PROCACCI;VIA MANZONI 6;160113;1451;4
110002;FARMACIA;1231;01-GEN-90;CORNACCHIA MARIA TERESA;VIA CAVOUR 38;160113;1452;4
110002;FARMACIA;1232;01-GEN-90;DR.SSA DE STASIO ER. SETTANNI;VIA M.R. IMBRIANI 80;160113;1453;4
110002;FARMACIA;1233;01-GEN-90;POSI FABIO ROCCO;VIA CASARDI 22;160113;1454;4
110002;FARMACIA;1234;01-GEN-90;CANNONE GIOVANNI;VIA MARCONI 2/F;160113;1455;4
110002;FARMACIA;1236;01-GEN-90;FARMACIA BASILE;VIA CANOSA 153/G;160113;1456;4
110002;FARMACIA;1237;01-GEN-90;CITINO DOMENICO;VIA CARDUCCI 37/39;160113;1457;4
110002;FARMACIA;1238;01-GEN-90;SALUS S.N.C.;VIA E.FERMI 91;160113;1458;4
110002;FARMACIA;1239;01-GEN-90;DORONZO CLAUDIA;VIA MAD.DELLA CROCE 121;160113;1459;4
110002;FARMACIA;1240;01-GEN-90;CALZI ALDO;VIA REG.MARGHERITA 209;160113;1460;4
110002;FARMACIA;1241;01-GEN-90;MEMOLI GENNARO;VIA BARBERINI 245;160113;1461;4
110003;FARMACIA;1242;01-GEN-90;PELLEGRINI CALACE MICHELE;VIA G.BOVIO 48;160113;1463;5
110003;FARMACIA;1243;01-GEN-90;COLASUONNO-SPAGNOLETTA;VIA ISONZO ANG.VIA GUARINI;160113;1464;5
110003;FARMACIA;1244;01-GEN-90;SIMONE NATALE;PIAZZA G. DI VITTORIO 2/B;160113;1465;5
110003;FARMACIA;1245;01-GEN-90;SILVESTRIS VITANTONIO;VIA IMBRIANI 141/143;160113;1466;5
110003;FARMACIA;1246;01-GEN-90;FARMACIA MALCANGIO;P.ZZA V. EMANUELE 37;160113;1467;5
110003;FARMACIA;1247;01-GEN-90;STOLFA SNC;P.ZZA CASTELLO 1;160113;1468;5
110003;FARMACIA;1248;01-GEN-90;CASTELLANO VINCENZO;P.ZZA V. EMANUELE  7;160113;1469;5
110003;FARMACIA;1249;01-GEN-90;DI GENNARO GIROLAMO;VIA S.ANDREA 66;160113;1470;5
110003;FARMACIA;1250;01-GEN-90;VENTURA SERGIO MARIA;P.ZZA V.EMANUELE 109;160113;1471;5
110003;FARMACIA;1251;01-GEN-90;D'ANDREA MASSIMO;VIALE CALACE 54;160113;1472;5
110003;FARMACIA;1252;01-GEN-90;DETONI NARCISO;VIA DELLA REPUBBLICA,2;160113;1473;5
110003;FARMACIA;1253;01-GEN-90;FARMACIA D'AMORE S.N.C.;VIA CAN.P.UVA  1;160113;1474;5
110009;FARMACIA;1254;01-GEN-90;MUSCI LEONARDO;P.ZZA DELLA REPUBBLICA 12;160113;1475;5
110009;FARMACIA;1255;01-GEN-90;PORTALURI PATRIZIA;VIA G.ALMIRANTE 15/17;160113;1476;5
110009;FARMACIA;1256;01-GEN-90;FARMACIA DE NICOLO;C.SO V. EMANUELE 126;160113;1477;5
110009;FARMACIA;1257;01-GEN-90;LONIGRO STEFANIA;C.SO A.DE GASPERI 47;160113;1478;5
110009;FARMACIA;1258;01-GEN-90;MININNI JANNUZZI PASQUALE;VIA TASSELGARDO 50;160113;1479;5
110009;FARMACIA;1259;01-GEN-90;MONTERISI - CARRETTA VITO;C.SO IMBRIANI 62;160113;1480;5
110009;FARMACIA;1260;01-GEN-90;PANICO ANTONIETTA;P.ZZA REPUBBLICA 72;160113;1481;5
110009;FARMACIA;1261;01-GEN-90;MONDELLI MARINA;VIA CAVOUR, 130;160113;1482;5
110009;FARMACIA;1262;01-GEN-90;VENTURA AUGUSTA;P.ZZA LAMBERT 1;160113;1483;5
110009;FARMACIA;1263;01-GEN-90;FARMAN SNC-DR.MANNO F.SCO;C.SO V. EMANUELE 2;160113;1484;5
110009;FARMACIA;1264;01-GEN-90;S. ANGELO S.N.C.;VIALE SPAGNA 26;160113;1485;5
110009;FARMACIA;1265;01-GEN-90;FARM. ANTONIA DR.SSA GIANNONE;C.SO DON LUIGI STURZO, 122;160113;1486;5
110009;FARMACIA;1266;01-GEN-90;F.CIA ROSANNA BIONDI E C. SAS;VIA ANDRIA, 69/A;160113;1487;5
110005;FARMACIA;1267;01-GEN-90;GIACOMANTONIO MICHELE;VIA AFRICA ORIENTALE,24;160113;1488;1
110005;FARMACIA;1268;01-GEN-90;GUERRIERO DR. ALESSIO;C.SO N. RICCO  50;160113;1489;1
110005;FARMACIA;1269;01-GEN-90;PUGLIESE DR. DOMENICO;C.SO V. EMANUELE  85;160113;1490;1
110007;FARMACIA;1270;01-GEN-90;G. BRUNO DR. NESTA A E BRUNO L;VIA PAPA GIOVANNI XXIII, 6;160113;1491;1
110007;FARMACIA;1271;01-GEN-90;VALENTINO DR. GIUSEPPE;P.ZZA UMBERTO I  12;160113;1492;1
110007;FARMACIA;1272;01-GEN-90;SANTAMARIA GIANCARLO;VIA LABADESSA 37;160113;1493;1
110010;FARMACIA;1273;01-GEN-90;CIRILLO GRAZIA;C.SO GARIBALDI 11;160113;1494;1
110010;FARMACIA;1274;01-GEN-90;GIRARDI PARENTE NICOLA;VIA V.EMANUELE 5;160113;1495;1
110010;FARMACIA;1275;01-GEN-90;CHIARELLI DR.SSA D. TEDESCO;C.SO TRINITA' 67;160113;1496;1
110010;FARMACIA;1276;01-GEN-90;P.PIO DR GIANNATTASIO G. SAS;LARGO DI GENNARO 24;160113;1497;1
110002;FARMACIA;1277;01-GEN-06;FARMACIA ATTANASIO;VIA DEI PINI, 26;160113;1500;4
110003;FARMACIA;1278;11-APR-07;FARMACIA COMUNALE S.P.A.;VIA DON TONINO BELLO 1;160113;1501;5
110001;FARMACIA;1279;04-FEB-08;FARM. PADRE PIO DR. ROSA RUSSO;VIA MOZART 53;160113;1502;2
110002;FARMACIA;1280;15-DIC-08;FONTO' AGATA GIUSTINA;VIA PAGANINI, 31;160113;1503;4
074001;FARMACIA;1281;01-GEN-90;PALAMA' PAOLO;VIA DE TERRIBILE 7;160106;2001;1
074001;FARMACIA;1282;01-GEN-90;PERRINO ANTONIO;VIA F.FORNARI 11/13;160106;2002;1
074001;FARMACIA;1283;01-GEN-90;CATALDI COSIMO;VIA CARMINE 54/58;160106;2003;1
074001;FARMACIA;1284;01-GEN-90;VALZANO NICOLA;VIA DUCA DEGLI ABRUZZI 41;160106;2004;1
074001;FARMACIA;1285;01-GEN-90;RUBINO DI LUCREZIO DR.LIVIA;VIA APPIA 168;160106;2005;1
074001;FARMACIA;1286;01-GEN-90;FARMACIA DORIA DR.L.PANZERA;VIA SANT'ANGELO N. 87;160106;2006;1
074001;FARMACIA;1287;01-GEN-90;SERVIZI F.CI BR. SRL CENTRO;VIA GRAZIA BALSAMO 2;160106;2007;1
074001;FARMACIA;1288;01-GEN-90;FAVIA LUIGI;VIA S.LORENZO 61;160106;2008;1
074001;FARMACIA;1289;01-GEN-90;FARMACIA TINELLI S.N.C.;CORSO UMBERTO 57;160106;2009;1
074001;FARMACIA;1290;01-GEN-90;FARMACIA CANNALIRE S.N.C.;CORSO UMBERTO 24;160106;2010;1
074002;FARMACIA;1291;01-GEN-90;LEO ADA;VIA ADUA 18;160106;2011;3
074002;FARMACIA;1292;01-GEN-90;COLUCCI NATALIA;VIA TREVES 30;160106;2012;3
074003;FARMACIA;1293;01-GEN-90;CAPUTO ROSA;VIA UMBERTO I 47;160106;2013;3
074003;FARMACIA;1294;01-GEN-90;GALANTE ROSA;VIA ALDO MORO 14;160106;2014;3
074003;FARMACIA;1295;01-GEN-90;RICCI MARIANNA;CORSO GARIBALDI 20;160106;2015;3
074003;FARMACIA;1296;01-GEN-90;CARPARELLI FRANCA;VIA C.COLOMBO 3/C;160106;2016;3
074004;FARMACIA;1297;01-GEN-90;MOSCAGIURI;VIA E.BERLINGUER 46;160106;2017;4
074005;FARMACIA;1298;01-GEN-90;OSTUNI DOTT. ZIZZI GIANPIERO;VIA S QUIRICO 55;160106;2019;2
074006;FARMACIA;1299;01-GEN-90;ACIERNO SAVERIO SALVATORE;VIA MALTA 11/15;160106;2020;4
074007;FARMACIA;1300;01-GEN-90;CAPOCHIANI SNC;CORSO GARIBALDI 52;160106;2021;2
074007;FARMACIA;1301;01-GEN-90;L'ABBATE VITO;CORSO V.EMANUELE 62;160106;2022;2
074007;FARMACIA;1302;01-GEN-90;CECERE GIUSEPPE;CORSO V.EMANUELE 14;160106;2023;2
074007;FARMACIA;1303;01-GEN-90;PATRONELLI CATERINA;VIA NAZIONALE 100;160106;2024;2
074007;FARMACIA;1304;01-GEN-90;RUBINO GRAZIA;VIA TEANO 200;160106;2025;2
074008;FARMACIA;1305;01-GEN-90;CANNALIRE FRANCESCO;VIA REGINA ELENA 44;160106;2026;3
074008;FARMACIA;1306;01-GEN-90;FORTUNA MARIA RITA;CORSO GARIBALDI 42 44;160106;2027;3
074008;FARMACIA;1307;01-GEN-90;SALERNO MELE GIOVANNI;CORSO GARIBALDI 1;160106;2028;3
074008;FARMACIA;1308;01-GEN-90;SCARINGELLA ISA;VIA S.FRANCESCO 257;160106;2029;3
074008;FARMACIA;1309;01-GEN-90;BUNGARO RAFFAELE;CORSO UMBERTO 44;160106;2030;3
074008;FARMACIA;1310;01-GEN-90;DEL LEONE DR. ZULLINO ANGELO;VIA MANZONI 20;160106;2031;3
074009;FARMACIA;1311;01-GEN-90;COLAZZO SALVATORE ROBERTO;VIA A.RIBEZZI 27;160106;2032;4
074009;FARMACIA;1312;01-GEN-90;ALTAVILLA GABRIELE;VIA GARIBALDI 35;160106;2033;4
074010;FARMACIA;1313;01-GEN-90;ANTONUCCI RITA;P.ZZA VITT.EMANUELE 69;160106;2034;4
074010;FARMACIA;1314;01-GEN-90;DE LUCA CARLA;VIA F.VITA;160106;2035;4
074010;FARMACIA;1315;01-GEN-90;RIZZO CARLA;PIAZZA GARIBALDI 16;160106;2036;4
074010;FARMACIA;1316;01-GEN-90;RAMUNDO LIVINO;VIA MANNARINO 13;160106;2037;4
074012;FARMACIA;1317;01-GEN-90;CALAMO SPECCHIA ADELE;VIA DEGLI EMIGRANTI 5;160106;2038;2
074012;FARMACIA;1318;01-GEN-90;D'ALO' RAFFAELE;LARGO BIANCHIERI 23;160106;2039;2
074012;FARMACIA;1319;01-GEN-90;D'AMBROSIO ANNA GIULIA;VIALE POLA 63;160106;2040;2
074012;FARMACIA;1320;01-GEN-90;TANZARELLA MALAGNINO;P.ZZA LIBERTA' 44;160106;2041;2
074012;FARMACIA;1321;01-GEN-90;RODIO RICCARDO;C.SO MAZZINI 20;160106;2042;2
074012;FARMACIA;1322;01-GEN-90;DE NITTO GIUSEPPE;PIAZZA MATTEOTTI 47;160106;2043;2
074011;FARMACIA;1323;01-GEN-90;PISTONE LEONARDO;VIA M.PAGANO 74;160106;2044;3
074011;FARMACIA;1324;01-GEN-90;MUSTO FRANCESCO & C S.N.C.;PIAZZA LORCH 31/A;160106;2045;3
074011;FARMACIA;1325;01-GEN-90;CAPOZZA SILVIA;PIAZZA LAMA 14;160106;2046;3
074013;FARMACIA;1326;01-GEN-90;PONZIO ELENA;L.GO COSTANTINI 10;160106;2047;4
074014;FARMACIA;1327;01-GEN-90;URGESI NICOLA;VIA CAVOUR 18;160106;2048;3
074015;FARMACIA;1328;01-GEN-90;GIORDANO VINCENZO;PIAZZA UMBERTO I N 12;160106;2049;4
074016;FARMACIA;1329;01-GEN-90;ROMANO ANGELA;PIAZZA SAN PIETRO 91;160106;2050;4
074016;FARMACIA;1330;01-GEN-90;GALATOLA FILOMENA;VIA BRINDISI 120;160106;2051;4
074017;FARMACIA;1331;01-GEN-90;EPIFANI GIUSEPPE;VIA A.DE LEO,47;160106;2052;1
074017;FARMACIA;1332;01-GEN-90;EPIFANI ROSARIA;VIA V.EMANUELE 69;160106;2053;1
074017;FARMACIA;1333;01-GEN-90;LAMENDOLA LUIGI;VIA G.GARIBALDI 56;160106;2054;1
074018;FARMACIA;1334;01-GEN-90;GIORDANO ANNA MARIA;VIA KENNEDY 1;160106;2055;4
074019;FARMACIA;1335;01-GEN-90;FRANZOSO ANNABELLA;VIA S.PANCRAZIO 15;160106;2056;4
074019;FARMACIA;1336;01-GEN-90;LEO SALVATORE;VIA RISORGIMENTO 1;160106;2057;4
074001;FARMACIA;1337;01-GEN-90;PERRINO ANGELO;VIA STAZIONE 17;160106;2058;1
074020;FARMACIA;1338;01-GEN-90;D'URSO MARIA GEMMA;VIA V.EMANUELE 115;160106;2059;3
074001;FARMACIA;1339;01-GEN-90;MARRAZZA CARLO;VIALE COMMENDA 57;160106;2060;1
074016;FARMACIA;1340;01-GEN-90;CAVALIERE VINCENZO;LARGO OSANNA S.N.;160106;2061;4
074015;FARMACIA;1341;01-GEN-90;RIBECCO PAOLA;VIA UMBERTO I 76;160106;2062;4
074009;FARMACIA;1342;01-GEN-90;DE FRANCISCIS ANNA;VIA T.DE REVEL 14;160106;2063;4
074017;FARMACIA;1343;01-GEN-90;FARMACIA DE VITO SNC;VIA P.DI PIEMONTE 4;160106;2064;1
074007;FARMACIA;1344;01-GEN-90;BARNABA FRANCESCO;VIA TINELLA ANG.VIA CARSO SNC;160106;2065;2
074010;FARMACIA;1345;01-GEN-90;DR.RICUPERO SAS DEL DR NOCERA;VIA G.MARCONI 73;160106;2066;4
074003;FARMACIA;1346;01-GEN-90;CONTE GIUSEPPE;VIA MARTINA FRANCA 29/A;160106;2067;3
074001;FARMACIA;1347;01-GEN-90;PERRINO ISABELLA;VIA SICILIA 66;160106;2068;1
074001;FARMACIA;1348;01-GEN-90;STRIPPOLI FRANCESCO;VIA CARDUCCI 35;160106;2069;1
074012;FARMACIA;1349;01-GEN-90;MATARRESE CARPARELLI ROBERTO;VIA PADRE S.TAMBORRINO 52;160106;2070;2
074001;FARMACIA;1350;01-GEN-90;FARMACIA BRUNETTI S.N.C.;VIA SELE 3;160106;2071;1
074002;FARMACIA;1351;01-GEN-90;FILOMENA RAFFAELE;VIA M.MONTESSORI N.6;160106;2072;3
074013;FARMACIA;1352;01-GEN-90;ZAURITO MARIA;VIA G.GRASSI 85;160106;2073;4
074006;FARMACIA;1353;01-GEN-90;MUSA EMILIO;VIA PRINC.DI NAPOLI 139;160106;2074;4
074005;FARMACIA;1354;01-GEN-90;L'ABBATE CLAUDIO;VIA TRIESTE 26;160106;2075;2
074004;FARMACIA;1355;01-GEN-90;LEO DEL DR.LUCA LEO & C.SNC;LARGO R.MARGHERITA 2;160106;2076;4
074020;FARMACIA;1356;01-GEN-90;FARMACIA SAN PIO;VIA CEGLIE 33;160106;2077;3
074010;FARMACIA;1357;01-GEN-90;SAVINO GABRIELLA;VIA R.ANTONUCCI 42;160106;2078;4
074005;FARMACIA;1358;01-GEN-90;ITRIA DI MONTAGNA FRANCESCO;VIA ROMA 47;160106;2079;2
074001;FARMACIA;1359;01-GEN-90;FARMACIA VIALE ALDO MORO;VIA MARTIRI ARDEATINE 12;160106;2080;1
074001;FARMACIA;1360;01-GEN-90;DR.RIZZO L.;VIA MECENATE 19;160106;2081;1
074001;FARMACIA;1361;01-GEN-90;VALENTINI MARIA GRAZIA;VIA ARIONE 77;160106;2082;1
074012;FARMACIA;1362;01-GEN-90;FARMACIA SANTORO SAS;VIA GIOVANNI XXIII,61 V.D.SPOR;160106;2083;2
074010;FARMACIA;1363;01-GEN-90;FARMACIA NOCERA SAS;VIA BASILICATA 20/22;160106;2084;4
074001;FARMACIA;1364;01-GEN-90;CORSO ROMA SNC;C/SO ROMA 110-112;160106;2085;1
074007;FARMACIA;1365;01-GEN-90;LANZISERA FELICE;VIA ROMA 147;160106;2086;2
074008;FARMACIA;1366;01-GEN-90;BUNGARO MARIATERESA;VIALE LILLA 26;160106;2087;3
074008;FARMACIA;1367;01-GEN-90;RAMPINO GABRIELE;VIA TRENTO 21;160106;2088;3
074007;FARMACIA;1368;01-GEN-90;POMES DOMENICO;P.ZZA A.MORO 4;160106;2089;2
074001;FARMACIA;1369;01-GEN-90;SPENNATI GIACOMO;VIA CARAVAGGIO 16;160106;2090;1
074001;FARMACIA;1370;01-GEN-90;LOTZNIKER DANIELA;LARGO PALERMO 4;160106;2091;1
074001;FARMACIA;1371;01-GEN-90;FARMACIA SANTA CHIARA;VIA S.GIOVANNI BOSCO 59;160106;2092;1
074008;FARMACIA;1372;01-GEN-90;PERRINO PAOLO;VIA DI VAGNO 14/A;160106;2093;3
074001;FARMACIA;1373;01-GEN-90;PALAMA' GIUSEPPE;V.LE BELGIO 14/C;160106;2094;1
074010;FARMACIA;1374;01-GEN-90;RUTIGLIANO GIUSEPPE;VIALE INDIPENDENZA 154;160106;2095;4
074007;FARMACIA;1375;01-GEN-90;FARMACIA LA SALETTE S.N.C;P.ZZA PLEBISCITO 7;160106;2096;2
074007;FARMACIA;1376;01-GEN-90;PIACENTE EMANUELE;VIA DEL FARO 116;160106;2097;2
074012;FARMACIA;1377;01-MAG-91;CORSA VITO;VIA VENEZIA 11;160106;2098;2
074001;FARMACIA;1378;10-DIC-01;SERVIZI F.CI BR. SRL LA ROSA;VIA DELLE MIMOSE 24;160106;2100;1
074009;FARMACIA;1379;20-MAR-06;RIGLIANO ANGELO RAFFAELE;VIA POLA 60;160106;2101;4
074002;FARMACIA;1380;01-GIU-06;DOR.SSA MARIA POMPEA LAMENDOLA;VIA COLACAVALLO 14;160106;2102;3
074016;FARMACIA;1381;01-OTT-06;MAUGERI GABRIELLA;VIA BRINDISI N.250;160106;2103;4
074011;FARMACIA;1382;04-GEN-07;FARMACIA ANTONCECCHI;VIA DRAGONETTO BONIFACIO 139;160106;2104;3
074017;FARMACIA;1383;01-GEN-07;LORUSSO STEFANIA;VIA CADUTI DI VIA FANI 38/A;160106;2105;1
071024;FARMACIA;1384;01-GEN-90;DI RUBERTO ROSA ANNA;V.LE LEONE XIII 185/C;160115;3001;60
071024;FARMACIA;1385;01-GEN-90;RONGA F. & TARTAGLIA F.;VIA DELLA REPUBBLICA 1;160115;3002;60
071024;FARMACIA;1386;01-GEN-90;CASANOVA LORENZO & C;VIA MANZONI N. 87;160115;3003;60
071024;FARMACIA;1387;01-GEN-90;DE MAURO SNC;C.SO CAIROLI  9;160115;3004;60
071024;FARMACIA;1388;01-GEN-90;DICARO S.N.C.;C.SO CAIROLI 56;160115;3005;60
071024;FARMACIA;1389;01-GEN-90;DI GIOIA SERGIO;V.LE XXIV MAGGIO 23;160115;3006;60
071024;FARMACIA;1390;01-GEN-90;MELE M.FILOMENA;VIA S.SEVERO 6/D;160115;3007;60
071024;FARMACIA;1391;01-GEN-90;SANTINO TIZIANA IOLE;C.SO GARIBALDI 91;160115;3008;60
071024;FARMACIA;1392;01-GEN-90;DI CIOMMO SNC DR.P.& G.;VIA VITTIME CIVILI 91;160115;3009;60
071024;FARMACIA;1393;01-GEN-90;MOLINARO ALESSANDRO;P.ZZA A.MORO 19/L;160115;3010;60
071024;FARMACIA;1394;01-GEN-90;DI BIASE & FIGLI S.A.S.;P.ZZA GIORDANO  2;160115;3011;60
071024;FARMACIA;1395;01-GEN-90;CURATO GIANFRANCO;P.ZZA LIBERTA' 1;160115;3012;60
071024;FARMACIA;1396;01-GEN-90;VENEZIANO I.& GESUALDI P.SNC;VIA D.REPUBBLICA,86;160115;3013;60
071024;FARMACIA;1397;01-GEN-90;DE PASCALE RITA CONC.PATR.;P.ZZA XX SETTEMBRE 1;160115;3014;60
071024;FARMACIA;1398;01-GEN-90;MAZZAMURRO ROSA;VIA RUSSI  19;160115;3015;60
071024;FARMACIA;1399;01-GEN-90;TELESFORO GIOVANNA ADUA R.;C.SO GIANNONE  23;160115;3016;60
071024;FARMACIA;1400;01-GEN-90;TELESFORO PIERPAOLO;C.SO GIANNONE  204;160115;3017;60
071024;FARMACIA;1401;01-GEN-90;FARMACIA SAN FRANCESCO SNC;VIA CONTE APPIANO 46;160115;3018;60
071024;FARMACIA;1402;01-GEN-90;PALLUOTTO EMILIO;P.ZZA GIOVANNI XXIII 3;160115;3019;60
071024;FARMACIA;1403;01-GEN-90;BELLUSCI PIO RUGGERO;BORGO INCORONATA;160115;3020;60
071025;FARMACIA;1404;01-GEN-07;FARMACIA FOCE VARANO;V.LE URIA 31;160115;3021;53
071001;FARMACIA;1405;01-GEN-90;DE MEO MARIA;VIA BORGO  38;160115;3022;59
071002;FARMACIA;1406;01-GEN-90;LEPORE M.ANTONIETTA;VIA BELVEDERE;160115;3023;58
071003;FARMACIA;1407;01-GEN-90;DR MARGIOTTA SNC;STRADA STATALE 91/BIS, 48;160115;3024;59
071004;FARMACIA;1408;01-GEN-90;FLORIO FRANCESCO PAOLO;C.SO GARIBALDI 94;160115;3025;51
071004;FARMACIA;1409;01-GEN-90;FARMACIA DELL'INCORONATA SNC;VIA ROMA 6;160115;3026;51
071004;FARMACIA;1410;01-GEN-90;FARMACIA MATARESE;C.SO GARIBALDI 36;160115;3027;51
071023;FARMACIA;1411;01-GEN-90;GRAZIANO ANNA;VIA REGINA MARGHERITA 50;160115;3028;59
071005;FARMACIA;1412;01-GEN-90;MELFI ALESSANDRA;VIA DUOMO 27;160115;3029;59
071005;FARMACIA;1413;01-GEN-90;CORDISCO PAOLO & C.;C.SO UMBERTO I  21;160115;3030;59
071006;FARMACIA;1414;01-GEN-90;CHECCHIA ROSA MARIA;VIA FUORI PORTA ANNUNZ.1;160115;3031;58
071007;FARMACIA;1415;01-GEN-90;MANUPPELLI ROSALBA;P.ZZA G. PAGLIA  1;160115;3032;59
071007;FARMACIA;1416;01-GEN-90;DI LEO ANTONIO;VIA ROMA 47;160115;3033;59
071008;FARMACIA;1417;01-GEN-90;TRIFARMA SNC DOTT.RI ANELLI;C.SO GIANNONE 145;160115;3034;53
071008;FARMACIA;1418;01-GEN-90;SINISCALCHI RAFFAELE;VIA BRESCIA, 20;160115;3035;53
071009;FARMACIA;1419;01-GEN-90;DI NUNZIO GIUSEPPE;C.SO V.EMANUELE 26;160115;3036;59
071009;FARMACIA;1420;01-GEN-90;GIORDANO FRANCESCO PAOLO;VIA LAPALORCIA  5;160115;3037;59
071010;FARMACIA;1421;01-GEN-90;S.FRANCESCO S.N.C.;VIA DELLA REPUBBLICA 35;160115;3038;55
071011;FARMACIA;1422;01-GEN-90;LANOSA ANTONIETTA;C.SO EUROPA 163;160115;3039;58
071012;FARMACIA;1423;01-GEN-90;NIRO PAOLA;P.ZZA DEL POPOLO 39;160115;3040;53
071029;FARMACIA;1424;01-GEN-07;DI LUZIO PAOLA;VIA G.DI VITTORIO 191;160115;3041;54
071015;FARMACIA;1425;01-GEN-90;LAPOLLA MARIA STELLA RITA;VIA INVERSE 5;160115;3042;59
071013;FARMACIA;1426;01-GEN-90;DE MATTIA MARIA CONCETTA;CORSO CARDINAL PARENTE N.113;160115;3043;58
071014;FARMACIA;1427;01-GEN-90;DI RUBERTO ADRIANA;VIA SKANDEBERG 64;160115;3044;58
071016;FARMACIA;1428;01-GEN-90;LACCETTI MARIA ALTOMARE;VIA SALITA BORGO 6;160115;3045;59
071017;FARMACIA;1429;01-GEN-90;FERRUCCI FRANCESCO;VIA GARIBALDI 19;160115;3046;58
071018;FARMACIA;1430;01-GEN-90;ROSSI RAFFAELE;P.ZZA BORTONE 2;160115;3047;58
071020;FARMACIA;1431;01-GEN-90;CIBELLI DOTT ANGELO CIBELLI;VIA MASCAGNI 52;160115;3048;55
071020;FARMACIA;1432;01-GEN-90;DE SORTIS ROSSELLA;P.ZZA DUOMO  7;160115;3049;55
071020;FARMACIA;1433;01-GEN-90;DANILE ANGELA;VIA V.VENETO 49;160115;3050;55
071020;FARMACIA;1434;01-GEN-90;MACCHIARULO GIACOMO;VIA MASCAGNI  7;160115;3051;55
071020;FARMACIA;1435;01-GEN-90;RUOCCO VITTORIO;VIA BOVIO 9;160115;3052;55
071020;FARMACIA;1436;01-GEN-90;RUOCCO GAETANO SNC;VIA DON MINZONI 118;160115;3053;55
071020;FARMACIA;1437;01-GEN-90;TRAVERSI DOMENICO;VIA ROOSEVELT  38;160115;3054;55
071020;FARMACIA;1438;01-GEN-90;SAMELE MADDALENA;VIA OSTERIA DUCALE 71;160115;3055;55
071020;FARMACIA;1439;01-GEN-90;STRAFILE MARIA ROSARIA;VIA ROMA 20;160115;3056;55
071021;FARMACIA;1440;01-GEN-90;DOTT/SSA DE ROSA ANNA TERESA;C.SO S.GIORGIO 6;160115;3057;51
071022;FARMACIA;1441;01-GEN-90;MARSEGLIA SNC;PIAZZA EUROPA 13;160115;3058;59
071026;FARMACIA;1442;01-GEN-07;SCARDIGNO MICHELE;VIA GARIBALDI N.23, SAN DOMINO;160115;3059;53
071025;FARMACIA;1443;01-GEN-90;LUSTRI GERMANO;VIA N.SAURO 46;160115;3060;53
071027;FARMACIA;1444;01-GEN-90;SACCO GIOVANNI;VIA C.BATTISTI 27/B;160115;3061;51
071028;FARMACIA;1445;01-GEN-90;CASTIGLIONE FABIO;VIA GRAMSCI  12;160115;3062;58
071028;FARMACIA;1446;01-GEN-90;SURIANO TERESA;VIA ROMA  29;160115;3063;58
071028;FARMACIA;1447;01-GEN-90;D.SSE G.& M. DE GIROLAMO SNC;VIA FEDERICO II 50;160115;3064;58
071028;FARMACIA;1448;01-GEN-90;DR IAMELE E MARTINELLI SNC;VIA GRAMSCI  35;160115;3065;58
071029;FARMACIA;1449;01-GEN-90;DEL VECCHIO RAFFAELE;CORSO MANFREDI68;160115;3066;54
071029;FARMACIA;1450;01-GEN-90;FARMACIA AL DUOMO -;CORSO ROMA 134;160115;3067;54
071029;FARMACIA;1451;01-GEN-90;GIORNETTI S.N.C.;C.SO ROMA 240;160115;3068;54
071029;FARMACIA;1452;01-GEN-90;DEL VECCHIO GIUSEPPINA;VIA ANTICHE MURA  85;160115;3069;54
071029;FARMACIA;1453;01-GEN-90;MURGO GIUSEPPE;C.SO MANFREDI 225;160115;3070;54
071029;FARMACIA;1454;01-GEN-90;SQUILLANTE ARMANDO R.;VIA ANTICHE MURA 83;160115;3071;54
071031;FARMACIA;1455;01-GEN-90;FARMAC.SANSONE - SANSONE CARLO;C.SO MATINO 114;160115;3075;54
071032;FARMACIA;1456;01-GEN-90;TOTO ANGELA;P.ZZA MUNICIPIO  2;160115;3076;59
071033;FARMACIA;1457;01-GEN-90;DE SIO GIUSEPPINA & C. SNC;VIA REALE BASILICA 115 -;160115;3077;54
071033;FARMACIA;1458;01-GEN-90;MUSCETTOLA MATTEO S.A.S.;CORSO VITT.EMANUELE 93 - 95;160115;3078;54
071033;FARMACIA;1459;01-GEN-90;POTENZA ANTONIETTA;C.SO V. EMANUELE  30;160115;3079;54
071033;FARMACIA;1460;01-GEN-90;SIMONE RAFFAELLA;VIA MANFREDI   115;160115;3080;54
071034;FARMACIA;1461;01-GEN-90;GARRUTO ROCCO;P.ZZA A.MORO 1;160115;3081;58
071063;FARMACIA;1462;01-GEN-90;MUSA ALBERTO;VIA GIOVINE 68;160115;3082;55
071035;FARMACIA;1463;01-GEN-90;COSTA MARIA;VIA ROMA 4;160115;3083;59
071036;FARMACIA;1464;01-GEN-90;PAPANICOLAU YANNULA;P.ZZA PIETRO NENNI 23;160115;3084;55
071036;FARMACIA;1465;01-GEN-90;LORUSSO PATRIZIA;CORSO UMBERTO  I  49;160115;3085;55
071036;FARMACIA;1466;01-GEN-90;FARMACIA SINISI ANGELA;C.SO ROMA  12;160115;3086;55
071037;FARMACIA;1467;01-GEN-90;PAPADIA MIKAELA;VIA ROMOLO N.2;160115;3087;59
071038;FARMACIA;1468;01-GEN-90;LABOMBARDA LUIGI;VIA MULINO A VENTO, 7;160115;3088;53
071039;FARMACIA;1469;01-GEN-90;FARES GUIDO ANTONIO;P.ZZA DE GASPERI, 1;160115;3089;58
071040;FARMACIA;1470;01-GEN-90;GIULIANI GIOVANNI;VIA V.VENETO 34/C;160115;3090;51
071041;FARMACIA;1471;01-GEN-90;PENSATO DOMENICO;VIA ROMA 43;160115;3091;52
071042;FARMACIA;1472;01-GEN-90;DOTT.SSE NAVARRA M.R & A.SNC;VICOLETTO PICCOLO 30/A;160115;3092;59
071043;FARMACIA;1473;01-GEN-90;MONTANARO FRANCESCA;VIA GROSSI  6;160115;3093;53
071043;FARMACIA;1474;01-GEN-90;BEVERE SALVATORE ALFONSO;C.SO UMBERTO I 25;160115;3094;53
071044;FARMACIA;1475;01-GEN-90;ANDREANO ANTONIO;VIA C.LLO D'AVANZO 7;160115;3095;58
071019;FARMACIA;1476;01-GEN-90;COPPOLELLA MARIA LEONARDA;VIA ROMA 54;160115;3096;59
071052;FARMACIA;1477;01-GEN-90;DEL VENTO GIUSEPPE;P.ZZA XX SETTEMBRE 20;160115;3097;59
071046;FARMACIA;1478;01-GEN-90;FARMACIA PEPE DI E. PEPE SNC;VIA N.SAURO 10;160115;3101;52
071046;FARMACIA;1479;01-GEN-90;DEL CORSO S.N.C.;C.SO UMBERTO 65;160115;3102;52
071046;FARMACIA;1480;01-GEN-90;FARMACIA RICCIARDI S.A.S;VIA KENNEDY 6;160115;3103;52
071047;FARMACIA;1481;01-GEN-90;GUERRIERI;C.SO MATTEOTTI 214;160115;3104;52
071047;FARMACIA;1482;01-GEN-90;MIGLIORELLI ALESSANDRO;C.MATTEOTTI 140;160115;3105;52
071047;FARMACIA;1483;01-GEN-90;NARDELLA CIRO;C.SO MATTEOTTI  77;160115;3106;52
071047;FARMACIA;1484;01-GEN-90;FARMACIA PADRE PIO;VIA ROMA 47;160115;3107;52
071048;FARMACIA;1485;01-GEN-90;BUCCIONE TERESA A.;C.SO V.EMANUELE 14;160115;3108;58
071049;FARMACIA;1486;01-GEN-90;FARMACIA DEL CORSO SNC;C.SO UMBERTO I 106;160115;3109;52
071049;FARMACIA;1487;01-GEN-90;MARCHESANO ANNA MARIA;VIA RISORGIMENTO 2/A;160115;3110;52
071049;FARMACIA;1488;01-GEN-90;BORRELLI MICHELE;VIA MAZZINI  19;160115;3111;52
071050;FARMACIA;1489;01-GEN-90;ANTONUCCI LUIGI;VIA D'ANNUNZIO 26;160115;3112;51
071050;FARMACIA;1490;01-GEN-90;RUSSI GIOVANNI;P.ZZA A.MORO 33;160115;3113;51
071051;FARMACIA;1491;01-GEN-90;FARMACIA SAN FRANCESCO SNC;VIA ZANNOTTI  51;160115;3114;51
071051;FARMACIA;1492;01-GEN-90;GUERRIERI LUIGI MATTEO;P.ZZA N.TONDI 40;160115;3115;51
071051;FARMACIA;1493;01-GEN-90;CARAFA SNC;C.SO GARIBALDI  92;160115;3116;51
071051;FARMACIA;1494;01-GEN-90;GIULIANI ANTONELLA;VIA MINUZIANO,92;160115;3117;51
071051;FARMACIA;1495;01-GEN-90;FARMACIA CENTRALE;VIA TERESA MASSELLI 55;160115;3118;51
071051;FARMACIA;1496;01-GEN-90;FABIANO MAURIZIO;VIA DAUNIA  24;160115;3119;51
071051;FARMACIA;1497;01-GEN-90;FARMACIA MODERNA SNC;VIALE 2 GIUGNO N.63;160115;3120;51
071051;FARMACIA;1498;01-GEN-90;ROMANO CATERINA;VIA SOCCORSO  155;160115;3121;51
071051;FARMACIA;1499;01-GEN-90;FABRIZI FABRIZIO;VIA DON F.CANELLI 41;160115;3122;51
071053;FARMACIA;1500;01-GEN-90;BISSANTI SNC;VIA GARIBALDI  34;160115;3123;51
071053;FARMACIA;1501;01-GEN-90;RISOLDI SNC;C.SO GARIBALDI 2;160115;3124;51
071054;FARMACIA;1502;01-GEN-90;BATTAGLINI DOMENICO;VIA S. PELLICO  5;160115;3125;55
071055;FARMACIA;1503;01-GEN-90;SIMONE CHIARA;C.SO VITT.EMANUELE 39;160115;3126;55
071056;FARMACIA;1504;01-GEN-90;SANTA RITA DEL DR. TAMBURRELLI;C.SO ITALIA  2;160115;3127;51
071056;FARMACIA;1505;01-GEN-90;FARMACIA DEL CORSO;C.SO MATTEOTTI 120;160115;3128;51
071056;FARMACIA;1506;01-GEN-90;NIRO MATTEO;VIA CUSTOZA  8;160115;3129;51
071056;FARMACIA;1507;01-GEN-90;DE NITTIS S.N.C.;C.SO MATTEOTTI 84;160115;3130;51
071058;FARMACIA;1508;01-GEN-90;CATALANO CARMEN & C SNC;P.ZZA GIOVANNI XXIII 2-3;160115;3134;59
071058;FARMACIA;1509;01-GEN-90;FORTUNATI EUGENIO;VIA TRICARICO  3;160115;3135;59
071059;FARMACIA;1510;01-GEN-90;DE PALMA ERNESTA;VIA TOGLIATTI 15;160115;3136;53
071059;FARMACIA;1511;01-GEN-90;D'ORSI CLAUDIO MICHELE;C.SO UMBERTO 45;160115;3137;53
071060;FARMACIA;1512;01-GEN-90;FARMAVIESTESNC-FARM.S.GIUSEPPE;C.SO FAZZINI  23;160115;3138;53
071060;FARMACIA;1513;01-GEN-90;FARMAVIESTE SNC-FARM DI LAURO;VIA DELL'ERBA 1;160115;3139;53
071061;FARMACIA;1514;01-GEN-90;PALUMBO SALVATORE;P.ZZA BILANCIA 6;160115;3140;58
071062;FARMACIA;1515;01-GEN-90;GARRUTO FRANCESCO;C.SO V.EMANUELE 39;160115;3141;58
071064;FARMACIA;1516;01-GEN-90;DR.GAROFALO EREDI S.N.C.;CORSO MANFREDONIA  20;160115;3142;54
071020;FARMACIA;1517;01-GEN-90;FARMACIA SACRO CUORE;VIA  TORRICELLI   ANG. VIA PIG;160115;3143;55
071024;FARMACIA;1518;01-GEN-90;DESA S.N.C.;V.LE MICHELANGELO 11.13.15.;160115;3153;60
071024;FARMACIA;1519;01-GEN-90;FARMACIA S.ANNA;P.ZZA C. VILLANI 32/C;160115;3154;60
071024;FARMACIA;1520;01-GEN-90;DE PERNA CRISTINA;VIA MASI N.2;160115;3155;60
071028;FARMACIA;1521;01-GEN-90;FARES EUGENIO GUIDO;VIA CIABURRI  99;160115;3170;58
071051;FARMACIA;1522;01-GEN-90;MANZO S.N.C.;VIA CHECCHIA RISPOLI 113;160115;3171;51
071027;FARMACIA;1523;01-GEN-90;SPECCHIULLI MARTINO;C.SO UMBERTO I 40;160115;3172;51
071029;FARMACIA;1524;01-GEN-90;FARMACIA DEL ROSARIO;VIALE BECCARINI 22/D;160115;3173;54
071029;FARMACIA;1525;01-GEN-90;MANZO MICHELE;V.LE G.DI VITTORIO 3/5;160115;3174;54
071051;FARMACIA;1526;01-GEN-90;ARIANO GIANCARLO;P.ZZA F.CAVALLOTTI 26;160115;3175;51
071029;FARMACIA;1527;01-GEN-90;QUERQUES MARIA PIA;V.LE ALDO MORO 19;160115;3176;54
071028;FARMACIA;1528;01-GEN-90;MASSARO GIULIA;PIAZZA DEL POPOLO 9/E;160115;3177;58
071024;FARMACIA;1529;01-GEN-90;DERRICO FILIPPO;VIA ORDONA-LAVELLO 83;160115;3178;60
071020;FARMACIA;1530;01-GEN-90;FARMACIA DEL CORSO SNC;CORSO A.MORO 14;160115;3179;55
071024;FARMACIA;1531;01-GEN-90;GALLUCCI CONCETTA VALENTINA;VIA G. FORTUNATO 20;160115;3180;60
071024;FARMACIA;1532;01-GEN-90;DIROGIANNI EFSTATHIA;V.LE OFANTO  186;160115;3181;60
071029;FARMACIA;1533;01-GEN-90;FARMACIA DE CRISTOFARO E C.SNC;VIA ORTO SDANGA 1/D;160115;3182;54
071033;FARMACIA;1534;01-GEN-90;CARLO GIORNETTI;VIA MADONNA DELLE GRAZIE;160115;3183;54
071024;FARMACIA;1535;01-GEN-90;DR. RUSSO V. & RUSSO S. SNC;V.LE G.DI VITTORIO 158;160115;3184;60
071024;FARMACIA;1536;01-GEN-90;TARTAGLIA STEFANO;VIA G.IMPERIALE 47;160115;3185;60
071029;FARMACIA;1537;01-GEN-90;PRENCIPE RAFFAELE;VIA GARGANO 61;160115;3186;54
071024;FARMACIA;1538;01-GEN-90;FARMACIA CASTIGLIONE;V.LE OFANTO  94;160115;3187;60
071024;FARMACIA;1539;01-GEN-90;DI RUBERTO R.LE;VIA GISSI  53;160115;3188;60
071051;FARMACIA;1540;01-GEN-90;FARMACIA SANTA RITA;VIA BELMONTE 61;160115;3189;51
071051;FARMACIA;1541;01-GEN-90;LA PIETRA ROBERTO;VIA S.BERNARDINO 50;160115;3190;51
071024;FARMACIA;1542;01-GEN-90;SALVATORE & FIGLI SNC;VIA PIETRO NENNI 50;160115;3191;60
071059;FARMACIA;1543;01-GEN-90;GROSSI LEONARDO;VIA S.ANTONIO N.1;160115;3192;53
071060;FARMACIA;1544;01-GEN-90;FARMAVIESTE SNC-FARM.DEL PORTO;VIA BRINDISI 16;160115;3193;53
071020;FARMACIA;1545;01-GEN-90;VINCIGUERRA MANRICO FRANCO;VIA S.LEONARDO 132;160115;3194;55
071024;FARMACIA;1546;01-GEN-90;VASSALLI TERESA E GUSTAVO SNC;VIALE DEGLI AVIATORI 90;160115;3195;60
071049;FARMACIA;1547;01-GEN-90;D'ADDETTA CARLO;VIA MARCONIN.11;160115;3196;52
071046;FARMACIA;1548;01-GEN-90;FARMACIA LECCE S.N.C.;P.ZZA EUROPA 16;160115;3197;52
071029;FARMACIA;1549;01-GEN-90;FARMACIA SALCUNI;VIA D.ALIGHIERI 16;160115;3198;54
071024;FARMACIA;1550;01-GEN-90;DE MEO ANTONIO;VIALE OFANTO, 234;160115;3200;60
071028;FARMACIA;1551;01-GEN-90;CHECCHIA DONATO;VIA A.MORO 28;160115;3201;58
071028;FARMACIA;1552;01-GEN-90;ABBATE GIUSEPPE;VIA DELLA PACE 2;160115;3202;58
071024;FARMACIA;1553;01-GEN-90;PIEMONTESE MARIA LIBERA;P.ZZA CATTEDRALE SEGEZIA;160115;3203;60
071024;FARMACIA;1554;01-GEN-90;DR.TRICARICO ELISABETTA S.A.S.;VIA MART.DI VIA FANI 32;160115;3204;60
071024;FARMACIA;1555;01-GEN-90;DR. APICELLA & STASI SNC;VIA DELL'ARC.MICHELE 130;160115;3205;60
071020;FARMACIA;1556;01-GEN-90;DI LEVANTE  DR.SSA ALICINO;V.LE DI LEVANTE 57/B-C;160115;3206;55
071024;FARMACIA;1557;01-GEN-90;SALATTO POTITO;BORGO CERVARO;160115;3207;60
071024;FARMACIA;1559;01-GEN-07;MILONE STEFANO;VIA LABRIOLA 21;160115;3208;60
071024;FARMACIA;1560;01-GEN-07;STIZZA FRANCESCO PAOLO;VIA P.TELESFORO 96-98;160115;3209;60
071028;FARMACIA;1561;01-GEN-96;FRANCHINO ADRIANA;VIA RAFFAELLO PAL.INCOM;160115;3210;58
071024;FARMACIA;1562;01-GEN-99;STODUTO GIOVANNI;VIA SPAGNA 4/N;160115;3211;60
071024;FARMACIA;1563;01-GEN-99;CAPPELLETTA MARIA G.;VIA LUCERA 139/A;160115;3212;60
071051;FARMACIA;1564;01-GEN-07;FARMACIA SAN PIO SNC;VIA PADRE MATTEO D'AGNONE N.41;160115;3213;51
071049;FARMACIA;1565;01-GEN-07;FARMACIA PALUMBO SNC;VIA SAN FRANCESCO D'ASSISI,13;160115;3300;52
071029;FARMACIA;1566;01-GEN-07;FARMACIA DI STEFANO;VIA SCALORIA  157/159;160115;3500;54
071020;FARMACIA;1567;01-GEN-07;FARMACIA PELAGIO RAFFAELLA;VIA MESTRE  9/11;160115;3501;55
071029;FARMACIA;1568;01-GEN-07;FARMACIA SERRATI' DOTT.EUGENIO;VIA E. GIUSTINO N.65;160115;3503;54
071024;FARMACIA;1569;01-GEN-07;PRENCIPE ANGELA MARIA;VIA ROVELLI 2/A;160115;3701;60
071046;FARMACIA;1570;28-MAR-08;FARMACIA DR.SSA LIVRIERI AVA;CORSO ROMA N. 114;160115;3702;52
071046;FARMACIA;1571;02-SET-08;FARMACIA DR.SSA MEROLA VILMA;VIALE ALDO MORO N.58/60;160115;3703;52
071046;FARMACIA;1572;18-MAR-10;FARMACIA DR.SSA GRAVINA MARIA;VIA DE BONIS N. 2;160115;3704;52
075058;FARMACIA;1573;01-GEN-90;PICCIOLO SIMONETTA;P.ZZA GARIBALDI N.61;160116;4001;57
075040;FARMACIA;1574;01-GEN-90;FARMACIA ARETANO S.A.S.;VIA SOLETO 32;160116;4002;54
075030;FARMACIA;1575;01-GEN-90;SENAPE ANNITA;VIA TORRENTE, 35;160116;4003;53
075014;FARMACIA;1576;01-GEN-90;BARBAGALLO SNC DEI DOTTORI;LARGO S.FRANCESCO 25;160116;4004;52
075088;FARMACIA;1577;01-GEN-90;SCARDIA SNC DR.SSE METRANGOLO;P.ZZA CAPPUCCINI;160116;4005;60
075035;FARMACIA;1578;01-GEN-90;CASCIARO S.N.C.;VIA G.GENTILE 20;160116;4006;51
075052;FARMACIA;1579;01-GEN-90;PAGLIULA MARIO;VIA A. D'ORLANDO S.N.;160116;4007;53
075043;FARMACIA;1581;01-GEN-07;BURSOMANNO VINCENZO;VIA DUCA ABRUZZI 17;160116;4008;54
075011;FARMACIA;1582;01-GEN-90;PICERNO ANTONIO;VIA SAN GIOVANNI N. 52;160116;4009;52
075079;FARMACIA;1583;01-GEN-90;BALTINI S.N.C.;VIA S.FRANCESCO 27;160116;4010;52
075092;FARMACIA;1584;01-GEN-90;FA.MEMMO-CATALANO S.CLOD. SNC;VIA VITT.VENETO 130;160116;4011;52
075070;FARMACIA;1585;01-GEN-90;FARMACIA CAPUTO SNC;VIA ROMA 1;160116;4012;56
075097;FARMACIA;1586;01-GEN-90;CAGNAZZO SALVATORE & C. S.A.S.;VIA CILEA 37;160116;4013;53
075088;FARMACIA;1587;01-GEN-90;PETRELLI TERENZIO & C. SNC;VIA GARIBALDI 11 - LUCUGNANO;160116;4014;60
075022;FARMACIA;1588;01-GEN-90;FASANO DONATELLA;VIA MARIANO 1;160116;4015;53
075091;FARMACIA;1589;01-GEN-90;CAMBOA GIOVANNI;VIA GARIBALDI   8;160116;4016;58
075029;FARMACIA;1590;01-GEN-90;PRATO DR. LUCIA & CO. S.A.S.;VIA KENNEDY 3;160116;4017;55
075044;FARMACIA;1591;01-GEN-90;CAPUTO SNC DI CAPUTO S.A. E M.;VIA PIAZZA VECCHIA N.8;160116;4018;56
075057;FARMACIA;1592;01-GEN-90;RICCIARDI NICOLA;L.RE T.D'OTRANTO 73;160116;4019;57
075030;FARMACIA;1593;01-GEN-90;FARMACIA CASILLI SNC;VIA G.LEUZZI 7;160116;4020;53
075048;FARMACIA;1594;01-GEN-90;PETRELLI M. E CARRIERO R. SNC;VIA VITT. EMANUELE II, 59;160116;4021;51
075089;FARMACIA;1595;01-GEN-90;FARMACIA S.GIUSEPPE SNC;VIA XXIV MAGGIO N.165;160116;4022;56
075022;FARMACIA;1596;01-GEN-07;IGEA DOTT.RI ANT E TOM SNC;VIA CORSICA 213;160116;4023;53
075065;FARMACIA;1597;01-GEN-90;CEINO DR GIUSEPPE & C. SAS;VIA ROMA 6;160116;4024;52
075028;FARMACIA;1598;01-GEN-90;D'AMBROSIO SERGIO;PIAZZA DEL GESU';160116;4025;60
075052;FARMACIA;1599;01-GEN-90;COLANGELO ONORATO SNC;VIA D.DEGLI ABRUZZI 36/A;160116;4026;53
075090;FARMACIA;1600;01-GEN-90;ACCOTO GIUSEPPE;VIA E.D'AMATO 2 - GEMINI;160116;4027;60
075031;FARMACIA;1601;01-GEN-90;ANTICA FARMACIA PROVENZANO SNC;VIA DE PACE 59;160116;4028;56
075016;FARMACIA;1602;01-GEN-90;COOPERATIVA;VIA CAVOUR N.5;160116;4029;59
075047;FARMACIA;1603;01-GEN-90;COSI MARIA ROSARIA;P.ZZA UMBERTO I 24;160116;4030;58
075051;FARMACIA;1604;01-GEN-90;CULIERSI DI QUARANTA LUCIA A.;VIA CORSICA 87;160116;4031;57
075068;FARMACIA;1605;01-GEN-90;FARM PASCA DR DANIELA E C. SNC;VIA DON ORONZO MARGIOTTA,  2;160116;4032;51
075035;FARMACIA;1606;01-GEN-90;FEROCINO CLAUDIA;P.ZZA SANT'ORONZO 31;160116;4033;51
075031;FARMACIA;1607;01-GEN-90;DE BELVIS ARMANDO;C.SO ROMA 43;160116;4034;56
075030;FARMACIA;1608;01-GEN-90;FAR.DEFRANCHIS DOTT.MARIANGELA;P.ZZA CHIESA 9;160116;4035;53
075083;FARMACIA;1609;01-GEN-90;CAVA S.N.C.;VIA V.AMPOLO N.86;160116;4036;51
075062;FARMACIA;1610;01-GEN-90;SABATO SNC;VIA NOTAR DATTILO 9;160116;4037;60
075007;FARMACIA;1611;01-GEN-90;STEFANIZZO MARIA;VIA M.BERNARDINI 7;160116;4039;51
075059;FARMACIA;1612;01-GEN-90;PETRUNI DI DE NOTARIIS MAS.SAS;VIA IMPERO 49;160116;4040;59
075038;FARMACIA;1613;01-GEN-90;DOTT CASCIARO MARIGLIANO SNC;LARGO UMBERTO I, 24;160116;4041;51
075034;FARMACIA;1614;01-GEN-90;POLITO A.E. E TOCCAFONDI T.SNC;V.LE EUROPA UNITA 91A,91B,91C;160116;4042;52
075064;FARMACIA;1615;01-GEN-90;E.C.A.;C.SO M.DI SAVOIA 38;160116;4043;59
075034;FARMACIA;1616;01-GEN-90;MURRONE ANTONIETTA & C.SNC;VIA C.COLOMBO 1;160116;4044;52
075031;FARMACIA;1617;01-GEN-90;MERENDA GIUSEPPINA;VIALE EUROPA;160116;4045;56
075036;FARMACIA;1618;01-GEN-90;ALAIBAC PAOLA A.M.;VIA TRIESTE 15;160116;4046;51
075039;FARMACIA;1619;01-GEN-90;FRANCESCO DE DONNO & C. SNC;VIA T.NUZZICHI 11;160116;4047;57
075004;FARMACIA;1620;01-GEN-90;TROTTA FRANCESCA & C. SAS;VIA MELISSANO S.N. - FELLINE;160116;4048;56
075070;FARMACIA;1621;01-GEN-90;DE FALCO CLORINDA;VIA GALLIPOLI 63 - CHIESANUOVA;160116;4049;56
075035;FARMACIA;1622;01-GEN-90;DOTT ALEMANNO E DE NOTARIS & C;VIA SAN CESARIO 102;160116;4050;51
075006;FARMACIA;1623;01-GEN-90;FRIGINO CESARE E C. S.N.C.;VIA MART.DELLA LIBERTA 65;160116;4051;55
075087;FARMACIA;1624;01-GEN-90;FARMACIA MIGNONE MAURO;VIA BRUNETTI 61;160116;4052;52
075045;FARMACIA;1625;01-GEN-90;VERGINE VERARDI PIERO ANTONIO;VIA RISORGIMENTO 64;160116;4053;57
075090;FARMACIA;1626;01-GEN-07;GIAMMITO ANTONIO;CORSO UXENTUM, 89 - TORRE S.GI;160116;4054;60
075071;FARMACIA;1627;01-GEN-90;FARMACIA FUSO SNC DI A.M.& R.;VIA ROMA 72;160116;4055;51
075094;FARMACIA;1628;01-GEN-90;PASCALI CONCETTA ANNA & C. SAS;VIA G.CHIRIATTI 58;160116;4059;54
075061;FARMACIA;1629;01-GEN-90;COLAFATI SNC DI MICHELE E GIUS;VIA VITT.EMANUELE 40;160116;4061;58
075089;FARMACIA;1630;01-GEN-90;GABELLONE ANTONIO MARIA;VIA PLEBISCITO 13;160116;4062;56
075022;FARMACIA;1631;01-GEN-90;F.PORTALURI DR.M.PORTALURI SAS;VIA RE GALANTUOMO 65;160116;4063;53
075050;FARMACIA;1632;01-GEN-90;SCHIATTINO S.N.C.;VIA DE GASPERI 64;160116;4064;60
075059;FARMACIA;1633;01-GEN-90;GIANNELLI VINCENZO;VIA FERRUCCIO 5;160116;4066;59
075052;FARMACIA;1634;01-GEN-90;ORLANDO SALVATORE A.;PIAZZA UMBERTO I 23;160116;4067;53
075035;FARMACIA;1635;01-GEN-90;FARM.GIUBBA DEI DR.RI SNC;PIAZZA NAPOLI  7;160116;4068;51
075021;FARMACIA;1636;01-GEN-07;LEGROTTAGLIE A.MARIA;VIA B.CONTARINI 3;160116;4069;59
075003;FARMACIA;1637;01-GEN-90;FARMACIA RAHELI-LANNOCCA SNC;VIA MATTEOTTI 15;160116;4072;56
075018;FARMACIA;1638;01-GEN-90;GRECO DANIELA GIUSEPPINA;VIA A.DE MITRI 15;160116;4073;57
075035;FARMACIA;1639;01-GEN-90;GRECO FRANCESCO;VIA G.PPE PALMIERI  6;160116;4074;51
075035;FARMACIA;1640;01-GEN-90;FARM.ELIA L.DO E FRANCESCA;VIA LEUCA 115;160116;4075;51
075090;FARMACIA;1641;01-GEN-90;FARMACIA SALUS SNC;VIA MESSAPICA 25;160116;4076;60
075038;FARMACIA;1642;01-GEN-90;FARM.DOTT. MICHELE PETRACCA;VIA LECCE 91;160116;4077;51
075070;FARMACIA;1643;01-GEN-90;LAZZARI ELDA & C. SAS;PIAZZA REPUBBLICA 33;160116;4078;56
075096;FARMACIA;1644;01-GEN-90;FARMACIA DOTT.DE LUCA LUIGI;VIA IV NOVEMBRE   26;160116;4079;58
075064;FARMACIA;1645;01-GEN-90;PESCHIULLI ANTONELLA;VIA ASPROMONTE, N.20;160116;4080;59
075002;FARMACIA;1646;01-GEN-90;NICOLARDI DI AMOROSO WANDA;P.ZZA D.T.BELLO, 27;160116;4081;60
075020;FARMACIA;1647;01-GEN-90;MAGGIORE DI CASTO ANNARITA;VIA UMBERTO I 2;160116;4082;51
075041;FARMACIA;1648;01-GEN-90;GRASSO MARIA PIA;VIA C.BATTISTI 37;160116;4084;54
075004;FARMACIA;1649;01-GEN-90;TUNDO ALFREDO;VIA CONTE NARDINI 3;160116;4085;56
075029;FARMACIA;1650;01-GEN-90;VERGINE PIETRO;V.LE C.NOVELLA 46;160116;4086;55
075037;FARMACIA;1651;01-GEN-90;MARGAPOTI S.N.C.;VIA CESAREA 18;160116;4088;53
075035;FARMACIA;1652;01-GEN-90;EREDI MARTINA ANNA;VIA BIASCO, 15/17;160116;4089;51
075035;FARMACIA;1653;01-GEN-90;MARZANO UMBERTO;VIA DEL MARE 6/A;160116;4090;51
075024;FARMACIA;1654;01-GEN-90;NOTARO ANNA MARIA;VIA DELLA LIBERTA' S.N.;160116;4091;60
075055;FARMACIA;1655;01-GEN-90;MARZO VETRUGNO OSCAR;PIAZZA REG.MARGHERITA 7;160116;4092;52
075066;FARMACIA;1656;01-GEN-90;VILLANI SAS DI DE BLASI LUCIA;VIA P.P.CARDONE 5;160116;4093;60
075026;FARMACIA;1657;01-GEN-90;VANTAGGIATO ADDOLORATA;CORSO PIAVE, 63;160116;4094;55
075029;FARMACIA;1658;01-GEN-90;BUCCI M. ANNA BIANCA;V. GALLIPOLI ANG.VIA LOMBARDIA;160116;4095;55
075072;FARMACIA;1659;01-GEN-90;CAMBOA ANTONIO AGOSTINO;V.DUCA DEGLI ABRUZZI,25-CERFIG;160116;4096;58
075085;FARMACIA;1660;01-GEN-90;MIGGIANO ENRICO;VIA BARBERINI N.10;160116;4097;56
075093;FARMACIA;1661;01-GEN-90;ROMANO EMILIA;VIA P.DI PIEMONTE 21;160116;4098;54
075047;FARMACIA;1662;01-GEN-90;SANTORO SANTO;P.ZZA S.NICOLA 14 - COCUMOLA;160116;4099;58
075088;FARMACIA;1663;01-GEN-90;PETRELLI TERENZIO & C. S.N.C.;VIA PIRANDELLO 1 ANG.VIA V.EMA;160116;4100;60
075042;FARMACIA;1664;01-GEN-90;MONASTERO ANNA;VIA ROMA  292;160116;4101;59
075035;FARMACIA;1665;01-GEN-90;MONTAGNA PAOLA;VIA LEUCA 6;160116;4102;51
075035;FARMACIA;1666;01-GEN-90;GRASSO FRANCESCA;VIA RAGUSA N.13;160116;4103;51
075035;FARMACIA;1667;01-GEN-90;FAR MOSCHETTINI DR M.R.FRIGINO;VIA DELLA LIBERTA' 61;160116;4104;51
075013;FARMACIA;1668;01-GEN-90;FARM. S.S.NICOLA E ORONZO SAS;VIA ROMA 6;160116;4105;54
075035;FARMACIA;1669;01-GEN-90;FARM. D.SSA ERRICO CHIARA;VIA F. CAVALLOTTI, 23;160116;4106;51
075092;FARMACIA;1670;01-GEN-90;FAR. NEGRO - DOTT.COLAZZO FR.;VIA GIOSUE' CARDUCCI  22;160116;4107;52
075022;FARMACIA;1671;01-GEN-90;NESTOLA GIUSEPPE;VIA M.DI SAVOIA 7;160116;4108;53
075055;FARMACIA;1672;01-GEN-90;GRECO FRANCESCA;P.ZZA ALDO MORO, 16;160116;4109;52
075019;FARMACIA;1673;01-GEN-07;MARUCCIA GIUSEPPINA;VIA CORSICA 18 - GIULIANO;160116;4110;60
075048;FARMACIA;1674;01-GEN-90;PALMIERI CARLA & C. S.N.C.;P.TTA ROMANO 16;160116;4113;51
075032;FARMACIA;1675;01-GEN-90;MARSELLA LUISA;VIA T.FIORE 2;160116;4114;58
075052;FARMACIA;1676;01-GEN-90;LISI LUIGI;VIA E.FILIBERTO 28;160116;4116;53
075093;FARMACIA;1677;01-GEN-90;FARMACIA DOTTORI GIORDANO SNC;VIA ROMA 6;160116;4117;54
075065;FARMACIA;1678;01-GEN-90;TOMAIUOLO RAFFAELE;CORSO UMBERTO 66;160116;4118;52
075060;FARMACIA;1679;01-GEN-90;FARMACIA RESCI PASQUALE S.N.C.;VIA GIOVANNI XXIII, 161;160116;4119;60
075019;FARMACIA;1680;01-GEN-90;PEDONE CATERINA;VIA MILANO;160116;4120;60
075084;FARMACIA;1681;01-GEN-90;EREDI DR.GIOVANNI VERARDI SNC;C.SO VANINI 24;160116;4121;59
075066;FARMACIA;1682;01-GEN-90;PEPE SIMONETTA;VIA S.ANTONIO 101 - RUGGIANO;160116;4123;60
075087;FARMACIA;1683;01-GEN-90;F.CORSO DR.RAMPINO AL.& EU.SNC;CORSO UMBERTO  85;160116;4124;52
075006;FARMACIA;1684;01-GEN-90;FRIGINO EMILIA;VIA EINSTEIN;160116;4125;55
075035;FARMACIA;1685;01-GEN-90;CHIGA S.N.C. DI CHIGA MIRELLA;VIA L.ARIOSTO 45;160116;4126;51
075026;FARMACIA;1686;01-GEN-90;GORGONI ANTONIO;VIA BOVIO 2;160116;4127;55
075052;FARMACIA;1687;01-GEN-90;MANIERI ELIA-DE CUPERTINIS SNC;VIA ROMA 62;160116;4128;53
075015;FARMACIA;1688;01-GEN-90;DONATEO KATYA;CORSO UMBERTO I N. 4/A;160116;4129;54
075035;FARMACIA;1689;01-GEN-90;PETRELLI RAFFAELE;VIA MINCIO ANG. VIA GIANMATTEO;160116;4130;51
075077;FARMACIA;1690;01-GEN-90;D'ETTORRE SNC DI D'ETTORRE R.&;VIA A.DE GASPERI N.1;160116;4131;60
075009;FARMACIA;1691;01-GEN-90;RAGUSA ANTONIO;VIA TRENTO 59;160116;4132;58
075005;FARMACIA;1692;01-GEN-90;RAO ANNA CELESTINA;VIA ROMA 125;160116;4133;58
075046;FARMACIA;1693;01-GEN-90;RAO 1832 DELLA D.SSA BITONTI R;VIA PROVINCIALE N.97;160116;4134;60
075042;FARMACIA;1694;01-GEN-90;TUNDO ALESSANDRO;VIA ROMA ANG.V.M.SS.ADDOLORATA;160116;4135;59
075029;FARMACIA;1695;01-GEN-90;LICIGNANO GIOVANNI;C.SO G.DEL PONTE;160116;4136;55
075074;FARMACIA;1696;01-GEN-90;MIGLIETTA U.DI MIGLIETTA C.SNC;VIALE S.PAOLO 8;160116;4137;53
075082;FARMACIA;1697;01-GEN-90;NUZZACHI ANTONELLA;VIA S.LUCIA 70;160116;4138;58
075035;FARMACIA;1698;01-GEN-90;DE PASCALIS S.N.C.;VIA DALMAZIO BIRAGO 11;160116;4139;51
075001;FARMACIA;1699;01-GEN-90;SBARRO DI BLEVE ANG.L.& C.SAS;C.SO DANTE 107;160116;4140;60
075035;FARMACIA;1700;01-GEN-90;LOLLI CIRIACA TIZIANA;VIALE DELLA REPUBBLICA 84;160116;4141;51
075075;FARMACIA;1701;01-GEN-90;SCRIMIERI VENANZIO;VIA RIMEMBRANZA 7;160116;4142;55
075079;FARMACIA;1702;01-GEN-90;LO PASSO & SORRENTI-S.M.GRAZIE;VIA BRINDISI, 169/171;160116;4143;52
075054;FARMACIA;1703;01-GEN-90;ALESSANDRI' & ESPOSITO SNC;VIA D.ALIGHIERI 39;160116;4144;58
075073;FARMACIA;1704;01-GEN-90;SPAGNOLO G. & C. SNC;P.ZZA V.EMANUELE 21;160116;4145;57
075029;FARMACIA;1705;01-GEN-90;FARM.MAGGIULLI-DR COLUCCIA G.C;VIA CASTELLO 4;160116;4146;55
075033;FARMACIA;1706;01-GEN-90;NIBI ROSA;VIA ROMA 52;160116;4147;57
075043;FARMACIA;1707;01-GEN-90;CONTE ANGELA;VIA COLONNELLO ELIA 34;160116;4148;54
075043;FARMACIA;1708;01-GEN-90;STEFANELLI S.N.C. DI COSI & C.;PARALLELA F.LLI LONGO;160116;4149;54
075017;FARMACIA;1709;01-GEN-90;FARM. DR ANTONIO BELLISARIO;VIA G. GRASSI, 86;160116;4150;54
075014;FARMACIA;1710;01-GEN-90;COMUNALE;VIA PIAVE 70;160116;4151;52
075076;FARMACIA;1711;01-GEN-90;STANCA MARIA EUGENIA;VIA NAPOLI, 2;160116;4152;55
075080;FARMACIA;1712;01-GEN-90;PESCHIULLI TOMMASO;VIA E.PERRONE 7;160116;4153;54
075079;FARMACIA;1713;01-GEN-90;VALZANO GIUSEPPE & C. S.N.C.;VIA BRINDISI 52;160116;4154;52
075039;FARMACIA;1714;01-GEN-90;PROVENZANO LOREDANA S.N.C.;P.ZZA F.CAPECE 1;160116;4155;57
075030;FARMACIA;1715;01-GEN-90;FIDES D.SSA G.LEGA & CO. SAS;VIA XX SETTEMBRE 115/117;160116;4157;53
075063;FARMACIA;1716;01-GEN-90;PESCHIULLI MARIO;PIAZZA ADDOLORATA, 5;160116;4158;56
075081;FARMACIA;1717;01-GEN-90;GARZIA RAFFAELE;VIA VITT.EMANUELE 117;160116;4160;59
075078;FARMACIA;1718;01-GEN-90;ZARA VITTORIA MARIA A.;VIA DISO, 2;160116;4161;58
075014;FARMACIA;1719;01-GEN-90;DOTT.M.ROSARIA BARBAGALLO SNC;VIA IV NOVEMBRE 18;160116;4162;52
075049;FARMACIA;1720;01-GEN-90;CAZZATO PIER LUIGI;VIA SANT'ANGELO N.86;160116;4163;60
075010;FARMACIA;1721;01-GEN-90;GABRIELI LUIGI MARIA;VIA MONTINARI 6;160116;4164;54
075052;FARMACIA;1722;01-GEN-90;FAR. DE PACE SI SALV. E ILARIA;VIA GRASSI 21;160116;4165;53
075070;FARMACIA;1723;01-GEN-90;FARM.FONTO' DR.GIUSEPPE FONTO';VIA TUGLIE N.52 - SAN SIMONE;160116;4166;56
075035;FARMACIA;1724;01-GEN-90;MESSA CARLA;V.LE DELLA LIBERTA' 170;160116;4167;51
075002;FARMACIA;1725;01-GEN-90;FARM.NAZIONALE SAS DI SACCHI M;VIA NAZIONALE 180 - MONTESARDO;160116;4168;60
075069;FARMACIA;1726;01-GEN-90;D.SSA CAGNAZZO EMANUELA GIOVAN;VIA PROVINCIALE 61;160116;4169;51
075069;FARMACIA;1727;01-GEN-90;BENINCASA FRANCESCO;VIA CORSICA S.N.;160116;4170;51
075087;FARMACIA;1728;01-GEN-90;D. SS MEDICI D.RI PERRONE SNC;VIA CESARE BATTISTI 30;160116;4171;52
075011;FARMACIA;1729;01-GEN-90;FARM SERIO L DR.FAUSTO MADDALO;VIA TARANTO 120;160116;4172;52
075016;FARMACIA;1730;01-GEN-90;CASCIARO MARIGLIANO S.N.C.;VIA CARLO MAGNO 36;160116;4173;59
075016;FARMACIA;1731;01-GEN-90;FARMACIA STEA & CO. SNC;VIA CALATAFIMI, N.40;160116;4174;59
075088;FARMACIA;1732;01-GEN-90;PREITE ANNA MARIA;VIA BRENTA 22 - DEPRESSA;160116;4175;60
075022;FARMACIA;1733;01-GEN-90;F.EREDI DR.LEO- BARBAGALLO/LEO;VIA C.MARIANO 292;160116;4176;53
075068;FARMACIA;1734;01-GEN-90;TERRAGNO-MANNO S.N.C.;VIA VITT.EMANUELE III 11;160116;4177;51
075095;FARMACIA;1735;01-GEN-90;TAU UGO ALBERTO;VIA ROMA 44;160116;4178;58
075031;FARMACIA;1736;01-GEN-90;MERENDA LUIGI;CORSO ROMA 13/O;160116;4179;56
075035;FARMACIA;1737;01-GEN-90;DE PACE LICIGNANO S.N.C.;VIA OBERDAN 26;160116;4180;51
075029;FARMACIA;1738;01-GEN-90;MENGOLI RICCARDO & GIORGIO SNC;VIA SOLETO 48;160116;4181;55
075035;FARMACIA;1739;01-GEN-90;FARMACIA VILLA CONVENTO SNC;VIA PROVINCIALE LECCE-NOVOLI N.207 - VILLA CONVENTO;160116;4182;51
075035;FARMACIA;1740;01-GEN-90;GALIZIA S.N.C.;VIA TARANTO 29;160116;4183;51
075005;FARMACIA;1741;01-GEN-90;BITONTI CLEMENTINA;VIA ITALIA 51 - CASTIGLIONE;160116;4184;58
075035;FARMACIA;1742;01-GEN-90;FAR.BIANCO-CURTO S.N.C.;PIAZZA ARGENTO  4;160116;4185;51
075035;FARMACIA;1743;01-GEN-90;DE MARCO PAOLA;P.ZZA L.ALBERTI 6;160116;4186;51
075093;FARMACIA;1744;01-GEN-90;MELELEO IPPAZIO;VIA STRUDA' 39;160116;4187;54
075072;FARMACIA;1745;01-GEN-90;VILEI MARINELLA;EXTRAMURALE NORD 48-VITIGLIANO;160116;4188;58
075050;FARMACIA;1746;01-GEN-90;FAR.DE GIORGI M.E. DI DE BLASI;P.ZZA S.LORENZO - BARBARANO;160116;4189;60
075039;FARMACIA;1747;01-GEN-90;PRANZO S.N.C.DI PIRELLI A.& F.;VIA SALVATORE FITTO N.76;160116;4190;57
075084;FARMACIA;1748;01-GEN-90;ORLANDO EMILIO;VIA RIMEMBRANZE N.80;160116;4191;59
075020;FARMACIA;1749;01-GEN-90;DEGLI ATTI BENIAMINO;VIA LEUCA 16;160116;4192;51
075021;FARMACIA;1750;01-GEN-07;SINDACO DI CECILIA M.SINDACO;VIA ROMA 69;160116;4193;59
075064;FARMACIA;1751;01-GEN-90;SCARCIA MARIA DONATA;VIA TORINO, 91 - TORREPADULI;160116;4195;59
075010;FARMACIA;1752;01-GEN-90;COMUNALE;P.ZZA DEL SOLE 13;160116;4196;54
075083;FARMACIA;1753;01-GEN-90;MAZZARELLA FACCI TOS.S.N.C;VIA LECCE 106 - 108;160116;4197;51
075037;FARMACIA;1754;01-GEN-90;FA.MEMMO-CATALANO S.CLOD. SNC;P.ZZA SAN FRANCESCO;160116;4198;53
075090;FARMACIA;1755;01-GEN-90;CASCIARO MARIA ELISA;VIA A.DE GASPERI 13;160116;4199;60
075061;FARMACIA;1756;01-GEN-90;PALMA MARIO;P.ZZA UMBERTO I 34;160116;4200;58
075015;FARMACIA;1757;01-GEN-90;MONTELEONE ANTONELLA;VIA MATTEOTTI N. 2 - FRAZ. SERRANO;160116;4201;54
075035;FARMACIA;1758;01-GEN-90;FARMACIA DOTTORI GIORDANO SNC;PIAZZA SANT'ORONZO  18;160116;4202;51
075027;FARMACIA;1759;01-GEN-90;URSO GIUSEPPE;VIA G.MAZZINI N.7;160116;4203;58
075053;FARMACIA;1760;01-GEN-90;FONTE EDOARDO;VIA UMBERTO I 33;160116;4204;55
075027;FARMACIA;1761;01-GEN-90;VINIELLO CARLA;P.ZZA P.UMBERTO,20 - MARITTIMA;160116;4205;58
075039;FARMACIA;1762;01-GEN-90;PALMA DI ELISAB.E GIULIANA SNC;VIA BRENTA ANG.VIA PIAVE;160116;4206;57
075002;FARMACIA;1763;01-GEN-90;VENNERI MASSIMO;VIA RIMEMBRANZE 16;160116;4207;60
075040;FARMACIA;1764;01-GEN-90;TRERE' GIUSEPPE;VIA MARCONI 23;160116;4208;54
075093;FARMACIA;1765;01-GEN-90;DE CARLO BRIZIA;VIA VANZE 19;160116;4209;54
075085;FARMACIA;1766;01-GEN-90;ZOMPI ANGELO;P.TTA MATTEOTTI 4;160116;4210;56
075025;FARMACIA;1767;01-GEN-90;PORTALURI ANNA MICHELA;VIA MAGLIE, 78;160116;4211;57
075035;FARMACIA;1768;01-GEN-90;FARMACIA ALFONSO MIGALI;V.LE LEOPARDI 76;160116;4213;51
075062;FARMACIA;1769;01-GEN-90;FARMACIA MANFREDA SNC;VIA CAVOUR 14;160116;4214;60
075019;FARMACIA;1770;01-GEN-90;FARMACIA DOTT.SSA DI SECLI';VIA DOPPIA CROCE, 36 - LEUCA;160116;4216;60
075008;FARMACIA;1771;01-GEN-90;EREDI DOTT.SSA ROLLO VITA MARC;P.ZZA S.GIORGIO 33;160116;4217;57
075023;FARMACIA;1772;01-GEN-90;DE PALMA FABRIZIO;VIA ATENE, 64;160116;4220;57
075029;FARMACIA;1773;01-GEN-90;GIUSTIZIERI MARIO DONATO;VIA MONTESANTO;160116;4221;55
075035;FARMACIA;1774;01-GEN-90;MINERVA PAOLINO;VIA MONTERONI 23/A;160116;4222;51
075056;FARMACIA;1775;01-GEN-90;ALBANO GIOVANNA;P.ZZA DE VITI 2;160116;4223;58
075086;FARMACIA;1776;01-GEN-90;PERRONE SILVIA E VERA SNC;P.ZZA CASTELLO 26;160116;4224;60
075063;FARMACIA;1777;01-GEN-90;VERARDI SNC DI QUINT.E ANT.VER;VIA PASUBIO 30;160116;4225;56
075011;FARMACIA;1778;01-GEN-90;CONCHIGLIA FRANCESCA;VIA PUGLIA, N. 6;160116;4226;52
075012;FARMACIA;1779;01-GEN-90;MARCHETTI ANTONIO;VIA XXIV MAGGIO S.N.;160116;4227;57
075056;FARMACIA;1780;01-GEN-90;SCARPA MARCELLO;P.ZZA UMBERTO I 14-VIGNACASTRI;160116;4228;58
075037;FARMACIA;1781;01-GEN-90;F.NEGRO D.RI NEGRO L.E BACCA F;VIA G. GARIBALDI, 62;160116;4229;53
075029;FARMACIA;1782;01-GEN-90;FAR.SABATO DR. MAN. SABATO & C;PIAZZA D. ALIGHIERI N. 28;160116;4230;55
075084;FARMACIA;1783;01-GEN-07;PALESE ROSALBA;VIA ALCIDE DE GASPERI 33;160116;4232;59
075016;FARMACIA;1784;01-GEN-99;CONGEDI ROSARIO;V.LE F.FERRARI, 100;160116;4234;59
075052;FARMACIA;1785;01-GEN-07;DE BENEDITTIS ANTONELLA;VIA RAHO, 9;160116;4235;53
075065;FARMACIA;1786;01-GEN-07;TOMAIUOLO ANTONIO;VIA UMBERTO I  N. 66;160116;4300;52
075048;FARMACIA;1787;01-GEN-07;MARIANGELA MOCAVERO & C.S.N.C.;CORSO UMBERTO I, N.200;160116;4301;51
075087;FARMACIA;1788;01-GEN-07;COMUNALE;VIA SURBO;160116;4303;52
075036;FARMACIA;1789;01-GEN-07;CALDARAZZO ANTONELLA;VIA L. DA VINCI, 94;160116;4304;51
075022;FARMACIA;1790;01-GEN-07;FERENTE MARIA LAURETANA;VIA GROTTELLA, 59;160116;4305;53
075092;FARMACIA;1791;01-GEN-07;DE MATTEIS MARIA DOMENICA;VIA FRATELLI BANDIERA 118;160116;4306;52
075079;FARMACIA;1792;01-GEN-07;DOTT.SSA BIANCO MARIA ARMIDA;VIA R. SANZIO N. 84;160116;4307;52
075092;FARMACIA;1793;01-GEN-08;FARM.S. GIOVANNI DI CHIRIACO A;VIA 4 NOVEMBRE, 56;160116;4308;52
075016;FARMACIA;1794;01-GEN-07;PETRACCA MARIA CONCETTA;VIA ALPESTRE, 41;160116;4700;59
075085;FARMACIA;1795;01-GEN-07;FARMACIA COMUNALE DI TAVIANO;VIA VINCENZO BELLINI N.28;160116;4701;56
075031;FARMACIA;1796;01-GEN-07;FARMACIA COMUNALE GALLIPOLI;VIA LECCE ANG.VIA GALATINA;160116;4704;56
075044;FARMACIA;1797;29-MAG-09;FARM.COMUNALE DI MELISSANO SRL;VIA TRIESTE N.7;160116;4705;56
075083;FARMACIA;1798;24-SET-09;FARMACIA COMUNALE DI SURBO SRL;VIA C. DE GIORGI, 3;160116;4706;51
075052;FARMACIA;1799;25-FEB-10;COMUNALE NARDO'NARDOFARMA SRL;VIA DELLA COSTITUZIONE, 25 A/B;160116;4707;53
075067;FARMACIA;1800;27-DIC-10;FARMACIA DOTT.CALO';VIA MAZZINI 7;160116;4708;58
075037;FARMACIA;1801;17-FEB-12;LEVERANO FARMACIA COMUNALE SRL;VIA PONZA, 1;160116;4709;53
073027;FARMACIA;1802;01-GEN-90;BLASI AVE MARIA;VIALE MAGNA GRECIA 35;160112;5001;8
073027;FARMACIA;1803;01-GEN-90;DRAMISINO PIERPAOLO;VIA DANTE 179;160112;5002;8
073027;FARMACIA;1804;01-GEN-90;LUCREZIO PAOLA;VIA D'AQUINO 63;160112;5003;8
073027;FARMACIA;1805;01-GEN-90;AQUILA ROSSA CARELLI L E C SNC;VIA PRINCIPE AMEDEO 116;160112;5004;8
073027;FARMACIA;1806;01-GEN-90;GRAVAME G & P S N C;VIA CRISPI ,94;160112;5005;8
073027;FARMACIA;1807;01-GEN-90;CLEMENTE GIULIANA;VIA ORSINI 76;160112;5006;8
073027;FARMACIA;1808;01-GEN-90;LENTI ANNA RITA;VIA PRINCIPE AMEDEO 178;160112;5007;8
073027;FARMACIA;1809;01-GEN-90;FARMACIA SCHIAVONE SNC;VIA MARGHERITA 44 46;160112;5008;8
073027;FARMACIA;1810;01-GEN-90;GALBIATI GIANFRANCO;VIA EMILIA 18/H;160112;5009;8
073027;FARMACIA;1811;01-GEN-90;LUPOLI PAOLA;VIA LIGURIA 64;160112;5010;8
073027;FARMACIA;1812;01-GEN-90;GRANIGLIA GIUSEPPE;VIA OBERDAN ,100A;160112;5011;8
073027;FARMACIA;1813;01-GEN-90;FARM.GRIMALDI DR PAOLA GRIMAL;VIA BERARDI 57;160112;5012;8
073027;FARMACIA;1814;01-GEN-90;FERONE GIULIO;VIALE PIETRO NENNI 17;160112;5013;8
073027;FARMACIA;1815;01-GEN-90;ROSSETTI GIOVANNI B;VIA MAZZINI 95;160112;5014;8
073027;FARMACIA;1816;01-GEN-90;FAR.GIUDICE DI A. GIUD.S.A.S.;VIA OBERDAN 28;160112;5015;8
073027;FARMACIA;1817;01-GEN-90;PELLEGRINO ADDOLORATA;VIA MAZZINI 246;160112;5016;8
073027;FARMACIA;1818;01-GEN-90;CARANO FABRIZIA;VIA DI PALMA 39;160112;5017;8
073027;FARMACIA;1819;01-GEN-90;FARMACIA TORSELLO FEDERICA;VIA D'AQUINO 82;160112;5018;8
073027;FARMACIA;1820;01-GEN-90;F.SANT'ELENA DR.SSA PERRINI E.;VIA PLINIO 43;160112;5019;8
073027;FARMACIA;1821;01-GEN-90;PIERRI-PEPE FABIO;VIA DI PALMA 1;160112;5020;8
073027;FARMACIA;1822;01-GEN-90;PITRELLI GIUSEPPE;VIA GALESO 52;160112;5021;8
073027;FARMACIA;1823;01-GEN-90;LUCREZIO ANNA;PIAZZA FONTANA 49/50;160112;5022;8
073027;FARMACIA;1824;01-GEN-90;BRESCIA ROSSANO;CORSO ITALIA 67 C D;160112;5023;8
073027;FARMACIA;1825;01-GEN-90;FASCINI ANTONELLA;CORSO VITTORIO EMANUELE 268;160112;5024;8
073027;FARMACIA;1826;01-GEN-90;LO BIANCO ROSANNA;CORSO ITALIA 260;160112;5025;8
073027;FARMACIA;1827;01-GEN-90;MARTINA VELIA MARIA;VIA GREGORIO VII 50;160112;5026;8
073027;FARMACIA;1828;01-GEN-90;CASTELLANETA FRANCO;VIALE TRENTINO 41;160112;5027;8
073027;FARMACIA;1829;01-GEN-90;SPAGNOLO S N C;VIA CESARE BATTISTI 56;160112;5028;8
073027;FARMACIA;1830;01-GEN-90;GANGEMI GIANPAOLO;VIA CESARE BATTISTI 328;160112;5029;8
073027;FARMACIA;1831;01-GEN-90;RAIMONDI GIUSTO ANGELA;VIA LUCANIA 68;160112;5030;8
073027;FARMACIA;1832;01-GEN-90;RAGUSA ANNA;VIA LISIDE 16;160112;5031;8
073008;FARMACIA;1833;01-GEN-90;FARMACIA SCRIVANO LUCIA;VIA CAMPITELLI  8;160112;5032;6
073002;FARMACIA;1834;01-GEN-90;F D'ALOJA DI D'ALOJA E & C SNC;CORSO UMBERTO 142;160112;5033;6
073007;FARMACIA;1835;01-GEN-90;D'ALESSANDRO NICOLA;CORSO VITTORIO EMANUELE 98;160112;5034;1
073008;FARMACIA;1836;01-GEN-90;FAR.LA MADDALENA DR. B.&C SAS;VIA RISORGIMENTO 2;160112;5035;6
073017;FARMACIA;1837;01-GEN-90;FARMACIA ROSSETTI;VIA RIMEMBRANZA 65;160112;5036;6
073024;FARMACIA;1838;01-GEN-90;FARMACIA CALO' S.N.C.;PIAZZA MARGHERITA 16;160112;5037;6
073028;FARMACIA;1839;01-GEN-90;FARM TESTA DI TESTA F SNC;PIAZZA UMBERTO I 11;160112;5038;7
073009;FARMACIA;1840;01-GEN-90;FARMACIA PENTASSUGLIA S.N.C;VIA DANTE 24;160112;5039;1
073015;FARMACIA;1841;01-GEN-90;CARANO ANNAMARIA;CORSO ITALIA 9;160112;5040;2
073013;FARMACIA;1842;01-GEN-90;CERVELLERA FRANCESCO;VIA BELLINI 2;160112;5041;5
073006;FARMACIA;1843;01-GEN-90;TUCCI VINCENZA;VIA CESARE BATTISTI 59;160112;5042;7
073027;FARMACIA;1844;01-GEN-90;RESTA DOMENICO;VIA MAZZINI 182;160112;5043;8
073025;FARMACIA;1845;01-GEN-90;DEL PRETE S N C;CORSO UMBERTO 42;160112;5044;6
073026;FARMACIA;1846;01-GEN-90;AGUSTO CORRADO;PIAZZA SAN GIOVANNI 4;160112;5045;7
073021;FARMACIA;1847;01-GEN-90;FARM.LORUSSO PASQUALINA R.;PIAZZA CESARE BATTISTI 14;160112;5046;2
073024;FARMACIA;1848;01-GEN-90;FAR.MONTELEONE S.N.C.D.SSE P&J;VIA GIOTTO 14;160112;5047;6
073007;FARMACIA;1849;01-GEN-90;FARMACIA RIZZI  C  SNC;VIALE JONIO 68;160112;5048;1
073015;FARMACIA;1850;01-GEN-90;SASSO ROCCA;PIAZZA GARIBALDI 32;160112;5049;2
073013;FARMACIA;1851;01-GEN-90;PUNZI ROMANO;VIA MOTTOLA  7;160112;5050;5
073018;FARMACIA;1852;01-GEN-90;GIACOVAZZO MARIA ANGELA;VIA ROMA 55;160112;5051;6
073010;FARMACIA;1853;01-GEN-90;EREDI FARM. DR.BRESCIA MASSIMO;VIA VITTORIO EMANUELE 48;160112;5052;6
073011;FARMACIA;1854;01-GEN-90;LATRECCHINA ANTONIO;CORSO VITTORIO EMANUELE 75;160112;5053;7
073012;FARMACIA;1855;01-GEN-90;FARM.DR.LUPARELLI LUCIANO;VIA S. ELIGIO  1;160112;5054;7
073016;FARMACIA;1856;01-GEN-90;D'ADDARIO GIUSEPPE;VIA ROMA 119;160112;5055;6
073007;FARMACIA;1857;01-GEN-90;SANGIORGIO PIETRO;VIA ISOLA CAPRERA 41;160112;5056;1
073004;FARMACIA;1858;01-GEN-90;BOTTIGLIONE RINALDO;CORSO UMBERTO 55;160112;5057;5
073015;FARMACIA;1859;01-GEN-90;ZAURITO CARMELO   C SNC;VIA VITTORIO VENETO 24;160112;5058;2
073008;FARMACIA;1860;01-GEN-90;BENEDETTO MICHELE;VIA MATTEOTTI 14;160112;5059;6
073015;FARMACIA;1861;01-GEN-90;MASSARO VITA;CORSO ROMA 87;160112;5060;2
073022;FARMACIA;1862;01-GEN-90;PERRONE AUGUSTO;VIA UMBERTO I 45;160112;5061;6
073012;FARMACIA;1863;01-GEN-90;MENZA ROBERTO;PIAZZA VITTORIO EMANUELE 19;160112;5062;7
073013;FARMACIA;1864;01-GEN-90;GENTILE GRAZIA;VIA DONIZETTI 71;160112;5063;5
073014;FARMACIA;1865;01-GEN-90;CALO' MARIO;VIA ROMA 40;160112;5064;7
073012;FARMACIA;1866;01-GEN-90;FAR.DR.SSA M.PATRIZIA PASCULLI;VIA XX SETTEMBRE 42;160112;5065;7
073003;FARMACIA;1867;01-GEN-90;COLANGELO GIANLUCA;LARGO FONTANA 48;160112;5066;1
073027;FARMACIA;1868;01-GEN-90;SAMMARUGA AURELIO SNC;CORSO VITTORIO EMANUELE 182 A;160112;5067;8
073008;FARMACIA;1869;01-GEN-90;D'ADDARIO VINCENZO;VIA MARCONI 94 D;160112;5068;6
073019;FARMACIA;1870;01-GEN-90;MICCOLI GIOVANNI BATTISTA;VIA MAZZINI 21;160112;5069;2
073005;FARMACIA;1871;01-GEN-90;FARM. LAMENDOLA DR.A.& FIG.SNC;VIA DUCA D'AOSTA 12;160112;5070;6
073001;FARMACIA;1872;01-GEN-90;RAGANATO ANTONIO;VIA A DE GASPERI 18;160112;5071;7
073029;FARMACIA;1873;01-GEN-90;MALATO FRANCESCO;VIA PRINCIPE DI PIEMONTE 17-19;160112;5072;2
073026;FARMACIA;1874;01-GEN-90;FARM.NARDELLI MICHELE SNC G&L;VIA REGINA MARGHERITA 28;160112;5073;7
073013;FARMACIA;1875;01-GEN-90;FARMACIA E SEMERARO;VIA P DI NAPOLI 24;160112;5074;5
073013;FARMACIA;1876;01-GEN-90;SEMERARO ROSA RITA;VIA G FANELLI 76;160112;5075;5
073012;FARMACIA;1877;01-GEN-90;FARMACIA DR.BELLOCCHI;BELL'ACQUA 21;160112;5076;7
073026;FARMACIA;1878;01-GEN-90;FARMACIA DR.SSA BASILE;VIA M DEL PRETE 42;160112;5077;7
073003;FARMACIA;1879;01-GEN-90;CARBONARA FRANCESCA ROMANA;VIA SAN FRANCESCO 80 H I;160112;5078;1
073007;FARMACIA;1880;01-GEN-90;F.TURI DR.C TURI & FIGLI S.N.C;CORSO VITTORIO EMANUELE 185;160112;5079;1
073009;FARMACIA;1881;01-GEN-90;QUERO E EX FAR BATTISTA R;PIAZZA VITTORIO EMANUELE 45;160112;5080;1
073013;FARMACIA;1882;01-GEN-90;SORACE ANNA;VIA PERGOLESI 59;160112;5081;5
073013;FARMACIA;1883;01-GEN-90;CASAVOLA FRANCESCO;CORSO DEI MILLE 146;160112;5082;5
073023;FARMACIA;1884;01-GEN-90;D'ANGELA CLAUDIO;CORSO UMBERTO I 2;160112;5083;6
073027;FARMACIA;1885;01-GEN-90;DI MAGGIO RENATO;VIALE JONIO 533;160112;5084;8
073020;FARMACIA;1886;01-GEN-90;GRECO ANTONIO;VIA GRAMSCI 34;160112;5085;1
073012;FARMACIA;1887;01-GEN-90;MARSELLA FABIO;VIA DEGLI IMPERIALI 14;160112;5086;7
073013;FARMACIA;1888;01-GEN-90;LEMBO FRANCESCO;CORSO MESSAPIA 61;160112;5087;5
073019;FARMACIA;1889;01-GEN-90;D'ONGHIA FRANCESCO;CORSO VITTORIO EMANUELE 70;160112;5088;2
073027;FARMACIA;1890;01-GEN-90;FARMACIA QUARANTA;VIA CESARE BATTISTI 170;160112;5089;8
073027;FARMACIA;1891;01-GEN-90;VITIELLO GIOVANNI;VIA JAPIGIA 10;160112;5090;8
073004;FARMACIA;1892;01-GEN-90;PANACEA;CORSO UMBERTO 152;160112;5091;5
073011;FARMACIA;1893;01-GEN-90;D'ADDARIO BARTOLOMEO;PIAZZA MATTEOTTI 19;160112;5092;7
073019;FARMACIA;1894;01-GEN-90;LASALVIA FORTUNATO;VIA PALAGIANELLO 89;160112;5093;2
073021;FARMACIA;1895;01-GEN-90;GIACOVAZZO LEONARDO;VIA SANSONETTI 44;160112;5094;2
073003;FARMACIA;1896;01-GEN-90;FARM.SEMERARO DR.SSA MARIA G.;VIA ROMA 24;160112;5095;1
073009;FARMACIA;1897;01-GEN-90;LA FORTUNA RACHELE;VIA ROMA 118;160112;5096;1
073027;FARMACIA;1898;01-GEN-90;FARMACIA LEBLON;VIA REGINA ELENA 7;160112;5097;8
073027;FARMACIA;1899;01-GEN-90;FIORINO GIOVANNA;VIA ORSINI 34/A;160112;5098;8
073027;FARMACIA;1900;01-GEN-90;DI NOI PIETRO GIOVANNI EREDI;VIALE MAGNA GRECIA 262;160112;5099;8
073027;FARMACIA;1901;01-GEN-90;PANARELLI ANTONIO;PIAZZA DE AMICIS 5;160112;5100;8
073022;FARMACIA;1902;01-GEN-90;SELVAGGI ANGELO;VIA VITTORIO VENETO 106;160112;5101;6
073012;FARMACIA;1903;01-GEN-90;CANTORO GUIDO MARIA;VIA UGGIANO 52;160112;5102;7
073015;FARMACIA;1904;01-GEN-90;BENEGIANO ROSA MARIA;VIALE MARCONI 71;160112;5103;2
073008;FARMACIA;1905;01-GEN-90;GRASSO COSIMO;VIA ENNIO 173;160112;5104;6
073027;FARMACIA;1906;01-GEN-90;MARUCCI A & G  SNC;QUARTIERE PAOLO VI 164;160112;5105;8
073027;FARMACIA;1907;01-GEN-90;TARANTINO ANNA PAOLA;VIALE MAGNA GRECIA 104 E;160112;5106;8
073027;FARMACIA;1908;01-GEN-90;MANDURINO C FRANCIOSO;VIA SALINA PICCOLA 6 A;160112;5107;8
073027;FARMACIA;1909;01-GEN-90;FARM. DR. BAGNUOLI FABRIZIO;VIA FIUME 15 A;160112;5108;8
073027;FARMACIA;1910;01-GEN-90;BASTELLI NUNZIATA;VIA ORSINI 171;160112;5109;8
073027;FARMACIA;1911;01-GEN-90;GALANTINO MAURO & CARLA SNC;VIA MEDAGLIE D'ORO 19;160112;5110;8
073027;FARMACIA;1912;01-GEN-90;FARM. MALAGRINO' CLEMENTE SAS;VIA GENERAL MESSINA 22;160112;5111;8
073027;FARMACIA;1913;01-GEN-90;FARM. GROTTOLI DR.SSA GIOVANNA;VIA ARCHIMEDE;160112;5112;8
073027;FARMACIA;1914;01-GEN-90;SETTEMBRINI FRANCESCO;VIA LIVIO ANDRONICO 31;160112;5113;8
073027;FARMACIA;1915;01-GEN-90;RESSA MARINA;VIA LAMA 99;160112;5114;8
073027;FARMACIA;1916;01-GEN-90;CAVALLO ANNA MARIA;VIA GALILEO GALILEI 20;160112;5115;8
073003;FARMACIA;1917;01-GEN-90;GRECO MARIO;VIALE DEI PINI 75;160112;5116;1
073027;FARMACIA;1918;01-GEN-90;MANGIONE DOMENICO;VIA DANTE 88;160112;5117;8
073027;FARMACIA;1919;01-GEN-90;RUSSO PAOLO;VIA DANTE 221/B;160112;5118;8
073027;FARMACIA;1920;01-GEN-90;CICCARONE GIUSEPPE;VIA LAGO D'ARVO 27  29;160112;5119;8
073027;FARMACIA;1921;01-GEN-90;MELIOTA SNC;CORSO ITALIA 324;160112;5120;8
073029;FARMACIA;1922;01-GEN-90;PELUSO ANNA MARIA;CORSO VITTORIO EMANUELE 128;160112;5121;2
073013;FARMACIA;1923;01-GEN-90;MEGA PASQUALE;VIA FANELLI 65;160112;5122;5
073021;FARMACIA;1924;01-AGO-90;FANULI FRANCA;VIA CARDUCCI 11;160112;5123;2
073013;FARMACIA;1925;01-GEN-90;LUCARELLA LEONARDO;VIA A FIGHERA 12;160112;5124;5
073012;FARMACIA;1926;01-GEN-90;FARMACIA SPIRITO SANTO SNC;VIA FED SCHIAVONI 11;160112;5125;7
073027;FARMACIA;1927;01-GEN-90;FARMACIA FRATELLI BELLOCCHI;VIA A GRANDI 50;160112;5126;8
073027;FARMACIA;1928;01-GEN-90;CARRARA ROBERTO;VIALE EUROPA 189;160112;5127;8
073013;FARMACIA;1929;01-GEN-90;VIRTU' NICOLA;ZONA G 88 SAN PAOLO;160112;5128;5
073008;FARMACIA;1930;01-GEN-90;GARGAGLIONE SERAFINO;VIA CAMPITELLI 149;160112;5129;6
073025;FARMACIA;1931;01-GEN-90;PARISI MICHELE;VIA ROMA 97;160112;5130;6
073008;FARMACIA;1932;01-GEN-90;S MARIA DR POMPILIO MICHELE A;VIA COLOMBO 54;160112;5131;6
073027;FARMACIA;1933;01-GEN-90;GRECO ANNA CARMELA;CORSO ANNIBALE 48 50;160112;5132;8
073027;FARMACIA;1934;01-GEN-90;BELARDINELLI DURANTE RICCIARDA;VIA GOBETTI 4;160112;5133;8
073024;FARMACIA;1935;01-SET-95;DI PIERRO GIUSEPPE;PIAZZA GARIBALDI 22;160112;5134;6
073015;FARMACIA;1936;01-SET-95;FERRERI AUGUSTO;VIA SAN LEOPOLDO 6;160112;5135;2
073021;FARMACIA;1937;01-AGO-95;RECCHIA MICHELE;VIA QUASIMODO 64;160112;5136;2
073013;FARMACIA;1938;01-OTT-95;RECCHIA ISABELLA;VIALE CARELLA 21;160112;5137;5
073015;FARMACIA;1939;01-SET-95;FARM SACCOIA FULLONE ANTONELLA;VIA COL SCARANO 113;160112;5138;2
073012;FARMACIA;1940;01-AGO-95;ANDRISANO MARIA GABRIELA;VIA ORIA 74;160112;5139;7
073001;FARMACIA;1941;01-OTT-95;LECCESE IRENE;VIA PIAVE S N;160112;5140;7
073029;FARMACIA;1942;01-OTT-95;DI NOI ADRIANA;VIA TEATRO ALAMBRA 6;160112;5141;2
073004;FARMACIA;1943;01-NOV-95;BOCCUNI MARIA ADELE;VIA MARTINA 18;160112;5142;5
073020;FARMACIA;1944;07-GIU-04;LOPERFIDO DR PATRIZIO;VIA TATEO 6;160112;5200;1
073026;FARMACIA;1945;21-DIC-04;F.SACRA FAM.SAS D.SSA GIO & C;VIA CROCE 169;160112;5201;7
073019;FARMACIA;1946;31-GEN-05;LADISI PASQUALE;VIA EUROPA 9;160112;5202;2
073009;FARMACIA;1947;20-APR-06;DONADIO MARIA TERESA;VIA ALDO MORO 10 12;160112;5203;1
073007;FARMACIA;1948;05-MAG-06;NIGRO SILVANA;VIALE JONIO 108;160112;5204;1
073007;FARMACIA;1949;05-LUG-06;FARMACIA COMUNALE GINOSA SRL;VIA MARTIRI D'UNGHERIA 55 57;160112;5205;1
073015;FARMACIA;1950;01-AGO-07;BANDIERA GIULIA PIA;VIA FRANCESCO PETRARCA,87/89;160112;5206;2
073008;FARMACIA;1951;01-GEN-08;FARMACIA MICCOLI DR. TIZIANO;VIA MADONNA DI POMPEI  96/B;160112;5207;6
073029;FARMACIA;1952;09-GIU-08;GIANGRANDE ALESSANDRA MARIA;VIA LULLI  10;160112;5208;2
073024;FARMACIA;1953;03-FEB-09;LAMEDICA CARLA;PIAZZA KENNEDY  1;160112;5209;6
072011;FARMACIA;8269;12-LUG-12;FARMACIA DELL'ANNUNZIATA;VIA GEN.LE PLANELLI  38/A-B;160114;7026;51
072004;FARMACIA;8271;13-AGO-12;GRASSANO ROCCO INNOCENZO;VIA GENTILE, 7/9;160114;7027;54
072041;FARMACIA;8301;10-SET-12;FARMACIA SANTERASMO;VIA GIOIA, 39/40;160114;7052;54
072033;FARMACIA;8365;05-MAR-13;FARMACIA DR.LOIUDICE CATERINA;VIA DEGLI ULIVI,16 C.AURICARRO;160114;7054;51
072011;FARMACIA;8400;21-GIU-13;FARMACIA SALSANO DR.LUIGI;VIA BEPPE MODUGNO,N.3-BITONTO;160114;7057;51
072014;FARMACIA;8434;13-AGO-13;FARMACIA SAN PIO;VIA ALDO MORO, 41;160114;7076;60
072043;FARMACIA;8523;30-GIU-14;FARMACIA SANTA MARIA;VIALE ROMA, 138 140;160114;7082;52
110007;FARMACIA;532225;28-SET-12;FARMACIA SAN FERDINANDO;VIA TOGLIATTI, 16;160113;1504;1
071036;FARMACIA;604083;16-GEN-13;FARMACIA LACCETTI;VIALE FERROVIA  99;160115;3706;55
071016;FARMACIA;604168;11-LUG-14;ERARIO BOCCAFURNI GREGORIO LEONARDO;VIA SALITA BORGO, 3;160115;3711;59
075083;FARMACIA;748562;03-FEB-14;CASCIARO MARIELLA;VIA DIAZ, 66;160116;4716;51
074005;FARMACIA;784032;01-LUG-14;CASALINI DR COLADANGELO M.V.;VIA BRINDISI, 58 72014 CASALINI DI CISTERNINO;160106;2122;2
