Categoria;Provincia;Comune;Localita;Denominazione;Indirizzo;Telefono;Orari;BigliettoInteroEuro;BigliettoRidottoEuro;Note 
Musei archeologici;Agrigento;Agrigento;;Museo archeologico regionale di Agrigento;Contrada San Nicola 12;0922401565 - fax 092220014;"Da martedì a sabato 9,00-19,30; lunedì 9,00-13,30. Giorni festivi e domeniche: 9,00-13,30 (ultimo ingresso mezz'ora prima della chiusura). Biglietto cumulativo Museo-Parco Archeologico e Paesaggistico Valle dei Templi: singolo € 13,50, ridotto € 7,00."; 8,00 €; 4,00 €;
Aree archeologiche;Agrigento;Agrigento;;Valle dei Templi di Agrigento;Casa Sanfilippo - Via Panoramica dei Templi;Vedi sito Internet del Parco Archeologico;Vedi sito Internet del Parco Archeologico;10,00 €; 5,00 €;
Musei e Gallerie;Agrigento;Agrigento;;Biblioteca - Museo regionale Luigi Pirandello di Agrigento;Casa Natale di Luigi Pirandello - Contrada Caos Villaseta;0922511826;"Aperta al pubblico tutti i giorni, tranne il lunedì, dalle 9.00 alle 19.00. Chiusura tutte le domeniche tranne la prima di ogni mese (ingresso gratuito).
Apertura e chiusura mese di luglio (festivi): Apertura gg. 3,11,17,25,31; Chiusura gg. 4,10,18,24."; 4,00 €; 2,00 €;Visita alla tomba dello scrittore dalle 9.00 ad un'ora prima del tramonto. La Biblioteca è aperta da lunedì a venerdì (8,30-13,30), mercoledì e giovedì anche dalle 15.00 alle 18.00.
Monumentale;Agrigento;Agrigento;;Santa Maria dei Greci;Via Santa Maria dei Greci;Centralino Soprintendenza BB.CC.AA. di Agrigento 0922552611;Tutti i giorni feriali dalle 8,30 alle 19. Chiuso il Lunedì pomeriggio. I giorni festivi aperta solo la prima domenica del mese dalle 8,30 alle 13,30. ;Gratuito;Gratuito;
Aree archeologiche;Agrigento;Canicatti';;"Zona Archeologica ""Vito Soldano""";Zona archeologica di Vito Soldano - Canicattì
SS 122 - trazzera Canicattì-Castrofilippo;Centralino Soprintendenza BB.CC.AA. di Agrigento 0922552611;Tutti i giorni feriali dalle 8,30 alle 13,30. Domeniche e festivi chiuso.;Gratuito;Gratuito;
Aree archeologiche e Antiquarium;Agrigento;Cattolica Eraclea;Eraclea Minoa;Area archeologica e Antiquarium Eraclea Minoa;Contrada Minoa - Cattolica Eraclea;0922 846005  ;Tutti i giorni dalle 8,30 alle 19,30 compreso i festivi; 4,00 €; 2,00 €;
Aree archeologiche;Agrigento;Licata;;Area archeologica di Licata;Contrada Stagnone - Pontillo;0922772602;Apertura su prenotazione, dalle 8,30 alle 13,30;Gratuito;Gratuito;
Musei archeologici;Agrigento;Licata;;Museo archeologico regionale della Badia;Via Dante 12 - Licata ;0922 772602;Temporaneamente chiuso (in allestimento);Gratuito;Gratuito;
Aree archeologiche;Agrigento;Licata;Monte Sant'Angelo;Area archeologica di Monte Sant'Angelo e Castel Sant'Angelo;Zona archeologica di Castel Sant'Angelo - Licata;0922 772602;Tutti i giorni feriali dalle 8,30 alle 13,30. Domeniche e festivi chiuso;Gratuito;Gratuito;
Aree archeologiche;Agrigento;Naro;;Zona Archeologica;Contrada Canale - Naro;Centralino Soprintendenza BB.CC.AA. di Agrigento 0922552611;Tutti i giorni feriali dalle 8,30 alle 13,30. Domeniche e festivi chiuso;Gratuito;Gratuito;
Musei archeologici;Agrigento;Ravanusa;;"Museo archeologico ""Salvatore Lauricella""";Corso della Repubblica 27 - Ravanusa;Comune di Ravanusa (AG);Tutti i giorni dalle 8,30 alle 13,30 con esclusione dei giorni festivi;Gratuito;Gratuito;
Antiquaria;Agrigento;Ravanusa;;Zona Archeologica;Monte Saraceno - Ravanusa;Centralino Soprintendenza BB.CC.AA. di Agrigento 0922552611;Tutti i giorni feriali dalle 8,30 alle 19. Domeniche e festivi chiuso;Gratuito;Gratuito;
Antiquaria;Agrigento;Sambuca di Sicilia;;Antiquarium di Monte Adranone;Museo Panitteri in Sambuca di Sicilia;0925946083;Tutti i giorni 9,00-13,00 e 16,00-19,00. Si precisa che gli orari di apertura e chiusura sono in corso di revisione.; 6,00 €; 3,00 €;Il Museo Archeologico Palazzo Panitteri è gestito dal Comune di Sambuca di Sicilia.
Il biglietto comprende l'ingresso a Monte Adranone - Palazzo Panitteri in Sambuca di Sicilia e Antiquarium di Monte Kronio in Sciacca. 
Aree archeologiche;Agrigento;Sambuca di Sicilia;;Area archeologica di Monte Adranone;Contrada Adragna - Sambuca di Sicilia;0925 946083;Tutti i giorni feriali dalle 8,30 alle 19. I giorni festivi aperto solo la prima domenica del mese dalle 8,30 alle 13,30.
; 6,00 €; 3,00 €;Il biglietto comprende l'ingresso alla zona archeologica di Monte Adranone / Museo di Palazzo Panitteri (Sambuca di Sicilia) / Antiquarium di Monte Kronio (Sciacca). 
Aree archeologiche;Agrigento;Sant'Angelo Muxaro;;Area archeologica di Sant'Angelo Muxaro;Necropoli - Sant'Angelo Muxaro;0922 919806;Tutti i giorni feriali dalle 8,30 alle 19. I giorni festivi aperto solo la prima domenica del mese dalle 8,30 alle 13,30;Gratuito;Gratuito;
Antiquaria;Agrigento;Sciacca;;Antiquarium di Monte Kronio - Stufe di S. Calogero;Monte Cronio - Sciacca;092528989;Tutti i giorni feriali dalle 8,30 alle 19. I giorni festivi aperto solo la prima domenica del mese dalle 8,30 alle 13,30. ; 4,00 €; 2,00 €;E' possibile acquistare il biglietto cumulativo (intero € 6,00, ridotto € 3,00) per la visita di Monte Adranone e Palazzo Panitteri in Sambuca di Sicilia e Antiquarium di Monte Kronio in Sciacca.
Antiquaria;Agrigento;Sciacca;;Zona archeologica di Tranchina;Contrada Tranchina - Sciacca;Centralino Soprintendenza BB.CC.AA. di Agrigento 0922552611;Tutti i giorni feriali dalle 8,30 alle 13,30. Domeniche e festivi chiusi;Gratuito;Gratuito;
Musei archeologici;Caltanissetta;Caltanissetta;;Museo regionale interdisciplinare di Caltanissetta;Contrada Santo Spirito;0934567062 - fax 0934567086;Tutti i giorni 9,00-13,00 e 15,30-19,00. Chiuso l'ultimo lunedì del mese ; 4,00 €; 2,00 €;
Aree archeologiche e Antiquarium;Caltanissetta;Caltanissetta;;Area archeologica e Antiquarium di Sabucina;Contrada Sabucina;0934554968-70 ;Visitabile su prenotazione inviando richiesta a: sopricl@regione.sicilia.it;Gratuito;Gratuito;
Aree archeologiche;Caltanissetta;Caltanissetta;;Area archeologica Gibil Gabib;Contrada Gibil - Gabib;0934554968-70;Visitabile su prenotazione inviando richiesta a: sopricl@regione.sicilia.it;Gratuito;Gratuito;
Aree archeologiche;Caltanissetta;Gela;;Castelluccio;Contrada Cucinella Spataro. SS 117 Bis;0933912626;Chiuso temporaneamente;;;Biglietto unico con Museo Archeologico Regionale di Gela 
Aree archeologiche;Caltanissetta;Gela;;Area archeologica Bosco Littorio (Emporio Greco) di Gela;Località Bosco Littorio;0933912626;Chiuso temporaneamente;;;
Aree archeologiche e Antiquarium;Caltanissetta;Gela;;Antiquarium iconografico e Mura Timoleontee di Capo Soprano;Contrada Scavone - Viale Indipendenza;093391226 - 0933930975;Dal lunedì al sabato, dalle 9,30 alle 13,00 e dalle 14,00 alle 18,00 (ultimo ingresso mezzora prima della chiusura). Chiuso i festivi, tranne la prima domenica di ogni mese, dalle 9 alle 13.00 


; 4,00 €; 2,00 €;Biglietto unico con il Museo Archeologico Regionale di Gela.
Aree archeologiche;Caltanissetta;Gela;;Area archeologica Bagni Greci di Gela;Via Europa;0933 912626;Libero accesso tutti i giorni dalle 9,00 alle 14,00 e dalle 15,00 alle 20,00;Gratuito;Gratuito;Sito non custodito situato all'interno della struttura Casa di Riposo ''Antonietta Aldisio''
Aree archeologiche;Caltanissetta;Gela;;Area archeologica Acropoli (Molino a Vento);Corso Vittorio Emanuele 1;0933912626;Dal lunedì al sabato, dalle 9,30 alle 13,00 e dalle 14,00 alle 18,00. Ultimo ingresso mezzora prima della chiusura.

;;;CHIUSO I FESTIVI, tranne la prima domenica di ogni mese, apertura fino alle ore 13,00 (ultimo ingresso ore 12,30) con ingresso libero. Biglietto unico con il Museo Archeologico Regionale di Gela.

Musei archeologici;Caltanissetta;Gela;;Museo archeologico regionale di Gela;Corso Vittorio Emanuele 1;0933912626;In ora legale da lunedì a sabato, dalle 9,00 alle 19,30 (ultimo ingresso ore 19,00). CHIUSO I FESTIVI tranne la prima domenica di ogni mese, con ingresso libero.
; 4,00 €; 2,00 €;Nei giorni 3 e 4 giugno 2016 è stata disposta la disinfestazione e derattizzazione dei locali del Museo con relativa chiusura degli stessi. La riapertura è prevista per domenica 5 giugno 
Musei archeologici;Caltanissetta;Marianopoli;;Museo archeologico regionale di Marianopoli;Viale Regione Siciliana;0934554968-70;Lunedì chiuso. Da martedì a domenica dalle 9.00 alle 13.00 e dalle 15.30 alle 19.00;Gratuito;Gratuito;
Aree archeologiche;Caltanissetta;Mazzarino;Contrada Sofiana;Area archeologica di Sophiana;Mazzarino - Contrada Sofiana (S.P. 25) ;0935 687667;Visitabile su prenotazione;;;Chiuso al pubblico. Per informazioni urpmuseo.casale@regione.sicilia.it oppure visita www.villaromanadelcasale.it.
Monumentale;Caltanissetta;Riesi;;Complesso Minerario di Trabia Tallarita;Contrada Palladio - Ex Centrale Elettrica Palladio;0934554968-70;"Da lunedì a sabato e la prima domenica del mese (con ingresso gratuito): da ottobre a febbraio dalle 8.00 alle 17.00; marzo dalle 8.00 alle 18.00; da aprile ad agosto dalle 8.00 alle 19.30; settembre dalle 8.00 alle 18.00. Chiuso nei festivi 
"; 4,00 €; 2,00 €;Dal 27 maggio 2016, per ragioni di sicurezza, è visitabile soltanto l'area del ''Museo delle Solfare''.
Aree archeologiche;Caltanissetta;San Cataldo;;Area archeologica Vassallaggi;Contrada Vassallaggi;0934554968-70;Visitabile su prenotazione inviando richiesta a: sopricl@regione.sicilia.it;Gratuito;Gratuito;
Aree archeologiche;Catania;Aci Catena;;Area archeologica Santa Venera al Pozzo;Via Alimena 7;095877169 - fax 095877169;Da lunedì a sabato dalle 9.00 alle 19.00. Prima domenica del mese dalle 9.00 alle 13.00. Altre domeniche e festivi chiusura;Gratuito;Gratuito;
Musei e Gallerie;Catania;Adrano;;Museo regionale di Adrano;Piazza Umberto I;TEL. 0957602608;Attualmente chiuso per lavori;Sospeso;Sospeso;
Aree archeologiche;Catania;Adrano;;Mura Dionigiane;Via Catania;3315771468;Da lunedì a sabato dalle 9,00 alle 13,00. Domenica e Festivi 9.00-13.00;Ingresso libero;Ingresso libero;
Musei e Gallerie;Catania;Caltagirone;;Museo regionale della Ceramica di Caltagirone;Giardino Pubblico ''Vittorio Emanuele'' ;093358418 - 093358423 fax 093326972;Tutti i giorni dalle 9.00 alle 18.30 (ultimo ingresso ore 18.00).; 4,00 €; 2,00 €;Ingresso gratuito ai minori di 18 anni e ai cittadini dell'Unione Europea nel giorno del loro compleanno. Ingresso libero la prima domenica di ogni mese. Visitate la pagina facebook.
Aree archeologiche;Catania;Catania;;Teatro Romano e Odeon di Catania;Via Vittorio Emanuele n°266;"095/7150508 oppure 095/346241 fax 095/311004- museo.catania@regione.sicilia.it; urp.museo.catania@regione.sicilia.it";Da lunedì a sabato dalle ore 9.00 alle ore 19.00 (ultimo ingresso ore 18.30)
Domenica: 9.00 - 13.00.
La prima domenica del mese il Teatro è aperto dalle ore 9.00 alle ore 19.00 . ; 6,00 €; 3,00 €;La biglietteria chiude mezzora prima della chiusura del sito. La prima domenica del mese l'ingresso è gratuito. 

Aree archeologiche;Catania;Catania;;Ipogeo Romano;Via G. Sanfilippo;095/7150508 oppure 095/346241 museo.catania@regione.sicilia.it - urp.museo.catania@regione.sicilia.it

;L'Ipogeo romano è visitabile su prenotazione;Gratuito;Gratuito;
Aree archeologiche;Catania;Catania;;Anfiteatro Romano di Catania;Piazza Stesicoro;"095/7150508 oppure 095/346241 museo.catania@regione.sicilia.it; urp.museo.catania@regione.sicilia.it";Da martedì a sabato dalle ore 9.00 alle ore 13.30 e dalle ore 14.30 alle ore 18.30.
Giorni di chiusura:lunedì e domenica. ;Gratuito;Gratuito;
Musei e Gallerie;Catania;Catania;;Casa Museo Giovanni Verga;Via Sant'Anna, 8
 Catania.;0957150598;Tutti i giorni dalle ore 9.00 alle ore 13.15 e dalle 14.15 alle 19.00. Chiusa la domenica e i festivi.
                                                                           
; 4,00 €; 2,00 €;Casa Museo Verga rimane chiusa nelle ore pomeridiane dei giorni 01 e 02 luglio 2016  per motivi tecnici.
Aree archeologiche;Catania;Catania;;Terme della Rotonda;Via della Mecca;095/7150508 oppure 095/346241- museo.catania@regione.sicilia.it - urp.museo.catania@regione.sicilia.it ;Orari dal 13 al 30 luglio: MATTINA 9.00/13.00: 13,21,26,27. 
POMERIGGIO: 15.00 - 18.00: 13,15,16,19,20,21,26,27,29,29,30  ;Gratuito;Gratuito;
Monumentale;Catania;Catania;;Chiesa di San Francesco Borgia;Via Crociferi 17;095310762;Da lunedì a sabato dalle 9,00 alle 19,00. Aperta la prima domenica di ogni mese dalle 9,00 alle 19,00. Ulteriori domeniche del mese 9.00-13.00. Festivi 9.00-13.00.;Ingresso libero;Ingresso libero;
Aree archeologiche;Catania;Catania;;Terme Romane dell'Indirizzo;Piazza Currò;"095/7150508 oppure 095/346241- museo.catania@regione.sicilia.it; urp.museo.catania@regione.sicilia.it
 ";Le Terme Romane dell'Indirizzo sono visitabili su prenotazione ;Gratuito;Gratuito;
Aree archeologiche;Catania;Mineo;;Area archeologica di Palike';Contrada Rocchicella;3315771468;"Chiusa lunedi, domenica e festivi. Aperta da martedì a sabato dalle 9 alle 13.30; mercoledì dalle 9 alle 16.30 da novembre a febbraio (da marzo a ottobre uscita alle 17.30).";Gratuito;Gratuito;
Musei archeologici;Enna;Aidone;;Museo regionale di Aidone;Largo Torres Truppia 1;093587307;Dal Mese di Giugno l'apertura settimanale è dal martedì alla domenica dalle ore 09.00 alle 19.00 ultimo ingresso ore 18.00.(Lunedì chiuso). Domenica 1 agosto, prima del mese, ingresso gratuito dalle 9 alle 18.00 (uscita entro le 19.00); 6,00 €; 3,00 €;Prevista vendita biglietti ridotti e cumulativi di due o tre siti tra: Area arch. di Morgantina, Museo di Aidone e Villa del Casale.
Aree archeologiche;Enna;Aidone;;Area archeologica di Morgantina;Contrada Morgantina;093587955;Dal Mese di Giugno l'apertura settimanale è dal martedì alla domenica dalle ore 14.00 alle 19.00 ultimo ingresso ore 18.00. Lunedì chiuso.
Domenica 1 agosto, prima del mese, ingresso gratuito dalle 9 alle 18.00 (uscita entro le 19.00); 6,00 €; 3,00 €;Vendita biglietti ridotti e cumulativi di due o tre siti tra: Area di Morgantina, Museo di Aidone e Villa del Casale.
Musei archeologici;Enna;Centuripe;;Museo archeologico regionale di Centuripe;Via SS. Crocifisso 1;093573079;- Da lunedì a sabato dalle 9.00 alle 19.00.
- La prima domenica del mese dalle 9.00 alle 19.00.


;Gratuito;Gratuito;
Musei archeologici;Enna;Enna;;Museo regionale interdisciplinare di Enna;Piazza Mazzini 8;09355076304 - fax 09355076323;da lunedì a sabato dalle 9:00 alle 19:00. Domenica 1 agosto, prima del mese, ingresso gratuito dalle 9 alle 18.00 (uscita entro le 19.00);Gratuito;Gratuito;
Aree archeologiche;Enna;Piazza Armerina;;Museo regionale della Villa Romana del Casale a Piazza Armerina;Piazza Armerina, Piazza Cattedrale 20 - Palazzo Trigona;0935687667;Non aperto al pubblico;;;Museo in allestimento. Per informazioni urpmuseo.casale@regione.sicilia.it oppure visita www.villaromanadelcasale.it.
Aree archeologiche;Enna;Piazza Armerina;Contrada Casale;Area archeologica della Villa Romana del Casale a Piazza Armerina;Contrada Casale;0935680036;La Villa è aperta ogni giorno compresi i festivi, dalle 9,00 alle 18,00. L'ingresso è libero ogni prima domenica di ogni mese.
;10,00 €; 5,00 €;Domenica 1 agosto, prima del mese, ingresso gratuito dalle 9 alle 23.00 (uscita entro le 23.30)
Aree archeologiche;Messina;Acquedolci;;Area Archeologica. Grotta di San Teodoro;Contrada Favara;0941730005;Tutti i giorni dalle ore 9 alle ore 19,00 (ultimo ingresso ore 18.30);Gratuito;Gratuito;
Aree archeologiche;Messina;Capo d'Orlando;;Area archeologica di Capo d'Orlando;Contrada Bagnoli;0941955401;Tutti i giorni dalle ore 9 alle ore 19 (ultimo ingresso ore 18.30);Gratuito;Gratuito;
Monumentale;Messina;Casalvecchio Siculo;;Abbazia e Monastero dei SS. Pietro e Paolo d’Agrò;Contrada San Pietro;09036746433, URP della Soprintendenza di Messina;Da lunedì a venerdì dalle 9 alle 13. Mercoledì dalle 15.30 alle 17.30. Domenica e festivi su prenotazione;Gratuito;Gratuito;
Musei archeologici e Aree archeologiche;Messina;Giardini-Naxos;;Museo archeologico regionale e Area archeologica di Naxos;Lungomare Schisò;094251001;Vedi Orari e modalita' di visita. In via sperimentale è istituito un biglietto unico per la visita di Naxos e Isolabella con tariffa intera € 6,00 e ridotta € 3,00 (validità giorni tre dalla data di emissione); 4,00 €; 2,00 €;
Musei archeologici;Messina;Lipari;;Museo archeologico regionale Bernabo' Brea a Lipari;Via del Castello, 2 98055 LIPARI;0909880174/594
fax 0909880175;Aperto tutti i giorni feriali dalle 9,00 alle 19,30 (ultimo ingresso ore 18,30). Domenica e Festivi aperto dalle 9,00 alle 13,30.; 6,00 €; 3,00 €;Ingresso gratuito nella prima domenica di ogni mese
Monumentale;Messina;Messina;;Monastero Maria SS. della Valle - Badiazza;Alveo del torrente Scala-Badiazza;09036746433, URP della Soprintendenza di Messina;Da lunedì a venerdì dalle 9 alle 13. Mercoledì dalle 15.30 alle 17.30. Domenica e festivi su prenotazione;Gratuito;Gratuito;
Musei e Gallerie;Messina;Messina;;Museo regionale interdisciplinare di Messina;Viale della Libertà 465;090361292/93;Da martedì a sabato dalle 9 alle 19 (ultimo ingresso alle 18.30). Domenica e festivi dalle 9 alle 13 (ultimo ingresso alle 12.30). Lunedì chiuso. Ingresso gratuito la prima domenica del mese. 
; 8,00 €; 4,00 €;
Aree archeologiche;Messina;Milazzo;;Antiquarium di Milazzo;Via Impallomeni 16;0909223471;Da martedì a sabato dalle ore 9 alle 19 (ultimo ingresso ore 18.30). Lunedì, domenica e festivi dalle ore 9 alle ore 13 (ultimo ingresso ore 12.30);Gratuito;Gratuito;
Musei etnoantropologici;Messina;Mistretta;;Museo delle Tradizioni silvo-pastorali di Mistretta;Via Libertà 184;0921381696 (temporaneamente disattivato);Orario estivo valido fino al 30 settembre 2016:
Aperto da martedì a domenica, dalle 9,00 alle 13,00. Lunedì chiuso. 15 agosto chiuso.;Gratuito;Gratuito;Per la disattivazione delle linee telefoniche di rete fissa, le comunicazioni al Museo potranno essere inviate alle caselle museo.mistretta@regione.sicilia.it e museo.mistretta.uo1@regione.sicilia.it 

Monumentale;Messina;Montalbano Elicona;;Castello di Montalbano Elicona;Via Castello;09036746433, URP della Soprintendenza di Messina;Dall’1 aprile al 31 ottobre da martedì alla domenica 10.00-13.00 e 16.00-20.00. Dall’1 novembre al 31 marzo i sabati, le domeniche e i festivi (ad eccezione del 25 dicembre, 1 gennaio e Pasqua) 9.30-13.30 e 14.30-18.30.; 3,00 €; 1,50 €;"Nei giorni di chiusura visitabile su prenotazione, tramite Ufficio del Turismo del Comune (0941678019; 0941670081)"
Aree archeologiche;Messina;Patti;Patti Marina;Villa Romana di Patti;Via Giovanni XXIII 2 - Patti Marina;0941361593;Tutti i giorni dalle ore 9 alle ore 19 (ultimo ingresso ore 18.30); 4,00 €; 2,00 €;Dal 1 settembre 2015 è istituito il biglietto unico per la visita della Villa Romana di Patti Marina e dell'area archeologica di Tindari, con tariffa intera di € 8,00 e ridotta di € 4,00, la cui validità è di tre giorni dalla data di emissione.
;Messina;Patti;Tindari;Area archeologica Teatro antico e Antiquarium di Tindari;Via del Teatro Greco - Località Tindari;0941369023;Tutti i giorni dalle ore 9 alle ore 19 (Ultimo ingresso fino a mezz'ora prima della chiusura).; 6,00 €; 3,00 €;Dal 1 settembre 2015 è istituito il biglietto unico per la visita della Villa Romana di Patti Marina e dell'area archeologica di Tindari (tariffa intera di € 8,00 e ridotta di € 4,00), la cui validità è di tre giorni dalla data di emissione.
Aree archeologiche;Messina;San Fratello;;Area Archeologica dell’antica Apollonia;Monte Vecchio;09036746433, URP-Soprintendenza di Messina;Tutti i giorni dalle ore 9 alle ore 19 (ultimo ingresso ore 18.30);Gratuito;Gratuito;
Monumentale;Messina;Spadafora;;Castello di Spadafora;Via Nazionale;090 36894435 (URP);Tutti i giorni dalle 9,00 alle 19,00. Domenica e festivi su prenotazione;Gratuito;Gratuito;
Aree archeologiche;Messina;Taormina;;Teatro Greco Romano di Taormina;Via del Teatro Greco 40;094223220 / 094224291;Vedi Orari e modalita' di visita. Nei mesi di luglio e agosto, in concomitanza con gli spettacoli serali, gli orari di chiusura potranno subire delle anticipazioni;10,00 €; 5,00 €;
Parco naturalistico;Messina;Taormina;;Giardino di Villa Caronia;Via Pirandello 107;0942628738;Aperto da martedì a sabato dalle 9.30 alle 13.30 - Chiuso lunedì e domenica.;Gratuito;Gratuito;
Monumentale;Messina;Taormina;;Castello di Tauro;;090 36746435 (URP);Chiuso per ristrutturazione;;;
Aree archeologiche;Messina;Taormina;;Museo naturalistico regionale di Isolabella e Villa Caronia;Via Nazionale 109;0942628738;Vedi Orari e modalita' di visita. In via sperimentale è istituito un biglietto unico per la visita di Naxos e Isolabella con tariffa intera € 6,00 e ridotta € 3,00 (validità giorni tre dalla data di emissione); 4,00 €; 2,00 €;Per motivi di sicurezza l'afflusso dei visitatori sarà reggimentato in gruppi di non più 15 unità
Monumentale;Messina;Taormina;;Palazzo Ciampoli;Corso Umberto;09036746433, URP della Soprintendenza di Messina;Chiuso per ristrutturazione;;;
Aree archeologiche;Messina;Terme Vigliatore;;Villa Romana di San Biagio;Via Nazionale 3, località San Biagio;0909740488;Tutti i giorni dalle ore 9 alle ore 19 (ultimo ingresso ore 18.30);Gratuito;Gratuito;
Aree archeologiche;Messina;Tusa;;Area archeologica Halaesa Arconidea;Contrada Santa Maria delle Palate;Si informa che per la temporanea disattivazione delle linee telefoniche di rete fissa, le comunicazioni potranno essere inviate alle caselle museo.mistretta@regione.sicilia.it e museo.mistretta.uo1@regione.sicilia.it ;Orario estivo: Tutti i giorni dalle 9,00 a un'ora prima del tramonto, lunedì chiuso. 15 agosto chiuso.;Gratuito;Gratuito;L'orario di apertura del sito archeologico di Halaesa è dalle ore 9,00 al tramonto, in quanto la fruizione dello stesso dipende dalla presenza della luce del sole, la cui durata varia secondo le stagioni.
Monumentale;Messina;Villafranca Tirrena;;Castello di Bauso;Piazza Castello;090334948;Da lunedì a venerdì dalle 9 alle 13. Mercoledì dalle 15.30 alle 17.30. Domenica e festivi su prenotazione. Rivolgersi alla Pro loco (3933687036) o all’Ufficio del Turismo (0903310311);Gratuito;Gratuito;
Aree archeologiche;Palermo;Caccamo;;Castello medievale di Caccamo;Via del Castello;0918149252;Da martedì a domenica, dalle 9.00 alle 13.00 e dalle 15.00 alle 19; 4,00 €; 2,00 €;
Aree archeologiche;Palermo;Cefala' Diana;;Bagni di Cefalà Diana;Cefalà Diana (seguire indicazioni);0917071425 - Rangers 0918291551;"giovedì e sabato 9,00-19,00 (ultimo ingresso 18,30); martedì, mercoledì, venerdì 9,00-14,00 (ultimo ingresso 13,30); lunedì, domenica e festivi chiuso; prima domenica del mese 9,00-14,00 (ultimo ingresso 13,30)";Gratuito;Gratuito;
;Palermo;Lercara Friddi;;Parco archeologico-industriale e museo della zolfara di Lercara Friddi;Via Vittorio Emanuele III 52 - Villa Rose-Gardner;091 8252212 - 3346476411;Chiuso, in allestimento;;;
Musei e Gallerie;Palermo;Marineo;;Castello Beccadelli Bologna;Piazza Castello;0917071425 - 0918726491;Aperto su prenotazione;;;
Monumentale;Palermo;Monreale;;Chiostro Santa Maria la Nuova (Duomo);Piazza Guglielmo il Buono;091 7071425 - 0916404403;Da lunedì a sabato 9,00-19,00 (ultimo ingresso 18,30) domenica e festivi 9,00-13,30 (ultimo ingresso 13,00); 6,00 €; 3,00 €;
Monumentale;Palermo;Palermo;;Real Albergo dei Poveri;Corso Calatafimi 217;091422314;Aperto per le mostre temporanee. Informazioni in loco;;;Sede espositiva per mostre temporanee
Aree archeologiche;Palermo;Palermo;;Villino Florio e Giardino;Via Regina Margherita;0917025471;Il sito sarà visitabile, dal 16 gennaio, dal martedì al sabato e la prima domenica del mese dalle 9.00 alle 13.00;Gratuito;Gratuito;
Monumentale;Palermo;Palermo;;Casina Cinese;Via Duca degli Abruzzi;091 7071317/411;"da martedì a sabato ore 9,00-19,00 (ultimo ingresso ore 18,30); lunedì, domenica e festivi chiuso; prima domenica del mese apertura gratuita ore 9,00-13,30 (ultimo ingresso, ore 13,00)";Gratuito;Gratuito;
Musei e Gallerie;Palermo;Palermo;;Oratorio dei Bianchi;Piazzetta dei Bianchi;Telefono 0916173080 fax 0916165305 gall.abatellis@regione.sicilia.it urp 0916230068;Contattare l'Oratorio dei Bianchi al n. 0916173080;Ingresso libero;;
Musei e Gallerie;Palermo;Palermo;;Museo regionale d'Arte moderna e contemporanea di Palermo;Corso Vittorio Emanuele n. 365(Piazza Bologni);091320532 fax 0916090166;"Martedì, mercoledì e domenica ore 10,00-20,00; giovedi, venerdì e sabato ore 10,00-24,00. Lunedì chiuso eccetto i festivi. La biglietteria chiude 30 minuti prima "; 6,00 €; 3,00 €;Il Museo sarò chiuso al pubblico per interventi di disinfestazione i prossimi 18 luglio e 8 agosto
Monumentale;Palermo;Palermo;;Convento della Magione;Piazza Magione;0917071425 - 0916162231 - 0916164258;"martedì e sabato ore 9,00-19,00 (ultimo ingresso ore 18,30): lunedì, mercoledì, giovedì, venerdì ore 9,00-13,30 (ultimo ingresso ore 13,00); domenica e festivi chiuso";Gratuito;Gratuito;
Monumentale;Palermo;Palermo;;Giardino di Villa Napoli e Piccola Cuba;Via F. Speciale;3283605846;Temporaneamente il sito non è visitabile;Gratuito;Gratuito;
Monumentale;Palermo;Palermo;;Palazzo Ajutamicristo;Via Garibaldi, 41;0917071425 - 3357957161;Martedi e sabato dalle 9.00 alle 18.30. Lunedì, mercoledì, giovedì, venerdì dalle 9.00 alle 13.30.;Gratuito;Gratuito;Sede della Soprintendenza di Palermo
Musei archeologici;Palermo;Palermo;;Museo archeologico regionale Antonino Salinas di Palermo;Piazza Olivella - UFFICI Via Bara all'Olivella 24, PALERMO;0916116807 - 0916116806 - FAX 0916110740;"LUGLIO 2016: lunedì chiuso; da martedì a venerdì 9.30-19;Venerdì 15 Luglio:Orario Festivo(9,30- 13,00); sabato e domenica: 9,30-13,00. 
Ingresso gratuito.E'fruibile solo l'Atrio minore con la Mostra ''Nutrire la città. A tavola nella Palermo antica''";Gratuito;Gratuito;"N.B.:la Biglietteria cessa il servizio mezz'ora prima della chiusura.BIBLIOTECA orari di apertura:Lunedì,Martedì,Giovedì,Venerdì ore 9,30-13,30; Mercoledì:9,30-17,30.  "
Musei e Gallerie;Palermo;Palermo;;Castello della Favara a Maredolce;Via Giafar - svincolo Porto;0917071425 - 3357957161;Aperto da lunedì a sabato e ogni prima domenica del mese, con i seguenti orari: lunedì, mercoledì, venerdì e prima domenica dalle 9 alle 13, martedì e sabato dalle 9 alle 18.30;Gratuito;Gratuito;
Aree archeologiche;Palermo;Palermo;;Area archeologica monumentale di Castello a Mare;Via Crispi (ingresso Via Patti);0917071317/411;Riapre al pubblico dal 30 giugno, con i seguenti orari: Lunedì, mercoledì, giovedì e venerdì 9.00-13.30. Martedì e sabato 9.00-17.00 e prima domenica del mese 9,00-13,30 (ultimo ingresso 13,00); 2,00 €; 1,00 €;
Aree archeologiche;Palermo;Palermo;;Area archeologica Villa Bonanno;Piazza della Vittoria;091 7071317/411;Visitabile su prenotazione;Gratuito;Gratuito;
Musei e Gallerie;Palermo;Palermo;;Galleria regionale della Sicilia di Palazzo Abatellis di Palermo – Museo interdisciplinare;Via Alloro 4;Telefono 0916230011, fax 0916165305, urp 0916230068,
e-mail:gall.abatellis@regione.sicilia.it
https://www.facebook.com/GalleriaRegionaledellaSiciliadiPalazzoAbatellis?fref=ts;"dal martedì al venerdì 9,00-18,30; sabato e domenica 9,00-13,00.  Lunedì chiuso. "; 8,00 €; 4,00 €;Prima domenica del mese 9,00-13,00 (ingresso gratuito). Avviso per gli utenti: la Biblioteca nei mesi di luglio e agosto riceverà previo appuntamento. tel. 0916230068. Possibilità di biglietto cumulativo. Per info 0916230047
Monumentale;Palermo;Palermo;;Chiostro di San Giovanni degli Eremiti;Via dei Benedettini 20;0917071425 - 0916515019;Da lunedì a sabato 9,00-19,00 (ultimo ingresso 18,30) domenica e festivi 9,00-13,30 (ultimo ingresso 13,00); 6,00 €; 3,00 €;
Aree archeologiche;Palermo;Palermo;;Castello della Cuba e Necropoli Punica;Corso Calatafimi 100;0917071425 - 091590299;da lunedì a sabato ore 9,00-19,00 (ultimo ingresso ore 18,30), domenica e festivi chiuso. prima domenica del mese apertura gratuita ore 9,00-13,30 (ultimo ingresso, ore 13,00); 2,00 €; 1,00 €;
Aree archeologiche;Palermo;Palermo;;Castello della Zisa;Piazza Zisa;091 6520269;Da lunedì a sabato 9,00-19,00 (ultimo ingresso 18,30) domenica e festivi 9,00-13,30 (ultimo ingresso 13,00); 6,00 €; 3,00 €;
Musei e Gallerie;Palermo;Palermo;;Museo regionale Palazzo Mirto;Via Merlo 2;"tel e fax 0916164751; tel 0916167541; U.R.P.3357957022
e-mail: museo.palazzomirto@regione.sicilia.it, urp.palazzomirto@regione.sicilia.it, https://www.facebook.com/pages/CASA-MUSEO-Palazzo-MIRTO/265051623703706
";"Lunedì chiusura settimanale. Da martedì a sabato 9,00 - 18,00; domenica e festivi 9,00 - 13,00 (prima domenica di ogni mese ingresso gratuito)."; 6,00 €; 3,00 €;Biglietto cumulativo € 10,00 (vaidità 3 giorni) per Palazzo Mirto, Palazzo Abatellis, Oratorio dei Bianchi.  



Aree archeologiche;Palermo;San Cipirello;;Area archeologica Monte Jato;Contrada Perciata;0918577943;Area archeologica: dal martedì al sabato dalle 9,00 alle 16,00 (ultimo ingresso ore 14,00). Domeniche e festivi dalle 9,00 alle 13,00 (ultimo ingresso alle 11,30). Antiquarium dalle 9,00 alle 13,00.; 2,00 €; 1,00 €;Per visitare l'area scavi, posta a 900 metri, è consigliabile calzare scarpe e indossare abiti adeguati.
Aree archeologiche e Antiquarium;Palermo;Santa Flavia;;Area archeologica e Antiquarium di Solunto;Via Collegio Romano - località Solunto;UFFICIO AMMINISTRATIVO 091905043 - AREA PARCO ARCHEOLOGICO 091909339
;Giorni feriali dalle 9 alle 19, ultimo ingresso alle 18.30, per il padiglione A e B. L'area archeologica chiude alle 18. Giorni festivi dalle 9 alle 13.30 (ultimo ingresso alle 13); 4,00 €; 2,00 €;La Prima domenica di ogni mese l'ingresso è gratuito.
Aree archeologiche e Antiquarium;Palermo;Termini Imerese;;Area archeologica e Antiquarium di Himera;Contrada Buonfornello;Tel. 0918140128 e 0918140923, fax 0918140923;Museo e Aree Archeologiche: feriali dalle 9.00 alle 19.00, domeniche e festivi dalle 9,00 alle 14,00.La prima domenica del mese ingresso gratuito. Lunedì chiusura. La biglietteria chiude trenta minuti prima dell'uscita; 4,00 €; 2,00 €;Il Parco Archeologico di Himera il 12 luglio 2016 sarà chiuso al pubblico per disinfestazione.
Musei e Gallerie;Palermo;Terrasini;;Museo regionale di Terrasini;Palazzo d'Aumale - Lungomare Peppino Impastato;Centralino 091.8810989 - Personale di custodia 091.8683327 - Fax 091.8683178 - U.R.P. urpmuseo.terrasini@regione.sicilia.it ;Lunedì, Domenica e festività dalle 9.00 alle 13.00, da martedì a Sabato dalle 9.00 alle 19.00.
Ingresso gratuito la prima domenica del mese. ; 6,00 €; 3,00 €;Visitate il sito http://www.regione.sicilia.it/beniculturali/museodaumale/ per ulteriori informazioni. Sarà fruibile la mostra ''Raccolta Ornitologica V. E. Orlando dal collezionismo alla tutela''
Aree archeologiche;Ragusa;Ispica;;Area archeologica Parco Forza;Ispica, Via Cavagrande,snc;0932952608;Dal 1 aprile al 15 ottobre da lunedì a domenica (festivi compresi) dalle 9 alle 18.30. Dal 16 ottobre al 31 dicembre tutti i giorni feriali dalle dalle 9 alle 13.15. Domenica 27 e lunedì 28 marzo aperto dalle 9 alle 18.30.; 2,00 €; 1,00 €;La prima domenica di ogni mese ingresso gratuito comprese quelle dal 16 ottobre al 31 dicembre il cui ingresso sarà dalle 9 alle 13.15.Chiusura biglietteria ore 18.30 sino al 15 ottobre.Dal 16 ottobre ore 13.15
Aree archeologiche;Ragusa;Modica;;Area archeologica di Cava d'Ispica;Modica, S.P. Modica-Cava Ispica snc;0932771667 ;Dal 1 aprile al 15 ottobre da lunedì a domenica (festivi compresi) dalle 9 alle 18.30. Dal 16 ottobre al 31 dicembre tutti i giorni feriali dalle dalle 9 alle 13.15. Domenica 27 e lunedì 28 marzo aperto dalle 9 alle 18.30.; 4,00 €; 2,00 €;Prima domenica di ogni mese ingresso gratuito comprese quelle dal 16 ottobre al 31 dicembre il cui ingresso sarà dalle 9 alle 13.15. Chiusura biglietteria sino al 15 ottobre ore 18.30.Dal 16 ottobre ore 13.15 

Aree archeologiche;Ragusa;Pozzallo;;Torre Cabrera;Pozzallo, Piazza Rimembranza snc;per informazione telefonare URP 0932/249457;Chiusura temporanea ;;;Sito chiuso per motivi di sicurezza
Musei archeologici;Ragusa;Ragusa;;Museo regionale interdisciplinare di Ragusa;Via Natalelli;0932622963 - fax 0932622963;Tutti i giorni feriali dalle ore 9,00 alle 18.30. Apertura festiva la prima domenica di ogni mese;Gratuito;Gratuito;
Musei archeologici;Ragusa;Ragusa;;Museo regionale di Kamarina;S.P. 102 Km.1 C.da Cammarana-Ragusa. Indirizzo postale 97019 Scoglitti (RG) c.p. n.60. Mail museo.camarina@regione.sicilia.it;0932826004, fax 0932826002;Da lunedi 11 luglio, in attesa della riorganizzazione del Polo Regionale di Ragusa per i siti culturali, il Museo sarà aperto dalle 9,00 alle 13,30. Apertura festiva solo la prima domenica di ogni mese.; 4,00 €; 2,00 €;
Aree archeologiche;Ragusa;Ragusa;;Area archeologica Agora';S.P. 102 - Km.1,5;3346040449;Chiusa per lavori di messa in sicurezza;Unico con Museo di Kamarina;Unico con Museo di Kamarina;
Aree archeologiche;Ragusa;Santa Croce Camerina;;Area archeologica Caucana;Via delle Anticaglie - Frazione Caucana;;Sito temporaneamente chiuso;Sospeso;Sospeso;Sito temporaneamente chiuso
Monumentale;Ragusa;Scicli;;Convento della Croce;Scicli, Collina della Croce snc;335/6641019 334/6001688 0932249457;1 maggio-15 ottobre: Lun Merc Ven 8 - 14 (chius. bigl. 13.15). Mart Gio Sab 14 - 20 (chius. bigl. 18.45). 1.a-3.a domenica e festivi dalle 14 alle 20. Dal 16 ottobre giorni feriali e 1.a domenica del mese dalle 9 alle 14; 2,00 €; 1,00 €;1.a domenica del mese ingresso gratuito. Aperture straordinarie su prenotazione(almeno 30 persone) domeniche festivi e orario pomeridiano tutto l'anno.
Aree archeologiche e Antiquarium;Siracusa;Augusta;;Area archeologica e Antiquarium di Megara Hyblaea;Contrada Megara Giannalena;09314508211;Tutti i giorni dalle 9,00 alle 19,00, chiusura biglietteria ore 18,00.;Gratuito;Gratuito;
Aree archeologiche;Siracusa;Carlentini;;Area archeologica di Leontinoi;Contrada San Mauro - Carlentini;095991108;Aperta il martedì, il giovedì e i festivi, dalle 8.30 alle 13.45;Gratuito;Gratuito;
Musei archeologici;Siracusa;Lentini;;Museo archeologico regionale di Lentini;Via Museo 1;0957832962;Cerimonia di inaugurazione nuovo allestimento a data da definire;Gratuito;Gratuito;
Aree archeologiche;Siracusa;Noto;;Area archeologica e Villa Romana del Tellaro;Contrada Caddeddi;0931573883 - 3315771472;Tutti i giorni dalle 9,00 alle 19,00 (chiusura biglietteria alle 18,30).;Gratuito;Gratuito;
Aree archeologiche;Siracusa;Noto;C/da Caddeddi;Area archeologica di Eloro;;0931450201;Chiuso, apertura nei giorni feriali solo su prenotazione con dieci giorni di anticipo;Gratuito;Gratuito;
Musei etnoantropologici;Siracusa;Palazzolo Acreide;;Museo regionale casa-museo Antonino Uccello a Palazzolo Acreide;Via Machiavelli 19;Vedi sito Internet del Museo;"Apertura feriale dalle 9.00 alle 19.00. Festivi: prima domenica di ogni mese dalle 9.00 alle 19.00; altri festivi dalle 14.30 alle 19.00. Per altre informazioni si veda il sito internet del Museo.
"; 2,00 €; 1,00 €;Biglietto Unico - Casa museo e Area Archeologica di Akrai: Intero € 5,00 Ridotto € 2,50.
Aree archeologiche;Siracusa;Palazzolo Acreide;;Area archeologica di Akrai;Colle dell'Acromonte;0931 876602;Tutti i giorni, festivi compresi, dalle 8:30 alle 19.30 (chiusura biglietteria alle 18.30).; 4,00 €; 2,00 €;"L'area archeologica dei Santoni, dal lunedì al sabato due visite giornaliere alle ore 10.30 e alle 16.30; i restanti giorni festivi chiuso. Il biglietto va acquistato nell'area archeologica di Akrai"
Musei archeologici;Siracusa;Palazzolo Acreide;;Museo archeologico di Palazzo Cappellani;Via Gaetano Italia 36;0931876602 fax 093121205;Da martedì a sabato dalle 9.00 alle 19.00. Lunedì e festivi dalle 14,30 alle 19,00.;Gratuito;Gratuito;
Monumentale;Siracusa;Siracusa;;Castello Maniace;Isola di Ortigia;0931 464420;Lunedì dalle 14,30 alle 19,30 (chiusura biglietteria 18,30) - Da martedì a sabato dalle 8,30 alle 13,45 (chiusura biglietteria alle 13,00). Sabato 9 luglio 2016 il Castello Maniace rimarrà chiuso. I giorni festivi il sita rimarrà chiuso; 4,00 €; 2,00 €;Sabato 9 luglio 2016 il Castello Maniace rimarrà chiuso. 
Musei e Gallerie;Siracusa;Siracusa;;Galleria regionale di Palazzo Bellomo di Siracusa – Museo interdisciplinare;Via Capodieci 14-16;093169511, fax 093169529;Da martedì a sabato dalle 9.00 alle 19.00, domenica dalle 9,00 alle 13,00 (Chiusura biglietteria mezz'ora prima). Lunedì 25 Aprile il museo sarà aperto dalle ore 09,00 alle ore 13,00.; 8,00 €; 4,00 €;
Aree archeologiche;Siracusa;Siracusa;;Tempio Jonico;Via del Teatro Greco;0931 450811;Chiuso al pubblico per interventi di manutenzione;;;
Aree archeologiche;Siracusa;Siracusa;;Area archeologica Castello Eurialo;Piazza Eurialo 1;0931711773;Aperta tutti i giorni, compresi i festivi, con ingresso dalle 09.00 e uscita entro le 13.45.; 4,00 €; 2,00 €;
Aree archeologiche;Siracusa;Siracusa;;Ginnasio Romano;Via Elorina;09314508211;CHIUSO;Gratuito;Gratuito;
Aree archeologiche;Siracusa;Siracusa;;Percorso ipogeico di Piazza Duomo;Piazza Duomo 14;0931450801;In atto chiuso; 5,00 €; 2,50 €;
Musei archeologici;Siracusa;Siracusa;;Museo archeologico regionale Paolo Orsi di Siracusa;Viale Teocrito 66;0931489511 fax 0931489532;Lunedì chiusura - Da martedì a sabato dalle 9.00 alle 19.00. Festivi dalle 9.00 alle 14.00 (ultimo ingresso alle 13.00). Orari Numismatica: da martedì a sabato dalle 9.00 alle 13.30, mercoledì dalle 9.00 alle 17.30. ; 8,00 €; 4,00 €;
Aree archeologiche;Siracusa;Siracusa;;Area archeologica della Neapolis, Orecchio di Dionisio e Teatro Greco;Via del Teatro Greco;093166206 - 65068;Dal lunedì al sabato, e festivi, apertura 8.30 e uscita entro le 19.30 (chiusura biglietteria 18). ;10,00 €; 5,00 €;L'Anfiteatro Romano è fruibile con il biglietto di ingresso alla Neapolis.
Aree archeologiche;Trapani;Calatafimi Segesta;Segesta;Area archeologica Segesta;Case Barbaro - contrada Barbaro - S.P.  68;0924952356;Apertura sempre alle ore 9.00. Chiusure: sino al 29 febbraio ore 17. Dal 1 al 26 marzo ore 18,30,  dal 27 marzo al 2 ottobre ore 19.30, dal 3 al 31 ottobre ore 18,30 dal 1 novembre al 31 dicembre ore 17. ULTIMO INGRESSO UN'ORA PRIMA DELLA CHIUSURA.; 6,00 €; 3,00 €;Dal 1/07 al 4/09 si terranno presso il Teatro antico le manifestazioni classiche ''Dionisiache 2016''. Durante gli spettacoli che iniziano alle ore 19, la biglietteria chiude alle ore 18.
Aree archeologiche;Trapani;Campobello di Mazara;;Area archeologica Cave di Cusa Vincenzo Tusa;S.P. Tre Fontane;092446277;Apertura alle 9,00 e chiusura biglietteria alle 13,00 (uscita entro le 14,00). Da domenica 27 marzo la biglietteria nei feriali chiude alle 18,00 (uscita entro le 19,00). Nei festivi chiusura alle 13,00 (uscita entro le 14,00).; 2,00 €; 1,00 €;
Aree archeologiche;Trapani;Castelvetrano;Selinunte;Area archeologica Selinunte;Via Selinunte;092446277;Apertura alle 9,00. La biglietteria chiude alle 18,00 (uscita entro le ore 19,00). ; 6,00 €; 3,00 €;
Monumentale;Trapani;Favignana;;Ex Stabilimento Florio di Favignana;Isola di Favignana;Vedi sito Internet della Soprintendenza BB.CC.AA. di Trapani;Dal 26 marzo al 30 aprile l'ex Stabilimento Florio di Favignana sarà aperto al pubblico  il sabato, la domenica ed i festivi dalle ore 10.00 alle ore 13,30 con visite guidate per informazioni Biglietteria del sito 3245631991
; 6,00 €; 3,00 €;
Aree archeologiche;Trapani;Favignana;Levanzo;Grotta del Genovese - Levanzo;;0923808111;Visitabile su prenotazione;Gratuito;Gratuito;Previa prenotazione escluso i festivi. La visita dura 2 ore ed è guidata
Musei archeologici;Trapani;Marsala;;Museo archeologico regionale Lilibeo Marsala - Baglio Anselmi;Lungomare Boeo 30 – 91025 MARSALA;0923952535 - per le visite su prenotazione rivolgersi al personale o telefonare al 0923.952535;MUSEO, AREA ARCHEOLOGICA e GROTTA DELLA SIBILLA (Piazza Vittoria): Lunedì, Domenica e festivi ore 9.00-13.30 (ultimo 12.30). Da Martedì a Sabato e prima Domenica del mese ore 9.00-19.30 (ultimo 18.30); 4,00 €; 2,00 €;A seguito di lavori per il Progetto di valorizzazione del Museo, le sale Lilibeo e Nave Punica sono temporaneamente chiuse. IPOGEO CRISPIA SALVIA: da Lun. a Ven. 9.00-13.00 - SANTA MARIA DELLA GROTTA: Prima domenica 11.00-13.00
Musei archeologici;Trapani;Mazara del Vallo;;Museo del Satiro (Chiesa di Sant'Egidio);Chiesa di Sant'Egidio, Piazza Plebiscito;0923933917;Tutti i giorni, compresi i festivi, dalle 9,00 alle 19,00; 6,00 €; 3,00 €;Per interventi di disinfestazione il Museo sarà chiuso il prossimo 9 maggio
Aree archeologiche;Trapani;Pantelleria;;Area archeologica dell'Antica Cossyra;Contrada Mursia;0923808111;;Gratuito;Gratuito;
Monumentale;Trapani;Partanna;;Castello Grifeo;Piazza B. Graffeo;0924 923970;Dal 1 Maggio il Castello Grifeo sarà aperto tutti i giorni dalle 9,30 alle 12,30 e dalle 16,30 alle 19,30. La biglietteria chiude mezz'ora prima. Chiuso il Lunedì
; 4,00 €; 2,00 €;Biglietto cumulativo d'ingresso con il Parco archeologico di Selinunte, con tariffa intera di € 6,00 e ridotta di € 3,00, la cui validità è di giorni tre dalla data di emissione
Musei e Gallerie;Trapani;Trapani;;Museo regionale Agostino Pepoli di Trapani - Museo interdisciplinare;Via Conte Pepoli 180;0923553269 - fax 0923535444;"NEI MESI DI LUGLIO E AGOSTO 2016 IL MUSEO RIMARRA' CHIUSO TUTTI I LUNEDI'. Apertura da martedì a sabato dalle 9,00 alle 17,30; domeniche e festivi dalle ore 9,00 alle 12,30. La biglietteria chiude mezz'ora prima"; 6,00 €; 3,00 €;
