Nome,Name,Descrizione breve,Short description,url,Citta,Indirizzo,Numero civico,latitude,longitude,Gratuito,For free,Accessibilita ai disabili,Accessibility for the disabled,Tipo di gestione,Management of the museum,Bookshop,Audioguida,Guida cartacea,Punto di ristoro,Attivita espositive temporanee,Visite guidate,Attivita e percorsi per bambini,Email,Servizio di prenotazione,Come arrivare,How to get there,Telefono,Phone number,Url di approfondimento,Url2,Orario,Opening times,Firenze Card,Patrimonio UNESCO,,Prezzo,Price,Dettagli sullaccessibilita,Details about accessibility,Da sapere,Good to know,Descrizione attivita e percorsi per bambini,Description of the activities for children
Villa Medicea di Cerreto Guidi,Medici Villa of Cerreto Guidi and the Historical Hunting and Territorial Museum,La mole compatta della villa si erge sul paesaggio circostante a ricordo della potenza della casata medicea.,"The imposing Medici Villa of Cerreto Guidi overlooks the village and the surrounding areas, symbolizing the power of the family.",http://www.polomuseale.firenze.it/musei/?m=cerretoguidi,Cerreto Guidi,VIA PONTI MEDICEI,12,43.758964,10.878901,true,true,Limitata,Partly accessible,Musei statali,State museums,false,false,true,false,true,true,false,villacerreto@polomuseale.firenze.it,true,Treno fino ad Empoli poi bus PIUBUS,Train to Empoli and then PIUBUS bus,"+39 0571 55707
+39 0571 559534
fax +39 0571 55228","+39 0571 55707
+39 0571 559534
fax +39 0571 55228",http://www.firenzeturismo.it/it/informazioni-utili/gli-itinerari/2242-ville-e-parchi.html,http://www.firenzeturismo.it/en/informazioni-utili-2/il-territorio-2/2385-ville-e-parchi-medicei-en.html,"Lunedi'-sabato: 
1 ottobre-31 marzo 10-18,
1 aprile-30 settembre 9-18,
domenica tutto l'anno 10-19.
Chiuso: 2∞ e 3∞ lunedi' del mese, Capodanno, 1∞ maggio e Natale.","Monday-Saturday: 
October 1-March 31 10am-6pm,
April 1-September 30 9am-6pm,
All year long on Sunday 10am-7pm.
Closed on the 2nd and 3rd Monday of the month, January 1, May 1 and Christmas Day.",true,true,,,,,,,,,
Villa Bardini,Bardini Villa,Collezioni permanenti in posizione panoramica,Bardini Villa,http://www.bardinipeyron.it,Firenze,COSTA SAN GIORGIO,1,43.762998,11.255024,false,false,Accessibile,Partly accessible,Altri musei,Other museums,true,false,false,false,true,true,true,info@bardinipeyron.it,true,"Autobus ATAF 12 o 13 fino a Piazzale Galilei, poi a piedi per Via San Leonardo oppure 23 fino a Ponte alle Grazie e poi a piedi per Lungarno Torrigiani, Costa dei Magnoli e Costa San Giorgio.","ATAF bus 12 or 13 until Piazzale Galilei, then go on foot through Via San Leonardo or bus 23 until Ponte alle Grazie then go on foot through Lungarno Torrigiani, Costa dei Magnoli and Costa San Giorgio.","+39 055 2638599
+39 055 20066206","+39 055 2638599
+39 055 20066206",,,"Martedi'-domenica 10-19.
Chiuso: lunedi'.","Tuesday-Sunday 10am-7pm.
Closed: Monday.",true,false,,"Ä8,00 cumulativo Villa Bardini, Fondazione Roberto Capucci, Museo Annigoni e mostra;
Ä6,00 in assenza di mostre.","Ä8,00 combined ticket for Villa Bardini, Fondazione Roberto Capucci, Annigoni Museum and exhibition;
Ä6,00 without exhibitions.","La Villa e' accessibile a persone su sedia a ruote dal n. 4 di Costa San Giorgio, telefonando o avvisando il personale della biglietteria, in anticipo, per farsi aprire il cancello. 
Il giardino e' visitabile con accompagnatore. Il piano di calpestio (terra e ghiaia) risulta disagevole e vi sono vari dislivelli.","The villa is accessible to wheelchairs from Costa San Giorgio n. 4. Get in touch with the staff of the ticket office in advance, so that it can open the gate. The garden can be visited with an accompanying person. The path is made of gravel and earth, is uneven and with many rises and drops.",,,,
Fonte della Fata Morgana o Ninfeo di Villa Vecchietti,The Spring of Morgan Le Fay,Il Ninfeo voluto da Bernardo Vecchietti,The Spring of Morgan Le Fay,www.comune.bagno-a-ripoli.fi.it,Bagno a Ripoli,Via di Fattucchia,snc,43.731775,11.278916,false,false,,,Musei comunali,,false,false,false,false,false,false,false,roberta.tucci@comune.bagno-a-ripoli.fi.it,false,,,+39 055 6390356,+39 055 6390356,,,Aperto solo su prenotazione,Open only by appointment,false,false,,"Ä 2,50","Ä 2,50",,,,,,
Villa Medicea della Petraia,Medici Villa of Petraia,"I Medici, i Lorena e poi Vittorio Emanuele II amarono questa villa.","The Medicis, the Lorraine family and finally by the King of Italy Vittorio Emanuele II loved this villa.",http://www.polomuseale.firenze.it/musei/index.php?m=petraia,Firenze,via della Petraia,40,43.818624,11.234923,true,true,Limitata,Partly accessible,Musei statali,State museums,false,false,false,true,false,false,false,villapetraia@polomuseale.firenze.it,false,"Autobus ATAF nr 2 o 28, fermata Sestese 03","ATAF bus no. 2 or 28, bus stop Sestese 03""""",+39 055 452691,+39 055 452691,http://www.firenzeturismo.it/it/informazioni-utili/gli-itinerari/2242-ville-e-parchi.html,http://www.firenzeturismo.it/en/informazioni-utili-2/il-territorio-2/2385-ville-e-parchi-medicei-en.html,"Lunedi'-domenica: 
gennaio, febbraio, novembre, dicembre 8.15-16.30; 
marzo 8.15-17.30; 
aprile, maggio, settembre e ottobre 8.15-18.30;
giugno, luglio e agosto 8.15-19.30;
L'ultima entrata e' consentita mezz'ora prima dell'orario della chiusura.
Chiuso: 2∞ e 3∞ lunedi' del mese, Capodanno, 1∞ maggio, Natale.","Monday-Sunday:
January, February, November, December 8.15am-4.30pm;
March 8.15am-5.30pm;
April, May, September, October 8.15am-6.30pm;
June, July, August 8.15am-7.30pm.
Entry is permitted up to half an hour before closing time.
Closed: second and third Monday of the month, January 1st, May 1st, Christmas Day.",true,true,,Ingresso gratuito,Free entrance,"L'ingresso principale su strada non presenta barriere; percorrere con accompagnatore il percorso rettilineo in forte pendenza fino a raggiungere la villa. E' necessario accedere alla villa dall'ingresso posteriore, avvertendo i custodi (il portone e' generalmente chiuso). Si accede alla corte e da qui si visitano le sale del piano terra (presenza di soglie molto basse). E' presente il bagno per i disabili al piano terra della Villa. Il primo piano e' accessibile con montascale.","The main entrance is without barriers. Help is needed to go through the sloping straight path leading to the villa. It is necessary to access the villa from the entrance on the back side of the building, calling the guardians ahead (the main door is usually closed) to get to the courtyard and then the ground floor (presence of low thresholds). There is a toilet equipped for the disabled on the ground floor.  First floor is accessible with a stair lift.","Gli ambienti della Villa sono accessibili solo con visite accompagnate ogni ora a partire dalle 8.30.
Per ragioni tecniche l'ultima visita e' fissata 50 minuti prima della chiusura.
Per gruppi si consiglia la prenotazione.","You can enter the Villa with accompanied visits only, every hour starting from 8.30am.
Last one will be 50 minutes before closing time.
Reservation is suggested for groups.",,
Villa Corsini a Castello,Corsini Villa of Castello,"Splendida villa barocca, con un'interessante collezione archeologica, a due passi da Villa La Petraia","Beautiful villa, one of the most representative examples of Late Baroque architecture in Florence",http://www.polomuseale.firenze.it/musei/index.php?m=villacorsini,Firenze,VIA DELLA PETRAIA,38,43.816388,11.232312,true,,Accessibile,Fully accessible,Musei statali,State museums,false,false,false,false,false,true,false,villacorsini@polomuseale.firenze.it,false,"da Firenze:
Bus ATAF 2 o 28, fermata Sestese 03","from Florence:
ATAF bus 2 or 28, stop Sestese 03",+39 055 450752,+39 055 450752,,,"1 aprile-30 settembre:
1∞ e 3∞ venerdi' del mese e tutti i sabati 14-18;
2∞ e 4∞ domenica del mese 9-14.
1 ottobre-31 marzo:
2∞ e 4∞ domenica del mese 9-14.
Ingresso ogni ora (all'ora precisa), con visite accompagnate, ma non guidate.","April 1-September 30:
1st and 3rd Friday of the month and every Saturday 2pm-6pm;
2nd and 4th Sunday of the month 9am-2pm.
October 1-March 31:
2nd and 4th Sunday of the month 9am-2pm.
Entrance every hour (at the sharp hour), with accompanied but not guided visits.",true,false,,Ingresso gratuito,Free entrance,"L'accesso non presenta barriere. Si accede nella corte da cui si visita il piano terra. A destra del portone centrale c'e' una scalinata attrezzata con montascale per accedere al primo piano, visitabile. Non c'e' bagno per i disabili.","The access to the villa has no barriers and leads to the courtyard and the ground floor, where the visit starts. On the right-hand side of the main central door there is a staircase equipped with a stairlift to get to the first floor. No disabled toilets.",,,,
Villa Il Gioiello,Villa Il Gioiello,La casa degli ultimi anni di vita di Galileo Galilei,Villa Il Gioiello,http://www.msn.unifi.it/CMpro-v-p-1397.html,Firenze,VIA DEL PIAN DEI GIULLARI,42,43.747674,11.257738,false,,Limitata,Partly accessible,Altri musei,,false,false,false,false,false,false,false,,false,,,+39 055 2346760,+39 055 2346760,,,Apre solo in occasione di eventi speciali,Open only on particular events,false,false,,,,,,,,,
Villa di Careggi,Villa di Careggi,"La villa di Cosimo il Vecchio, sede dell'Accademia Platonica, dove vissero Lorenzo il Magnifico e Marsilio Ficino.","The villa of Cosimo the Elder, was the seat of the Platonic Academy and there lived Lorenzo the Magnificent and Marsilio Ficino.",,Firenze,VIALE GAETANO PIERACCINI,18,43.810369,11.249909,false,,,,Altri musei,Other museums,false,false,false,false,false,false,false,,false,Bus ATAF 14 direzione Ospedale Careggi/Tolentino.,"ATAF bus nr.  14, direction Ospedale Careggi/Tolentino.",,,http://www.firenzeturismo.it/it/informazioni-utili/gli-itinerari/2242-ville-e-parchi.html,,La villa ed il giardino sono chiusi per restauro.,Closed for restoration.,false,true,,,,,,,,,
Villa di Poggio a Caiano,Villa di Poggio a Caiano,"Una delle piu' famose e armoniose ville dei Medici, prediletta da Lorenzo il Magnifico.","One of the most renowned Medici villas, beloved by Lorenzo il Magnifico.",www.polomuseale.firenze.it,Poggio a Caiano,piazza dei Medici,14,43.816573,11.055343,true,,Accessibile,Fully accessible,Musei statali,State museums,true,false,false,true,false,true,false,"villapoggioacaiano@polomuseale.firenze.it
villamendicapoggio@polomuseale.firenze.it",true,"Da Firenze: autobus CAP o COPIT da Largo F.lli Alinari: fermata davanti alla villa.
Da Prato: autobus LAM MT azzurra direttrice sud","From Florence: Bus CAP from Largo Fratelli Alinari: bus-stop in front of the villa.
From Prato: bus LAM MT blue","+39 055 877012
+39 055 2388796
fax +39 055 877012","+39 055 877012
+39 055 2388796
fax +39 055 877012",http://www.polomuseale.firenze.it/musei/?m=poggiocaiano,http://www.polomuseale.firenze.it/en/musei/index.php?m=poggiocaiano,"Parco e giardino:  Ingresso fino a un'ora prima della chiusura.
novembre-febbraio 8.15-16.30; 
marzo 8.15-17.30; 
aprile, maggio, settembre 8.15-18.30; 
giugno-agosto 8.15-19.30; 
ottobre 8.15-18.30.
Appartamenti monumentali: ingresso ogni ora a partire dalle 8.30. 
Ultimo ingresso: 
gennaio, febbraio, novembre e dicembre 15.30; 
marzo 16.00; 
aprile, maggio, settembre e ottobre 17.30; 
giugno, luglio e agosto 18.30.
Con la fine dell'ora legale inizia l'orario di novembre. Chiusura secondo e terzo lunedi' del mese, 1∞ gennaio, 1∞ maggio, 25 dicembre. Alla mezz'ora visite accompagnate nella villa. 
La villa ospita il Museo della Natura Morta visitabile su prenotazione (Tel +39 055 877012) ogni ora a partire dalle 9.00. Non si effettua la visita delle 13.00. 
Ultimo ingresso: 
gennaio, febbraio, novembre e dicembre 15.00; 
marzo 16.00; 
aprile, maggio, settembre e ottobre 17.00;
giugno, luglio e agosto 18.00.","Park and garden: last entrance till 1 hour in advance. 
November-February 8.15 a.m.-4.30 p.m.; 
March: 8.15 a.m.-5.30 p.m.; 
April, May, September, October (till the end of the legal hour): 8.15 a.m.-6.30 p.m. 
June-August: 8.15 a.m.-7.30 p.m. 
Interior of the Villa: entrance each hour from 8.30 a.m. 
Last entrance: 
November-February 3.30 p.m.; 
March 4.00 p.m.; 
April, May, September, October 5.30 p.m.; 
June-August 6.30 p.m. 
Closed the second and the third Monday of the month, January 1st, May 1st, 25 December. At the half hour guided tours in the villa.  
The villa hosts the Museo della Natura Morta (still-life) that can be visited booking in advance (Tel +39 055 877012) every hour from 9.00 a.m. excepted at 1.00 p.m.
Last entrance: 
November-February 3.00 p.m.; 
March 4.00 p.m.; 
April, May, September, October 5.00 p.m.; 
June-August 6.00 p.m.",true,true,,Ingresso gratuito,Free entrance,,,"Visite di gruppo su prenotazione.
Per il Museo della Natura Morta gruppi di massimo 45 persone.","Group visits by reservation.
For the Natura Morta Museum maximum 45 persons per group.",,
Giardino di Villa Le Balze,Villa Le Balze Gardens,La villa neo-rinascimentale che si affaccia su Firenze e' ora sede della Georgetown University.,"The villa, with the beautiful gardens overlooking Florence, is now property of the Georgetown University.",http://villalebalze.georgetown.edu/visit/,Fiesole,VIA VECCHIA FIESOLANA,26,43.805886,11.288487,false,,Limitata,Partly accessible,Altri musei,Other museums,false,false,false,false,false,false,false,info@villalebalze.org,false,Bus ATAF nr. 7 direzione Fiesole,Bus ATAF no. 7 direction Fiesole,+39 055 59208,+39 055 59208,,,"Solo previo appuntamento 9.00-12.30, 14.00-16.00 lunedi'-venerdi'. Ultima entrata alle 15.30. Chiusura sabato, domenica, festivi e tutto il mese di agosto.","Only by appointment. Monday-Friday: 9am-12.30pm/2pm-4pm. Last entrance 3.30pm. Closed on Saturday, Sunday, holidays and the whole month of August.",false,false,,Gradita una donazione per la manutenzione del giardino.,Free donation required for the maintenance of the garden.,,,La villa e' sede della Georgetown University di Washington,The villa hosts the Georgetown University from Washington D.C.,,
Villa di Poggio Reale,Villa di Poggio Reale,"La splendida villa e' oggi luogo di mostre d'arte, convegni ed e' circondata da vigneti.","One of the wine museums of the area is housed in this beautiful villa, surrounded by vineyards.",www.villadipoggioreale.webnode.it,Rufina,viale Duca della Vittoria,7,43.826129,11.488239,false,,Accessibile,Fully accessible,Musei comunali,City museums,false,false,false,false,true,true,false,a.rombenchi@comune.rufina.fi.it,false,in treno da Firenze,by train,+39 0558396533,+39 0558396533,www.villadipoggioreale.webnode.it,www.villadipoggioreale.webnode.it,"Orario di apertura del museo e della villa: giovedi' e venerdi' 15-18,  
sabato e domenica 9-13
Chiuso novembre, dicembre e gennaio.","Museum and villa opening hours: Thursday and Friday 3pm-6pm, Saturday and Sunday 9am-1pm.
Closed on November, December and January",false,false,,"Ä 3,00","Ä 3,00",,,Nella villa si visita il Museo della Vite e del Vino,Vine and Wine Museum is housed in the villa,,
Villa Medicea di Castello,Medici Villa of Castello,"Una delle piu' antiche ville medicee, prediletta da Cosimo I",Medici Villa of Castello,http://www.polomuseale.firenze.it/musei/?m=villacastello,Firenze,VIA DI CASTELLO,47,43.820728,11.226150,true,,Limitata,Partly accessible,Musei statali,State museums,false,false,false,true,false,false,false,villapetraia@polomuseale.firenze.it,false,"Bus ATAF 2 o 28, fermata Sestese 05","Bus ATAF 2 or 28, bus stop Sestese 05""""","+39 055 452691
+39  055 2001278",+39 055 452691,http://www.accademiadellacrusca.it/it/laccademia/informazioni-utili/visita-crusca,,,,true,true,,Ingresso gratuito,Free entrance,,,"La Villa Medicea di Castello, sede dell'Accademia della Crusca, e' visitabile con guida l'ultima domenica del mese.",The Medici Villa of Castello is the seat of the Accademia della Crusca. It can be visited with guides on the last Sunday of the month.,,
Palazzo Mediceo di Seravezza,Medici Palace in Seravezza,La residenza preferita di Cristina di Lorena,Cristina di Lorena's favourite Palace,www.terremedicee.it,Seravezza,Viale Leonetto Amadei,358,43.993771,10.229470,false,,Limitata,Partly accessible,Altri musei,Other museums,false,false,false,false,false,true,true,"info@terremedicee.it
segreteri@terremedicee.it",false,"auto: A12 , uscita Versilia, seguire le indicazioni per Palazzo Mediceo- Seravezza
treno: fermata Forte dei Marmi- Seravezza- Querceta
autobus: da Querceta a Seravezza - ogni ora a partire dalle 6.55. Ultima corsa 20.55 (fermata Piazza Alessandrini di fronte alla stazione ferroviaria)","car: A12, exit Versilia, follow the directions for Palazzo Medici- Seravezza
train: stop Forte dei Marmi - Seravezza- Querceta 
bus: from Querceta to Seravezza - every hour from 6.55am to 8.55pm. (stop at Piazza Alessandrini in front of the railway station)","+39 0584 757443
fax +39 0584 758161","+39 0584 757443
fax +39 0584 758161",www.palazzomediceo.it,www.palazzomediceo.it,L'apertura del Palazzo segue gli orari di apertura delle mostre in corso. Consultare il sito o chiamare +39 0584 757443.,The Palace has the same timetable of the exhibitions. Visit the website or call 0584 757443,false,true,,"intero 6Ä, ridotto 4Ä, biglietto famiglia 12 Ä(2 adulti+2 ragazzi fino a 14 anni), gruppi scuola: 2 Äcon prenotazione
visite guidate: 
per gruppi (min 10 persone) 4Ä+biglietto ingresso ridotto
per gruppi (meno di 10 persone) 40 Ä+ biglietto di ingresso
per scolaresche 3 Ä+ biglietto ingresso gratuito","6‚Ç¨, 4Äconcession
family ticket 12Ä
guided tours:
for groups (more than 10 people) 3Ä+ concession
for groups (less than 10 people)3Ä+ ticket
for school groups 3‚Ç¨",,,"Aree visitabili
piano terra Biblioteca Comunale Sirio Giannini e Archivio Storico e Antiquarium (su prenotazione)
1∞piano mostre temporanee, 
2∞ piano Museo del Lavoro e delle Tradizioni Popolari della Versilia Storica","open areas:
ground floor Biblioteca Comunale Sirio Giannini, Archivio Storico and Antiquarium (by reservation),
1st floor temporary exhibition 
2nd floor Museo del Lavoro e delle Tradizioni Popolari della versilia Storica",Durante tutto l'anno e' possibile prenotare laboratori didattici o visite guidate ‚Äúspeciali‚Äù con i personaggi delle fiabe per i piu' piccini o con i personaggi medicei.,Workshops and guided visits for children can be booked all year round
Villa del Poggio Imperiale,Villa del Poggio Imperiale,"Uno scenografico viale alberato conduce alla villa medicea, oggi sede in una scuola prestigiosa.","A picturesque tree-lined boulevard leads to the Medici Villa, that now houses a prestigious school.",www.poggio-imperiale.it,Firenze,PIAZZALE DEL POGGIO IMPERIALE,1,43.750206,11.247143,true,,Accessibile,Fully accessible,Musei statali,State museums,false,false,false,false,false,true,false,info@poggio-imperiale.it,false,Bus ATAF nr. 11,ATAF bus no. 11,+39 055 226171,+39 055 226171,,,"Visite guidate domenica ore 10.00 e ore 11.00,
in settimana su appuntamento
Chiuso: agosto","Guided tours on Sunday 10.00am and 11.00am,
during the week by appointment
Closed: August",false,true,,Ingresso gratuito,Free entrance,,,presente parcheggio,there is a car park,,
Villa Caruso Bellosguardo,Villa Caruso Bellosguardo,La villa in posizione panoramica fu voluta dal tenore Enrico Caruso come residenza.,Villa Caruso Bellosguardo owned by tenor Enrico Caruso,www.museoenricocaruso.it,Lastra a Signa,VIA DI BELLOSGUARDO,54,43.770978,11.090338,true,,Accessibile,Fully accessible,Musei comunali,City museums,false,false,false,false,false,true,false,info@museoenricocaruso.it,false,auto propria,own car,+39 055 8721783,+39 055 8721783,,,"1 marzo- 31 maggio:
mercoledi' e giovedi': 9-13; venerdi', sabato, domenica e festivi: 9-13 / 15-18;
1 giugno-31 agosto:
mercoledi' e giovedi': 9-13; venerdi', sabato, domenica e festivi: 9-13 / 16-19;
1 settembre-31 ottobre:
mercoledi' e giovedi': 9-13; venerdi', sabato, domenica e festivi: 9-13 / 15-18;
1 novembre-28 febbraio:
sabato e domenica: 9-13 / 14-17.
Tutti i lunedi' e martedi' il parco e il museo sono chiusi al pubblico.","March 1st-May 31st:
Wednesday & Thursday: 9am-1pm; Friday, Saturday, Sunday and holidays: 9am-1pm / 3pm-6pm;
June 1st-August 31st:
Wednesday & Thursday: 9am-1pm; Friday, Saturday, Sunday and holidays: 9am-1pm / 4pm-7pm;
September 1st-October 31st:
Wednesday & Thursday: 9am-1pm; Friday, Saturday, Sunday and holidays: 9am-1pm / 3pm-6pm;
November 1st-February 28th: 
Saturday and Sunday: 9am-1pm / 2pm-5pm.
On Mondays and on Tuesdays park and museums are closed.",true,false,,"Ä 5,00","Ä 5,00",,,parcheggio esterno,car park outside,,
Villa di Artimino,Villa di Artimino,La Ferdinanda di Artimino e' conosciuta anche come  villa dei cento camini  per i comignoli di forme diverse che svettano sul tetto.,The splendid  La Ferdinanda  Medici Villa is also known as the  villa of the 100 chimneys  due to the chimneys that make it unique.,www.artimino.com,Carmignano,Viale Papa Giovanni XXIII,1,43.782169,11.043994,true,,Accessibile,Fully accessible,Altri musei,Other museums,false,false,false,false,false,true,false,villa@artimino.com,false,Mezzi propri,By car only,+39 055 8751426,+39 055 8751426,,,Aperta su appuntamento dalle 9 alle 19 tutti i giorni,Open by appointment only every day from 9am to 7pm,false,true,,Ingresso gratuito su appuntamento,Free entrance by appointment,,,,,,
Villa Favard,Villa Favard,Parco e villa della baronessa Favard,Villa Favard,http://www.conservatorio.firenze.it/it/,Firenze,VIA DI ROCCA TEDALDA,451,43.768462,11.315859,true,,Accessibile,Fully accessible,Altri musei,Other museums,false,false,false,false,false,true,false,didattica@conservatorio.firenze.it,false,Bus ATAF nr. 14A direzione Girone fermata Rocca Tedalda 03,"ATAF bus no. 14A direction Girone, bus stop Rocca Tedalda 03""""",+39 055 650271,+39 055 650271,,,"Orario parco: periodo estivo ore 8.00-20.00; periodo invernale ore 9.00-
18.00","Park opening hours, every day: summer 8am-8pm, winter 9am-6pm",false,false,,Ingresso gratuito,Free entrance,,,La villa e' sede distaccata del Conservatorio Cherubini,The villa is the seat of the Conservatorio Cherubini,,
Villa La Magia,Villa La Magia,Villa principesca situata in posizione strategica alle pendici del Montalbano,Villa La Magia,www.villalamagia.com,Quarrata,via Vecchia Fiorentina I tronco,63,43.849681,10.975109,false,,Accessibile,Fully accessible,Altri musei,Other museums,false,false,false,false,false,true,true,info@villalamagia.com,false,,,+39 05737710,+39 05737710,,,,,false,true,,Ä8; ridotto Ä5,8 euros; concessions 5 euros,,,Visite guidate la terza domenica di ogni mese (ottobre-maggio). Da giugno a settembre ogni domenica,,Laboratori di affresco,
Villa Medici a Fiesole,Villa Medici a Fiesole,Villa Medici a Fiesole,Villa Medici a Fiesole,www.villamedicifiesole.it,Fiesole,VIA FRA' GIOVANNI DA FIESOLE DETTO IL BEATO ANGELICO,2,43.804757,11.292391,false,,Limitata,,,,false,false,false,false,false,false,false,annamarchimazzini@gmail.com,true,Autobus ATAF 7,ATAF bus 7,+39 055 2398994,+39 055 2398994,,,"Su appuntamento 9-13
chiuso sabato, domenica e festivi",Only by apppointment 9-13 closed Sat Sun and holidays,false,true,,"Ä 15,00","Ä 15,00",,,Si visita solo il giardino,Only the garden can be visited,,
Villa I Tatti,Villa I Tatti,"La villa alle pendici di Fiesole, con il giardino e la collezione d'arte, dove visse Bernard Berenson, e' oggi sede della Harvard University","The villa at the slopes of Fiesole, with the garden and the art collection, where Bernard Berenson lived, is the seat of the Harvard University today.",http://itatti.harvard.edu/,Fiesole,VIA DI VINCIGLIATA,26,43.786628,11.309962,false,,Nessuna,No accessibility,Altri musei,Other museums,false,false,false,false,false,false,false,,false,,,+39 055 603 251,+39 055 603 251,,,tour il martedi' e mercoledi' pomeriggio,"on Tuesday and Wednesday afternoons. Visits are not possible during August, the first week of September, over the Christmas/New Year break or on days when I Tatti is closed.",false,false,,,,,,Le visite sono riservate a gruppi non superiori a 8 pax. Non si accettano bambini sotto i 12 anni,"Please note that because I Tatti can accommodate no more than eight visitors at a time they cannot process requests from large groups, tours organized by commercial tour operators, or groups with children under the age of 12.",,
Villa del Trebbio,Villa del Trebbio,"Una delle prime residenze medicee, dall'aspetto fortificato",Villa del Trebbio,,San Piero a Sieve,LOCALITA' TREBBIO,28,43.952533,11.286929,false,,Limitata,Partly accessible,Altri musei,Other museums,false,false,false,false,false,false,false,,false,,,"+39 055 848088 
+39 339 3029697","+39 055 848088 
+39 339 3029697",,,Aperto solo per gruppi e su prenotazione,Only open for groups and by appointment,false,true,,,,,,,,,
Villa di Cafaggiolo,Villa di Cafaggiolo,"Primo esempio di domus rustica, villa medicea nella terra di origine della famiglia Medici.",Villa di Cafaggiolo,www.castellodicafaggiolo.com,Barberino di Mugello,VIA NAZIONALE,18,43.965036,11.295541,false,,Limitata,Partly accessible,Altri musei,Other museums,false,false,false,false,false,false,false,info@castellodicafaggiolo.com,false,,,+39 055 8479396,+39 055 8479396,,,Chiuso per lavori di ristrutturazione,Closed for renovation,false,true,,,,,,,,,
Villa Nieuwenkamp - Riposo dei Vescovi,Villa Nieuwenkamp - Riposo dei Vescovi,"La villa dove sostavano i Vescovi fiesolani durante il loro viaggio verso Firenze, trasformata poi nella residenza dell'artista olandese Nieuwenkamp","The villa where bishops from Fiesole used to stop on their way to Florence, later became the residence of the Dutch artist Nieuwenkamp",,Fiesole,VIA VECCHIA FIESOLANA,62,43.803749,11.287047,false,,Limitata,Partly accessible,Altri musei,Other museums,false,false,false,false,false,false,false,,false,,,+39 055 5961311 Informazioni Turistiche,+39 055 5961311 Tourist Information,,,,,false,false,,,,,,Aperta solo con le visite organizzate dal Comune di Fiesole,open only with the visits organized by the municipality of Fiesole,,
Villa La Quiete,Villa La Quiete,Alle pendici delle colline di Careggi la villa preferita dalle granduchesse.,"At the slopes of Careggi, the favourite villa of the Grand Duchesses: from Christina of Lorraine to Eleonora Ramirez de Montalvo,  from Vittoria della Rovere to the Palatine Electress.",,Firenze,VIA DI BOLDRONE,2,43.813620,11.241656,true,,Limitata,Partly accessible,Altri musei,Other museums,false,false,false,false,false,false,false,,false,,,"+39 055454016
+39 055454031","+39 055454016
+39 055454031",,,su appuntamento,only by appointment,false,false,,,,,,,,,
Villa dell'Ombrellino,Villa dell'Ombrellino,Nella terrazza giardino che guarda verso Firenze una sorta di parasole in ferro a forma di ombrello cinese ha dato il nome all'intera villa,"The villa is named after a parasol in the garden, having the form of a Chinese umbrella",,Firenze,PIAZZA DI BELLOSGUARDO,11,43.764111,11.231725,false,,,,Altri musei,Other museums,false,false,false,false,false,false,false,,false,,,+39 055 2335492 - 055 2335453,+39 055 2335492 - 055 2335453,,,,,false,false,,,,,,Utilizzata come centro congressi,Used as a meeting venue,,
Villa Salviati,Villa Salviati,Una grande villa fortificata sede degli Archivi Storici dell'Unione Europea.,Villa Salviati,http://www.eui.eu/ServicesAndAdmin/LogisticsService/EUICampus/VillaSalviati.aspx,Firenze,VIA BOLOGNESE,156,43.804394,11.271270,false,,,,Altri musei,,false,false,false,false,false,false,false,,false,,,+39 055 4685620,+39 055 4685620,,,,,false,false,,,,,,La villa ed il giardino all'italiana sono visitabili in occasione della Festa dell'Europa. Il parco romantico e' regolarmente aperto,,,
